"Annotation","mean_group1","sd_group1","mean_group2","sd_group2","p.val","p.adj"
"UniRef50_Q1MQP9: 10 kDa chaperonin",242.171632961156,541.512233523275,871.355071974386,530.730880974108,0,0
"UniRef50_Q1MQP9: 10 kDa chaperonin|g__Microbacterium.s__Microbacterium_testaceum",242.171632961156,541.512233523275,871.355071974386,530.730880974108,0,0
"UniRef50_Q6A6M8: 50S ribosomal protein L23",264.621300809417,591.711216904276,952.130973365197,579.930417059305,0,0
"UniRef50_Q6A6M8: 50S ribosomal protein L23|g__Microbacterium.s__Microbacterium_testaceum",246.304566825755,550.753754591028,886.225735565403,539.788406020066,0,0
"UniRef50_Q83IB4: 30S ribosomal protein S14",168.174613707429,376.04986833958,605.107216066078,368.562823808272,0,0
"UniRef50_S5TF72: Muconolactone delta-isomerase",302.714935414901,676.891173392177,1089.19525838305,663.414465155545,0,0
"UniRef50_S5TF72: Muconolactone delta-isomerase|g__Corynebacterium.s__Corynebacterium_maris",302.714935414901,676.891173392177,1089.19525838305,663.414465155545,0,0
"UniRef50_E8NBE7: Plasmid maintenance system antidote protein",134.54016402209,300.840952457364,484.087474950946,294.851295772109,8.55328275851152e-277,4.28262867718672e-273
"UniRef50_E8NBE7: Plasmid maintenance system antidote protein|g__Microbacterium.s__Microbacterium_testaceum",134.54016402209,300.840952457364,484.087474950946,294.851295772109,8.55328275851152e-277,4.28262867718672e-273
"UniRef50_Q4K9S7: NADH-quinone oxidoreductase subunit K|g__Providencia.s__Providencia_rettgeri",134.54016402209,300.840952457364,484.087474950946,294.851295772109,8.55328275851152e-277,4.28262867718672e-273
"UniRef50_Q83IB4: 30S ribosomal protein S14|g__Microbacterium.s__Microbacterium_testaceum",134.54016402209,300.840952457364,484.087474950946,294.851295772109,8.55328275851152e-277,4.28262867718672e-273
"UniRef50_Q839G5: 30S ribosomal protein S10",122.702564703155,274.37127568982,441.494739871157,268.908622642575,1.24849293367533e-252,5.28948040831048e-249
"UniRef50_Q839G5: 30S ribosomal protein S10|g__Microbacterium.s__Microbacterium_testaceum",122.702564703155,274.37127568982,441.494739871157,268.908622642575,1.24849293367533e-252,5.28948040831048e-249
"UniRef50_F0Q422: Antibiotic biosynthesis monooxygenase",112.116829632638,250.700852480342,403.406323686793,245.709470739285,5.09273677326139e-231,1.86995108840612e-227
"UniRef50_F0Q422: Antibiotic biosynthesis monooxygenase|g__Acidovorax.s__Acidovorax_avenae",112.116829632638,250.700852480342,403.406323686793,245.709470739285,5.09273677326139e-231,1.86995108840612e-227
"UniRef50_B0TZX5",100.905083595222,225.630626194214,363.065464371703,221.138385435291,3.95995834512536e-208,1.09051312887235e-204
"UniRef50_B0TZX5|g__Microbacterium.s__Microbacterium_testaceum",100.905083595222,225.630626194214,363.065464371703,221.138385435291,3.95995834512536e-208,1.09051312887235e-204
"UniRef50_E8NBJ3",100.905083595222,225.630626194214,363.065464371703,221.138385435291,3.95995834512536e-208,1.09051312887235e-204
"UniRef50_E8NBJ3|g__Microbacterium.s__Microbacterium_testaceum",100.905083595222,225.630626194214,363.065464371703,221.138385435291,3.95995834512536e-208,1.09051312887235e-204
"UniRef50_F0Q9A1|g__Acidovorax.s__Acidovorax_avenae",100.905083595222,225.630626194214,363.065464371703,221.138385435291,3.95995834512536e-208,1.09051312887235e-204
"UniRef50_A9WTM5: DNA-binding protein HU",86.4901167060135,193.397780336536,311.199131566039,189.547286251725,1.0777371876647e-178,2.69811504931858e-175
"UniRef50_A9WTM5: DNA-binding protein HU|g__Microbacterium.s__Microbacterium_testaceum",86.4901167060135,193.397780336536,311.199131566039,189.547286251725,1.0777371876647e-178,2.69811504931858e-175
"UniRef50_A4SCR3: 30S ribosomal protein S19",67.3876364633934,150.683335975191,242.466708849266,147.683274170746,1.11958424614185e-139,2.68101484890238e-136
"UniRef50_A1B8V2: Chorismate mutase",67.2700031683537,150.420299931065,242.043453792459,147.425475098473,1.94700617712489e-139,3.35110185054711e-136
"UniRef50_A1B8V2: Chorismate mutase|g__Microbacterium.s__Microbacterium_testaceum",67.2700031683537,150.420299931065,242.043453792459,147.425475098473,1.94700617712489e-139,3.35110185054711e-136
"UniRef50_K8W200",67.2700031683537,150.420299931065,242.043453792459,147.425475098473,1.94700617712489e-139,3.35110185054711e-136
"UniRef50_K8W200|g__Providencia.s__Providencia_rettgeri",67.2700031683537,150.420299931065,242.043453792459,147.425475098473,1.94700617712489e-139,3.35110185054711e-136
"UniRef50_M1SGI1: Histone acetyltransferase HPA2",67.2700031683537,150.420299931065,242.043453792459,147.425475098473,1.94700617712489e-139,3.35110185054711e-136
"UniRef50_M1SGI1: Histone acetyltransferase HPA2|g__Providencia.s__Providencia_rettgeri",67.2700031683537,150.420299931065,242.043453792459,147.425475098473,1.94700617712489e-139,3.35110185054711e-136
"UniRef50_Q03282: Urease subunit gamma|g__Providencia.s__Providencia_rettgeri",67.2700031683537,150.420299931065,242.043453792459,147.425475098473,1.94700617712489e-139,3.35110185054711e-136
"UniRef50_Q6ADZ8",67.2700031683537,150.420299931065,242.043453792459,147.425475098473,1.94700617712489e-139,3.35110185054711e-136
"UniRef50_Q6ADZ8|g__Microbacterium.s__Microbacterium_testaceum",67.2700031683537,150.420299931065,242.043453792459,147.425475098473,1.94700617712489e-139,3.35110185054711e-136
"UniRef50_Q0SCS3: Phenylacetic acid degradation ring hydroxlyating complex protein 2",64.8668779452907,145.046748573852,233.396795527404,142.158909600556,1.58055907447515e-134,2.63795309529902e-131
"UniRef50_Q0SCS3: Phenylacetic acid degradation ring hydroxlyating complex protein 2|g__Microbacterium.s__Microbacterium_testaceum",64.446961772783,144.107787467273,231.88589979513,141.238642939076,1.1394755513058e-133,1.84584985115499e-130
"UniRef50_A4SCR3: 30S ribosomal protein S19|g__Microbacterium.s__Microbacterium_testaceum",59.6257312153583,133.327188205672,214.53868349237,130.672682302672,8.07682147850526e-124,1.27099170449038e-120
"UniRef50_A9WSU6: 50S ribosomal protein L24",52.0489486058976,116.38498724018,187.276745852218,114.067795677023,2.45922101769596e-108,3.66071664842272e-105
"UniRef50_A9WSU6: 50S ribosomal protein L24|g__Microbacterium.s__Microbacterium_testaceum",52.0489486058976,116.38498724018,187.276745852218,114.067795677023,2.45922101769596e-108,3.66071664842272e-105
"UniRef50_S5URZ2",50.4525417976108,112.815313097107,181.532732185851,110.569192717645,4.50493036174364e-105,6.05165974472572e-102
"UniRef50_S5URZ2|g__Providencia.s__Providencia_rettgeri",50.4525417976108,112.815313097107,181.532732185851,110.569192717645,4.50493036174364e-105,6.05165974472572e-102
"UniRef50_V6JY82",50.4525417976108,112.815313097107,181.532732185851,110.569192717645,4.50493036174364e-105,6.05165974472572e-102
"UniRef50_V6JY82|g__Microbacterium.s__Microbacterium_testaceum",50.4525417976108,112.815313097107,181.532732185851,110.569192717645,4.50493036174364e-105,6.05165974472572e-102
"UniRef50_D1BC76: Transcriptional regulator WhiB",48.0500473160761,107.443172120828,172.888343384907,105.304009520384,3.6690504908724e-100,4.69954171827393e-97
"UniRef50_D1BC76: Transcriptional regulator WhiB|g__Microbacterium.s__Microbacterium_testaceum",48.0500473160761,107.443172120828,172.888343384907,105.304009520384,3.6690504908724e-100,4.69954171827393e-97
"UniRef50_E8NFT7|g__Microbacterium.s__Microbacterium_testaceum",44.4431518861323,99.3779087517397,159.910412862934,97.3993232212148,8.67635480002195e-93,1.08606271209275e-89
"UniRef50_D5UGC2: Small multidrug resistance protein",42.0438111122394,94.0128196801283,151.277371382547,92.1410515272319,6.98595953453742e-88,8.01595194341079e-85
"UniRef50_D5UGC2: Small multidrug resistance protein|g__Microbacterium.s__Microbacterium_testaceum",42.0438111122394,94.0128196801283,151.277371382547,92.1410515272319,6.98595953453742e-88,8.01595194341079e-85
"UniRef50_D8HNZ2",42.0438111122394,94.0128196801283,151.277371382547,92.1410515272319,6.98595953453742e-88,8.01595194341079e-85
"UniRef50_D8HNZ2|g__Microbacterium.s__Microbacterium_testaceum",42.0438111122394,94.0128196801283,151.277371382547,92.1410515272319,6.98595953453742e-88,8.01595194341079e-85
"UniRef50_A1TXP0: Transposase IS3/IS911 family protein",33.6350804268679,75.2103262631493,121.022010579243,73.7129103368183,1.10558624508725e-70,1.12763654853093e-67
"UniRef50_A1TXP0: Transposase IS3/IS911 family protein|g__Providencia.s__Providencia_rettgeri",33.6350804268679,75.2103262631493,121.022010579243,73.7129103368183,1.10558624508725e-70,1.12763654853093e-67
"UniRef50_E8NEX0|g__Microbacterium.s__Microbacterium_testaceum",33.6350804268679,75.2103262631493,121.022010579243,73.7129103368183,1.10558624508725e-70,1.12763654853093e-67
"UniRef50_M1NJ97: Pterin-4-alpha-carbinolamine dehydratase",33.6350804268679,75.2103262631493,121.022010579243,73.7129103368183,1.10558624508725e-70,1.12763654853093e-67
"UniRef50_M1NJ97: Pterin-4-alpha-carbinolamine dehydratase|g__Corynebacterium.s__Corynebacterium_maris",33.6350804268679,75.2103262631493,121.022010579243,73.7129103368183,1.10558624508725e-70,1.12763654853093e-67
"UniRef50_Q83IB4: 30S ribosomal protein S14|g__Corynebacterium.s__Corynebacterium_maris",33.6350804268679,75.2103262631493,121.022010579243,73.7129103368183,1.10558624508725e-70,1.12763654853093e-67
"UniRef50_B0JY40: 30S ribosomal protein S13|g__Microbacterium.s__Microbacterium_testaceum",32.4016653681541,72.4523263473932,116.584073509082,71.0098214047511,3.69349707231444e-68,3.69866796821568e-65
"UniRef50_M5B6R1: Transcriptional regulator, PadR family|g__Microbacterium.s__Microbacterium_testaceum",30.8896202392858,69.0712906541964,111.143600667637,67.6961011580632,4.59038761382816e-65,4.51472818940738e-62
"UniRef50_P9WL26|g__Microbacterium.s__Microbacterium_testaceum",29.4467989931554,65.8450442684679,105.952201512436,64.5340884083298,4.12165240682873e-62,3.98260087036677e-59
"UniRef50_B1VIZ8: 30S ribosomal protein S6",28.8300914637985,64.4660443105899,103.733232977356,63.1825439422962,7.5426775921887e-61,7.04115345330470e-58
"UniRef50_B1VIZ8: 30S ribosomal protein S6|g__Corynebacterium.s__Corynebacterium_maris",28.8300914637985,64.4660443105899,103.733232977356,63.1825439422962,7.5426775921887e-61,7.04115345330470e-58
"UniRef50_P00215: Ferredoxin|g__Microbacterium.s__Microbacterium_testaceum",28.4361933793358,63.5852614175244,102.315952639684,62.3192971828608,4.82969924679455e-60,4.43342242359506e-57
"UniRef50_M9V9Z8: Fe-S cluster assembly PaaD-like protein|g__Microbacterium.s__Microbacterium_testaceum",26.9080643414943,60.1682610105195,96.8176084633948,58.9703282694546,6.49721746903483e-57,5.68011502447668e-54
"UniRef50_Q5SGY6: UPF0145 protein TTHA1944",26.9080643414943,60.1682610105195,96.8176084633948,58.9703282694546,6.49721746903483e-57,5.68011502447668e-54
"UniRef50_Q5SGY6: UPF0145 protein TTHA1944|g__Microbacterium.s__Microbacterium_testaceum",26.9080643414943,60.1682610105195,96.8176084633948,58.9703282694546,6.49721746903483e-57,5.68011502447668e-54
"UniRef50_Q2LQB0: 50S ribosomal protein L14",26.6862010088926,59.6721595171074,96.0193244621525,58.4841040138399,1.8494488900727e-56,1.56710917720821e-53
"UniRef50_Q2LQB0: 50S ribosomal protein L14|g__Microbacterium.s__Microbacterium_testaceum",26.6862010088926,59.6721595171074,96.0193244621525,58.4841040138399,1.8494488900727e-56,1.56710917720821e-53
"UniRef50_Q01WB8: 30S ribosomal protein S11|g__Microbacterium.s__Microbacterium_testaceum",26.5106971786256,59.2797210223188,95.38784607311,58.0994788564133,4.23093293037822e-56,3.53071353040062e-53
"UniRef50_B0RC19|g__Microbacterium.s__Microbacterium_testaceum",25.2261920561144,56.4074802509369,90.7660824099117,55.2844235712408,1.80764958096737e-53,1.48596889508866e-50
"UniRef50_B4ETB9: UPF0265 protein PMI0851",22.4233343894512,50.1400999770217,80.681151264153,49.1418250328242,9.98537031682086e-48,7.97049624550061e-45
"UniRef50_B4ETB9: UPF0265 protein PMI0851|g__Providencia.s__Providencia_rettgeri",22.4233343894512,50.1400999770217,80.681151264153,49.1418250328242,9.98537031682086e-48,7.97049624550061e-45
"UniRef50_Q6MSN9: 30S ribosomal protein S8|g__Microbacterium.s__Microbacterium_testaceum",21.5734101799821,48.2396116689259,77.6230483738217,47.2791748993747,5.51086645672894e-46,4.336028454818e-43
"UniRef50_B0RWT7: Thioredoxin",21.4746991307933,48.0188870528094,77.2678772403621,47.06284484677,8.78093568643918e-46,6.71704992780571e-43
"UniRef50_B0RWT7: Thioredoxin|g__Microbacterium.s__Microbacterium_testaceum",21.4746991307933,48.0188870528094,77.2678772403621,47.06284484677,8.78093568643918e-46,6.71704992780571e-43
"UniRef50_A9WMD0: Succinate dehydrogenase membrane anchor subunit",20.9142852828427,46.7657635932598,75.2514583772383,45.8346707142506,1.23669502880351e-44,9.2045205542447e-42
"UniRef50_A9WMD0: Succinate dehydrogenase membrane anchor subunit|g__Microbacterium.s__Microbacterium_testaceum",20.9142852828427,46.7657635932598,75.2514583772383,45.8346707142506,1.23669502880351e-44,9.2045205542447e-42
"UniRef50_M9VFA7|g__Microbacterium.s__Microbacterium_testaceum",20.5683235545356,45.9921696511518,74.0066573120459,45.0764788046424,6.33107283324155e-44,4.64928664581926e-41
"UniRef50_Q6ABZ4|g__Microbacterium.s__Microbacterium_testaceum",20.3996001956985,45.6148927513999,73.3995756622027,44.7067133792637,1.40403222307036e-43,1.01749845723745e-40
"UniRef50_Q1IL24: Plasmid maintenance system killer|g__Microbacterium.s__Microbacterium_testaceum",20.1810482561208,45.1261957578896,72.6132063475461,44.227746202091,3.9395845436989e-43,2.81792854432863e-40
"UniRef50_A1TQR6",19.9992370105701,44.7196534537645,71.959033317388,43.8292980381082,9.29427907671258e-43,6.47975960389999e-40
"UniRef50_A1TQR6|g__Acidovorax.s__Acidovorax_avenae",19.9992370105701,44.7196534537645,71.959033317388,43.8292980381082,9.29427907671258e-43,6.47975960389999e-40
"UniRef50_Q2JFI6: 50S ribosomal protein L7/L12",19.6904890324364,44.0292719867419,70.8481306347779,43.1526618671816,3.99277099107323e-42,2.71493639352272e-39
"UniRef50_Q2JFI6: 50S ribosomal protein L7/L12|g__Microbacterium.s__Microbacterium_testaceum",19.6904890324364,44.0292719867419,70.8481306347779,43.1526618671816,3.99277099107323e-42,2.71493639352272e-39
"UniRef50_Q1MPQ8: 50S ribosomal protein L22",19.2373012443076,43.0159132859131,69.2175206706198,42.1594788461178,3.39295387854744e-41,2.25149061167177e-38
"UniRef50_Q1MPQ8: 50S ribosomal protein L22|g__Microbacterium.s__Microbacterium_testaceum",19.2373012443076,43.0159132859131,69.2175206706198,42.1594788461178,3.39295387854744e-41,2.25149061167177e-38
"UniRef50_Q3J9B9: 30S ribosomal protein S15|g__Microbacterium.s__Microbacterium_testaceum",18.9197228847768,42.3057864858194,68.0748454904477,41.4634904660126,1.52006552912033e-40,9.96674394611432e-38
"UniRef50_A0T0Y7: 50S ribosomal protein L6, chloroplastic|g__Microbacterium.s__Microbacterium_testaceum",18.6887138000139,41.7892344688694,67.2436542595877,40.9572228508913,4.52525597228208e-40,2.93220615512212e-37
"UniRef50_Q68XY0: 50S ribosomal protein L19|g__Microbacterium.s__Microbacterium_testaceum",18.6861908339004,41.7835929451348,67.2345764031415,40.9516936482688,4.57949609667567e-40,2.93284775019309e-37
"UniRef50_Q6A6M8: 50S ribosomal protein L23|g__Corynebacterium.s__Corynebacterium_maris",18.3167339836618,40.9574623132483,65.9052377997934,40.1420110392387,2.62179108876539e-39,1.65977457236703e-36
"UniRef50_A0A059MSD7: ACP phosphodiesterase",17.4836821100763,39.0947016951277,62.9078430744464,38.3163374483271,1.34111587703454e-37,8.29939765836308e-35
"UniRef50_A0A059MSD7: ACP phosphodiesterase|g__Microbacterium.s__Microbacterium_testaceum",17.4836821100763,39.0947016951277,62.9078430744464,38.3163374483271,1.34111587703454e-37,8.29939765836308e-35
"UniRef50_Q6A6T4: 30S ribosomal protein S9|g__Microbacterium.s__Microbacterium_testaceum",17.2452618123551,38.5615777022073,62.0499856402755,37.7938278005022,4.13609609773501e-37,2.5311529419439e-34
"UniRef50_A3N357: 30S ribosomal protein S10",16.8174613707429,37.604986833958,60.5107216066078,36.8562823808272,3.12062408502415e-36,1.86820231229212e-33
"UniRef50_A3N357: 30S ribosomal protein S10|g__Providencia.s__Providencia_rettgeri",16.8174613707429,37.604986833958,60.5107216066078,36.8562823808272,3.12062408502415e-36,1.86820231229212e-33
"UniRef50_Q1BDY7: UPF0234 protein Mmcs_0777|g__Microbacterium.s__Microbacterium_testaceum",15.9008362446494,35.5553507421285,57.2126228864787,34.8474539530457,2.37533981929551e-34,1.40673754007891e-31
"UniRef50_A9NGH5: 50S ribosomal protein L20",15.7678128563176,35.2579014032213,56.73399290535,34.5559267447752,4.4578518008735e-34,2.58447477512326e-31
"UniRef50_A9NGH5: 50S ribosomal protein L20|g__Microbacterium.s__Microbacterium_testaceum",15.7678128563176,35.2579014032213,56.73399290535,34.5559267447752,4.4578518008735e-34,2.58447477512326e-31
"UniRef50_P73308: 50S ribosomal protein L5",15.6210235341293,34.9296705004372,56.2058318699865,34.2342308246958,8.9288109668241e-34,5.06981568680176e-31
"UniRef50_P73308: 50S ribosomal protein L5|g__Microbacterium.s__Microbacterium_testaceum",15.6210235341293,34.9296705004372,56.2058318699865,34.2342308246958,8.9288109668241e-34,5.06981568680176e-31
"UniRef50_Q6AD10: 50S ribosomal protein L18",15.5887611049536,34.8575295156809,56.08974878068,34.1635261461608,1.04014634835273e-33,5.7866808513357e-31
"UniRef50_Q6AD10: 50S ribosomal protein L18|g__Microbacterium.s__Microbacterium_testaceum",15.5887611049536,34.8575295156809,56.08974878068,34.1635261461608,1.04014634835273e-33,5.7866808513357e-31
"UniRef50_A9WR59: Phosphoribosyl-AMP cyclohydrolase|g__Microbacterium.s__Microbacterium_testaceum",15.523857801685,34.7124013176081,55.8562209236002,34.0212874086974,1.41407523147549e-33,7.78830215239758e-31
"UniRef50_E8ND13: Histone acetyltransferase HPA2",15.1069691885135,33.780210039511,54.3562186190625,33.1076557903645,1.01667907028251e-32,5.48976795626958e-30
"UniRef50_E8ND13: Histone acetyltransferase HPA2|g__Microbacterium.s__Microbacterium_testaceum",15.1069691885135,33.780210039511,54.3562186190625,33.1076557903645,1.01667907028251e-32,5.48976795626958e-30
"UniRef50_B0RGC5|g__Microbacterium.s__Microbacterium_testaceum",15.0444153974381,33.6403355104161,54.1311445157983,32.9705661228433,1.36689651992969e-32,7.30918054642402e-30
"UniRef50_Q6AHH6: PTS system, mannitol-specific enzyme II, A component",14.6239315575549,32.7001050609971,52.6182062658247,32.0490553907735,9.99771991222104e-32,5.24423256767046e-29
"UniRef50_Q6AHH6: PTS system, mannitol-specific enzyme II, A component|g__Microbacterium.s__Microbacterium_testaceum",14.6239315575549,32.7001050609971,52.6182062658247,32.0490553907735,9.99771991222104e-32,5.24423256767046e-29
"UniRef50_UPI000370DF99: hypothetical protein",14.3336170005876,32.0509419767605,51.573628671875,31.4128169565074,3.95009223614552e-31,2.05244556688856e-28
"UniRef50_A5F3J8: 30S ribosomal protein S7|g__Microbacterium.s__Microbacterium_testaceum",14.2266432373772,31.8117413704132,51.1887275585539,31.1783787653141,6.55380619306024e-31,3.3734951747213e-28
"UniRef50_P9WIE0: Putative peroxiredoxin MT2597|g__Microbacterium.s__Microbacterium_testaceum",14.1621183790257,31.6674594009006,50.956561379941,31.036969408244,8.89466550409704e-31,4.53603233304771e-28
"UniRef50_F0Q3D1",14.074807982962,31.4722274201598,50.6424108102978,30.8456244399897,1.34464673167427e-30,6.79441358169028e-28
"UniRef50_D2SF64: Rieske (2Fe-2S) iron-sulphur domain protein",13.454016402209,30.0840952457364,48.4087474950946,29.4851295772109,2.54043109937767e-29,1.17579263580188e-26
"UniRef50_D2SF64: Rieske (2Fe-2S) iron-sulphur domain protein|g__Microbacterium.s__Microbacterium_testaceum",13.454016402209,30.0840952457364,48.4087474950946,29.4851295772109,2.54043109937767e-29,1.17579263580188e-26
"UniRef50_D8JFQ2",13.454016402209,30.0840952457364,48.4087474950946,29.4851295772109,2.54043109937767e-29,1.17579263580188e-26
"UniRef50_D8JFQ2|g__Providencia.s__Providencia_rettgeri",13.454016402209,30.0840952457364,48.4087474950946,29.4851295772109,2.54043109937767e-29,1.17579263580188e-26
"UniRef50_E8NEW1: ATP-dependent protease Clp, ATPase subunit",13.454016402209,30.0840952457364,48.4087474950946,29.4851295772109,2.54043109937767e-29,1.17579263580188e-26
"UniRef50_E8NEW1: ATP-dependent protease Clp, ATPase subunit|g__Microbacterium.s__Microbacterium_testaceum",13.454016402209,30.0840952457364,48.4087474950946,29.4851295772109,2.54043109937767e-29,1.17579263580188e-26
"UniRef50_M5B9Q7: Transcriptional regulator, LysR-family",13.454016402209,30.0840952457364,48.4087474950946,29.4851295772109,2.54043109937767e-29,1.17579263580188e-26
"UniRef50_M5B9Q7: Transcriptional regulator, LysR-family|g__Microbacterium.s__Microbacterium_testaceum",13.454016402209,30.0840952457364,48.4087474950946,29.4851295772109,2.54043109937767e-29,1.17579263580188e-26
"UniRef50_Q4JY49",13.454016402209,30.0840952457364,48.4087474950946,29.4851295772109,2.54043109937767e-29,1.17579263580188e-26
"UniRef50_Q4JY49|g__Corynebacterium.s__Corynebacterium_maris",13.454016402209,30.0840952457364,48.4087474950946,29.4851295772109,2.54043109937767e-29,1.17579263580188e-26
"UniRef50_UPI000370DF99: hypothetical protein|g__Acidovorax.s__Acidovorax_avenae",13.4021221429629,29.9680561544202,48.2220273353158,29.3714007907697,3.24797167429523e-29,1.49073779920965e-26
"UniRef50_T1VIK5: Two-component response regulator PhoP",13.3720673091364,29.9008515029317,48.1138873703998,29.3055341645293,3.74465550838692e-29,1.70449910277212e-26
"UniRef50_A5CRZ7: 30S ribosomal protein S4",13.2547966904755,29.6386264278425,47.6919372554574,29.048529915133,6.52460031760749e-29,2.92158871295014e-26
"UniRef50_A5CRZ7: 30S ribosomal protein S4|g__Microbacterium.s__Microbacterium_testaceum",13.2547966904755,29.6386264278425,47.6919372554574,29.048529915133,6.52460031760749e-29,2.92158871295014e-26
"UniRef50_P55049|g__Microbacterium.s__Microbacterium_testaceum",13.2076802983068,29.5332709720987,47.5224082863236,28.9452720561581,8.15533216547131e-29,3.62234862643277e-26
"UniRef50_Q28UY2: 50S ribosomal protein L11|g__Microbacterium.s__Microbacterium_testaceum",13.0283762503314,29.1323349321848,46.877256376009,28.5523185372814,1.90619470926845e-28,8.39899888019026e-26
"UniRef50_Q8XXJ7: 5-hydroxyisourate hydrolase",12.9199360130676,28.8898551901667,46.4870787586285,28.3146664970637,3.18548592517275e-28,1.39243657381539e-25
"UniRef50_K0I6K6: Ribosomal subunit Interface protein|g__Acidovorax.s__Acidovorax_avenae",12.6131275651336,28.2038106445151,45.3831546781614,27.6422809006532,1.36189195747535e-27,5.9062144363677e-25
"UniRef50_A1TQR7",12.4940908701933,27.9376365028117,44.9548500637067,27.3814062094211,2.39294500179881e-27,1.02167621600057e-24
"UniRef50_A1TQR7|g__Acidovorax.s__Acidovorax_avenae",12.4940908701933,27.9376365028117,44.9548500637067,27.3814062094211,2.39294500179881e-27,1.02167621600057e-24
"UniRef50_T1VIK5: Two-component response regulator PhoP|g__Microbacterium.s__Microbacterium_testaceum",12.4016714677499,27.7309804365084,44.6223168347599,27.1788646058562,3.70650165559889e-27,1.57033070527246e-24
"UniRef50_A0LTL4: Transcriptional regulator MraZ",12.2309139674838,27.3491550582455,44.007916163157,26.8046412608631,8.31650494806901e-27,3.41826972406565e-24
"UniRef50_A0LTL4: Transcriptional regulator MraZ|g__Microbacterium.s__Microbacterium_testaceum",12.2309139674838,27.3491550582455,44.007916163157,26.8046412608631,8.31650494806901e-27,3.41826972406565e-24
"UniRef50_Q839F5: 30S ribosomal protein S17",12.2309139674838,27.3491550582455,44.007916163157,26.8046412608631,8.31650494806901e-27,3.41826972406565e-24
"UniRef50_Q839F5: 30S ribosomal protein S17|g__Microbacterium.s__Microbacterium_testaceum",12.2309139674838,27.3491550582455,44.007916163157,26.8046412608631,8.31650494806901e-27,3.41826972406565e-24
"UniRef50_F0Q3D1|g__Acidovorax.s__Acidovorax_avenae",12.1942521161477,27.267176666477,43.8760035616724,26.7242950352552,9.89118154654161e-27,4.03538226695461e-24
"UniRef50_Q8FMF8: Inorganic pyrophosphatase|g__Microbacterium.s__Microbacterium_testaceum",12.0759250054268,27.0025892033239,43.4502520943431,26.4649754322606,1.72966832810623e-26,7.00477518434607e-24
"UniRef50_A7Z5S1: Peptide methionine sulfoxide reductase MsrB|g__Microbacterium.s__Microbacterium_testaceum",12.0643824354578,26.9767792322381,43.4087209011015,26.4396793302628,1.8263297288807e-26,7.34224543631843e-24
"UniRef50_E8NG48: Small-conductance mechanosensitive channel",12.0345010555516,26.9099624355063,43.3012050388162,26.3741928367027,2.10177518734568e-26,8.3883675357564e-24
"UniRef50_D2NNP9: Translation initiation factor 3",11.894097991338,26.5960116396754,42.7960223275822,26.0664927107614,4.10228482400845e-26,1.61386815179938e-23
"UniRef50_D2NNP9: Translation initiation factor 3|g__Microbacterium.s__Microbacterium_testaceum",11.894097991338,26.5960116396754,42.7960223275822,26.0664927107614,4.10228482400845e-26,1.61386815179938e-23
"UniRef50_A5CVA8: 50S ribosomal protein L9",11.8711863053202,26.5447795522605,42.7135840437297,26.016280639446,4.57569792708105e-26,1.75010913006835e-23
"UniRef50_A5CVA8: 50S ribosomal protein L9|g__Microbacterium.s__Microbacterium_testaceum",11.8711863053202,26.5447795522605,42.7135840437297,26.016280639446,4.57569792708105e-26,1.75010913006835e-23
"UniRef50_S5T599",11.8711863053202,26.5447795522605,42.7135840437297,26.016280639446,4.57569792708105e-26,1.75010913006835e-23
"UniRef50_S5T599|g__Corynebacterium.s__Corynebacterium_maris",11.8711863053202,26.5447795522605,42.7135840437297,26.016280639446,4.57569792708105e-26,1.75010913006835e-23
"UniRef50_F5XXB5",11.7916655671318,26.3669657760504,42.4274613558644,25.8420070842886,6.68172774755235e-26,2.52061314487631e-23
"UniRef50_F5XXB5|g__Acidovorax.s__Acidovorax_avenae",11.7916655671318,26.3669657760504,42.4274613558644,25.8420070842886,6.68172774755235e-26,2.52061314487631e-23
"UniRef50_Q67JW2: 50S ribosomal protein L15",11.748160170213,26.2696847511517,42.2709250687693,25.7466628965671,8.21717229660921e-26,3.05795404446179e-23
"UniRef50_Q67JW2: 50S ribosomal protein L15|g__Microbacterium.s__Microbacterium_testaceum",11.748160170213,26.2696847511517,42.2709250687693,25.7466628965671,8.21717229660921e-26,3.05795404446179e-23
"UniRef50_Q9ZH58: ATP-dependent Clp protease proteolytic subunit 2|g__Microbacterium.s__Microbacterium_testaceum",11.7214798035632,26.2100256376583,42.1749267368502,25.6881915788343,9.32701262504497e-26,3.44767700905773e-23
"UniRef50_E8NAL2: Protocatechuate 3,4-dioxygenase beta subunit",11.6763029415942,26.1090071032855,42.0123763698595,25.5891842943755,1.15504568137503e-25,4.21300999954255e-23
"UniRef50_E8NAL2: Protocatechuate 3,4-dioxygenase beta subunit|g__Microbacterium.s__Microbacterium_testaceum",11.6763029415942,26.1090071032855,42.0123763698595,25.5891842943755,1.15504568137503e-25,4.21300999954255e-23
"UniRef50_Q47RU9: Ribosome-binding factor A",11.5787272271565,25.8908211728495,41.6612902718007,25.3753423829509,1.8521092013709e-25,6.66722996626829e-23
"UniRef50_Q47RU9: Ribosome-binding factor A|g__Microbacterium.s__Microbacterium_testaceum",11.5787272271565,25.8908211728495,41.6612902718007,25.3753423829509,1.8521092013709e-25,6.66722996626829e-23
"UniRef50_Q05353: 3,4-dihydroxyphenylacetate 2,3-dioxygenase",17.9852644319167,24.4839116345361,36.3622944421974,55.9406016235068,4.07973463162921e-16,1.45908795004053e-13
"UniRef50_P42270: 2-oxo-hepta-3-ene-1,7-dioic acid hydratase",24.6171689450723,21.9135105288948,49.0592320740657,73.1717441414785,5.71659365114425e-14,2.03130857112304e-11
"UniRef50_P24207: Phenylalanine-specific permease",13.5132430666162,12.2878251375623,27.5750188169168,41.9526605443571,1.71720222471185e-10,6.06271454682401e-08
"UniRef50_B5FMP4: Leucine--tRNA ligase",8.80327138435336,12.0410723923225,17.9409386667801,27.6069828570858,1.2250529254668e-08,4.29759490292578e-06
"UniRef50_P20966: PTS system fructose-specific EIIBC component",8.88551052135093,8.19241062240438,18.7381432367903,27.4389447062495,1.82679430247201e-08,6.3679968226108e-06
"UniRef50_E8NA77|unclassified",7.1883758306953,9.64334685829395,17.5128589081459,26.9346719597647,2.33797093432785e-08,8.09864309119339e-06
"UniRef50_Q83BS0: Transcription termination/antitermination protein NusA",11.6539822331573,13.2029118067587,23.6436644156203,34.8618109101362,2.38861277739011e-08,8.22235162126971e-06
"UniRef50_Q9I0J7: NADH-quinone oxidoreductase subunit F",10.4177531019397,11.3803071601156,20.6050994141391,30.0606009196321,4.15652451518638e-08,1.42191863803056e-05
"UniRef50_P0AGD2: Superoxide dismutase [Cu-Zn]",9.80272163854473,11.3614216701273,18.0906536855092,26.8856215790614,4.81836863388544e-08,1.63815610647227e-05
"UniRef50_B7N8L4: NAD/NADP-dependent betaine aldehyde dehydrogenase",9.56053837874207,8.4292173730415,19.2668767222408,26.8429844233854,5.38189645425808e-08,1.81851969945504e-05
"UniRef50_Q9ZH58: ATP-dependent Clp protease proteolytic subunit 2|unclassified",12.224446406294,15.7515667529835,30.1574188461008,44.8771632585216,1.96571221137776e-07,6.60155679671053e-05
"UniRef50_Q8ZH57: 3-hydroxyacyl-[acyl-carrier-protein] dehydratase FabZ",6.89162919149134,6.65032528478677,14.9317974484397,21.8572080017452,2.23621024284415e-07,7.46446979061377e-05
"UniRef50_UPI0003FB549E: hypothetical protein",5.40046236314809,4.57449110177923,11.4532603733852,16.4685366759117,1.17116333963145e-06,0.000386252474592103
"UniRef50_UPI0003FB549E: hypothetical protein|unclassified",5.40046236314809,4.57449110177923,11.4532603733852,16.4685366759117,1.17116333963145e-06,0.000386252474592103
"UniRef50_M0LNU7",5.44250394187851,5.50824978480354,12.4464302564293,18.53015642634,1.94345852578592e-06,0.000633371983578171
"UniRef50_M0LNU7|unclassified",5.44250394187851,5.50824978480354,12.4464302564293,18.53015642634,1.94345852578592e-06,0.000633371983578171
"UniRef50_UPI0001B4527A: lipoprotein, partial",4.71098574573247,4.2897527980113,9.93119760427598,14.4446277424726,4.02919384875353e-06,0.00129775385735554
"UniRef50_UPI0001B4527A: lipoprotein, partial|unclassified",4.71098574573247,4.2897527980113,9.93119760427598,14.4446277424726,4.02919384875353e-06,0.00129775385735554
"UniRef50_Q6AFT1",4.67627037348196,4.13509431727652,9.42375640120588,13.7628110533775,4.18482087596466e-06,0.00133229699066766
"UniRef50_Q6AFT1|unclassified",4.67627037348196,4.13509431727652,9.42375640120588,13.7628110533775,4.18482087596466e-06,0.00133229699066766
"UniRef50_O86776: tRNA pseudouridine synthase A",4.13483812690288,3.51384436033483,8.44090783184219,12.4512010309507,1.12929816324952e-05,0.00357461809984446
"UniRef50_UPI000475E933: hypothetical protein, partial",8.77072958107227,11.2712536237656,21.8031439272872,31.8577380905874,2.35241336218948e-05,0.00736158356530171
"UniRef50_UPI000475E933: hypothetical protein, partial|unclassified",8.77072958107227,11.2712536237656,21.8031439272872,31.8577380905874,2.35241336218948e-05,0.00736158356530171
"UniRef50_UPI000477CD90: hypothetical protein, partial",5.84813710008584,8.20365973124669,14.6567186538199,22.2134787945392,2.89739696269865e-05,0.00896516474800864
"UniRef50_UPI000477CD90: hypothetical protein, partial|unclassified",5.84813710008584,8.20365973124669,14.6567186538199,22.2134787945392,2.89739696269865e-05,0.00896516474800864
"UniRef50_UPI000374C719: hypothetical protein, partial",3.62785016695179,3.61296713503195,7.16850856039105,10.4352240921773,3.77968659447363e-05,0.0115652110313236
"UniRef50_UPI000374C719: hypothetical protein, partial|unclassified",3.62785016695179,3.61296713503195,7.16850856039105,10.4352240921773,3.77968659447363e-05,0.0115652110313236
"UniRef50_Q3KFI8: Acireductone dioxygenase|unclassified",1.96721051859242,2.6939634144834,6.47940514341693,3.94652020807302,3.99181226727746e-05,0.0121467980245768
"UniRef50_UPI00042B83F9: CCHC-type integrase",1.89614162363351,2.60410999026389,6.2854680877633,3.82839570554691,4.33879344563798e-05,0.0130583457161422
"UniRef50_UPI00042B83F9: CCHC-type integrase|unclassified",1.89614162363351,2.60410999026389,6.2854680877633,3.82839570554691,4.33879344563798e-05,0.0130583457161422
"UniRef50_B4EE24: S-adenosylmethionine:tRNA ribosyltransferase-isomerase",2.0388812087306,2.8030977374969,6.67920309013867,4.06821450204227,4.44013059974848e-05,0.0132907104914319
"UniRef50_F4DU26",2.08127049819181,2.91624547844433,6.75630245966874,4.11517471106536,6.05200170286118e-05,0.0179207579456175
"UniRef50_F4DU26|unclassified",2.08127049819181,2.91624547844433,6.75630245966874,4.11517471106536,6.05200170286118e-05,0.0179207579456175
"UniRef50_UPI00047A65A5: hypothetical protein, partial",1.83280303466945,2.5602150011693,5.95627097106051,3.62788608394579,6.20713965287926e-05,0.0181846080139165
"UniRef50_UPI00047A65A5: hypothetical protein, partial|unclassified",1.83280303466945,2.5602150011693,5.95627097106051,3.62788608394579,6.20713965287926e-05,0.0181846080139165
"UniRef50_W7DPI9",1.81721084647784,2.54420953593983,5.9007542052314,3.59407155415765,6.70203458767775e-05,0.0194277873150278
"UniRef50_W7DPI9|unclassified",1.81721084647784,2.54420953593983,5.9007542052314,3.59407155415765,6.70203458767775e-05,0.0194277873150278
"UniRef50_Q92WJ0: Fe(3+) ions import ATP-binding protein FbpC 1",1.78799816361946,2.44950700460361,5.88180417989984,3.58252934368321,7.1221611389218e-05,0.020430586929604
"UniRef50_Q92WJ0: Fe(3+) ions import ATP-binding protein FbpC 1|unclassified",1.78799816361946,2.44950700460361,5.88180417989984,3.58252934368321,7.1221611389218e-05,0.020430586929604
"UniRef50_Q6D4E2: Spermidine/putrescine import ATP-binding protein PotA",1.80336881827045,2.54256250231356,5.84228146239697,3.55845657776557,7.23954094086117e-05,0.0204550619758419
"UniRef50_Q6D4E2: Spermidine/putrescine import ATP-binding protein PotA|unclassified",1.80336881827045,2.54256250231356,5.84228146239697,3.55845657776557,7.23954094086117e-05,0.0204550619758419
"UniRef50_X0TRL2: Marine sediment metagenome DNA, contig: S01H1_S03333 (Fragment)",5.43445226537539,7.14116001220057,13.2201712926249,19.1262318137956,7.27924931870837e-05,0.0204550619758419
"UniRef50_X0TRL2: Marine sediment metagenome DNA, contig: S01H1_S03333 (Fragment)|unclassified",5.43445226537539,7.14116001220057,13.2201712926249,19.1262318137956,7.27924931870837e-05,0.0204550619758419
"UniRef50_C5CNW9: Alkanesulfonate monooxygenase",3.3831595049306,3.59757986702106,6.07981596165714,8.84118045047146,7.91887764679449e-05,0.022139493611802
"UniRef50_B0SW70",1.78775006622952,2.68941935015132,5.70422428683031,3.4743677731325,8.49708470768139e-05,0.0235172831379381
"UniRef50_B0SW70|unclassified",1.78775006622952,2.68941935015132,5.70422428683031,3.4743677731325,8.49708470768139e-05,0.0235172831379381
"UniRef50_M7E229: GTP-binding protein YchF",3.27679480201618,3.34889702746639,6.52074716929336,9.59329233363068,8.8871659798038e-05,0.024316903578278
"UniRef50_M7E229: GTP-binding protein YchF|unclassified",3.27679480201618,3.34889702746639,6.52074716929336,9.59329233363068,8.8871659798038e-05,0.024316903578278
"UniRef50_UPI000382D65E: hypothetical protein, partial",2.11692642857803,3.01195941826288,6.83984710727566,4.16606065395041,8.96260040741224e-05,0.024316903578278
"UniRef50_UPI000382D65E: hypothetical protein, partial|unclassified",2.11692642857803,3.01195941826288,6.83984710727566,4.16606065395041,8.96260040741224e-05,0.024316903578278
"UniRef50_G7P340",4.55762722139196,5.75084428711568,7.58276538619819,11.5211432921599,9.26944138499257e-05,0.0249040499103042
"UniRef50_G7P340|unclassified",4.55762722139196,5.75084428711568,7.58276538619819,11.5211432921599,9.26944138499257e-05,0.0249040499103042
"UniRef50_W1JGD0: Chromosome partitioning protein ParA (Fragment)",2.09270348795452,2.61587011935961,6.65111827245662,3.8587350410235,9.94752373913825e-05,0.0264676214966434
"UniRef50_W1JGD0: Chromosome partitioning protein ParA (Fragment)|unclassified",2.09270348795452,2.61587011935961,6.65111827245662,3.8587350410235,9.94752373913825e-05,0.0264676214966434
"UniRef50_A0A038FLM4",4.25501185482226,6.19273287162295,10.101744080683,15.0849263181705,0.000114090050487191,0.0300657306731246
"UniRef50_A0A038FLM4|unclassified",4.25501185482226,6.19273287162295,10.101744080683,15.0849263181705,0.000114090050487191,0.0300657306731246
"UniRef50_P0AF00: Molybdenum cofactor biosynthesis protein B",4.03157616691227,5.69314433309297,10.1982382845485,15.1701414597402,0.000121306536849781,0.0318152387146446
"UniRef50_Q5F8C3: Fructose-1,6-bisphosphatase class 1|unclassified",1.6681418305797,2.28458760148927,5.50685466670794,3.35415254086476,0.000122310990647796,0.0319266465967236
"UniRef50_A7GXT8: Aspartate carbamoyltransferase",1.64102430064643,2.28804109962287,5.33680372082852,3.25057675273907,0.000150312095237314,0.0388673205135472
"UniRef50_A7GXT8: Aspartate carbamoyltransferase|unclassified",1.64102430064643,2.28804109962287,5.33680372082852,3.25057675273907,0.000150312095237314,0.0388673205135472
"UniRef50_UPI00036F94F5: hypothetical protein",1.63900675896222,2.28661673798299,5.32899676428474,3.24582163848373,0.000151914131076732,0.0389161609177358
"UniRef50_UPI00036F94F5: hypothetical protein|unclassified",1.63900675896222,2.28661673798299,5.32899676428474,3.24582163848373,0.000151914131076732,0.0389161609177358
"UniRef50_D9ULY2: Oxidoreductase",1.69575122499863,2.52953803423644,5.76165874983369,3.50935034697463,0.000154843227482467,0.0393009236868748
"UniRef50_D9ULY2: Oxidoreductase|unclassified",1.69575122499863,2.52953803423644,5.76165874983369,3.50935034697463,0.000154843227482467,0.0393009236868748
"UniRef50_Q02FT0: tRNA pseudouridine synthase B",1.64651938691496,2.49525607037748,5.24619536617436,3.19538839906339,0.000163030407929816,0.041001030947719
"UniRef50_Q02FT0: tRNA pseudouridine synthase B|unclassified",1.64651938691496,2.49525607037748,5.24619536617436,3.19538839906339,0.000163030407929816,0.041001030947719
"UniRef50_B0C2Z9: UPF0178 protein AM1_1179",1.62473820169246,2.33301303410119,5.23687921599639,3.18971405487207,0.000169795437915519,0.0419364275070541
"UniRef50_B0C2Z9: UPF0178 protein AM1_1179|unclassified",1.62473820169246,2.33301303410119,5.23687921599639,3.18971405487207,0.000169795437915519,0.0419364275070541
"UniRef50_UPI00036F75EC: hypothetical protein",1.64539981044334,2.57439910704087,5.21245978215597,3.17484049981759,0.000168864061000029,0.0419364275070541
"UniRef50_UPI00036F75EC: hypothetical protein|unclassified",1.64539981044334,2.57439910704087,5.21245978215597,3.17484049981759,0.000168864061000029,0.0419364275070541
"UniRef50_Q9HU72: Lactoylglutathione lyase|unclassified",1.98769335382561,3.03913625116596,6.32278375141768,3.85112418407696,0.000171353052798571,0.0421321968258344
"UniRef50_C0AXY9: HemN domain protein",1.83852730562738,2.91115916417805,5.81231318880378,3.54020329760809,0.000189431389927376,0.0461651002788942
"UniRef50_C0AXY9: HemN domain protein|unclassified",1.83852730562738,2.91115916417805,5.81231318880378,3.54020329760809,0.000189431389927376,0.0461651002788942
"UniRef50_R7IBM9: Cobyrinic acid ac-diamide synthase",3.21994541912542,3.61274833109944,7.03303579049192,10.6453200540619,0.000199560691382577,0.0482070359617465
"UniRef50_R7IBM9: Cobyrinic acid ac-diamide synthase|unclassified",3.21994541912542,3.61274833109944,7.03303579049192,10.6453200540619,0.000199560691382577,0.0482070359617465
"UniRef50_B0RLE2",1.589501511975,2.37629954891509,5.07788623400056,3.09287352669089,0.000209014881756499,0.0491962078739431
"UniRef50_B0RLE2|unclassified",1.589501511975,2.37629954891509,5.07788623400056,3.09287352669089,0.000209014881756499,0.0491962078739431
"UniRef50_UPI000350FC4E: PREDICTED: formate--tetrahydrofolate ligase-like",2.58410231314001,2.24012897291877,5.47857879924595,7.95839248114583,0.000206679028162604,0.0491962078739431
"UniRef50_UPI000350FC4E: PREDICTED: formate--tetrahydrofolate ligase-like|unclassified",2.58410231314001,2.24012897291877,5.47857879924595,7.95839248114583,0.000206679028162604,0.0491962078739431
"UniRef50_UPI00036C0DD2: hypothetical protein",1.57817752729181,2.25130191573438,5.09550862282684,3.10360709128179,0.000208825729619434,0.0491962078739431
"UniRef50_UPI00036C0DD2: hypothetical protein|unclassified",1.57817752729181,2.25130191573438,5.09550862282684,3.10360709128179,0.000208825729619434,0.0491962078739431
