Total Number of Aligned Reads:	551513	Total Number of Mapped Genomes:	2042
Genome	Tax Names	Final Guess	Final Best Hit	Final Best Hit Read Numbers	Final High Confidence Hits	Final Low Confidence Hits	Initial Guess	Initial Best Hit	Initial Best Hit Read Numbers	Initial High Confidence Hits	Initial Low Confidence Hits
ti|377629	Teredinibacter turnerae T7901	0.31889511664504894	0.0027977581670785637	1543.0	0.0027977581670785637	0.0	0.31889511664504894	0.0027977581670785637	1543.0	0.0027977581670785637	0.0
ti|326423	Bacillus velezensis FZB42	0.15916429620763467	0.00039164987951326624	216.0	0.0	0.0007832997590265325	0.07195369055464444	0.00030959336651133565	170.74476634476625	0.0	0.0007832997590265325
ti|1412898	Bacillus amyloliquefaciens CC178	0.15916429620763467	0.00039164987951326624	216.0	0.0	0.0007832997590265325	0.07195369055464444	0.00030959336651133565	170.74476634476625	0.0	0.0007832997590265325
ti|412614	Vibrio cholerae 2740-80	0.1310379520125913	0.07887574726253054	43501.0	0.07887574726253054	0.0	0.01115804024881926	0.006369503418484078	3512.863938838409	0.0	0.05937484701176581
ti|391038	Paraburkholderia phymatum STM815	0.05162692948596125	0.0038113335497078037	2102.0	0.00379682799861472	1.4505551093083935e-05	0.05162684091716345	0.0030080886579282808	1659.0	0.0030080886579282808	0.0
ti|562	Escherichia coli	0.03328267924957747	0.07685403607893196	42386.0	0.07685403607893196	0.0	0.0007083127362213402	0.0035324072567839014	1948.1685234106599	0.0	0.05192262013769394
ti|316067	Geobacter daltonii FRC-32	0.029226217693213218	0.002933747708576226	1618.0	0.002933747708576226	0.0	0.029226217693213218	0.002933747708576226	1618.0	0.002933747708576226	0.0
ti|216895	Vibrio vulnificus CMCP6	0.010632665297864725	0.00764986500771514	4219.0	0.00764986500771514	0.0	0.00878430187616178	0.0031471001892369966	1735.6666666666638	0.002186711827282403	0.002277371521614178
ti|316057	Rhodopseudomonas palustris BisB5	0.0104860120074247	0.0015212696708871776	839.0	0.0015212696708871776	0.0	0.010485780743787003	0.00110604827084765	610.0	0.00110604827084765	0.0
ti|938142	Salmonella enterica subsp. enterica serovar Choleraesuis str. ATCC 10708	0.009250893059823462	0.03986488079156792	21986.0	0.03986488079156792	0.0	4.329000667896745e-05	0.00018690996105970328	103.08327335392013	0.0	0.001412478037689048
ti|395495	Leptothrix cholodnii SP-6	0.007872007233390592	0.006964477718566924	3841.0	0.006964477718566924	0.0	0.007872007233386196	0.006964477718566924	3841.0	0.006964477718566924	0.0
ti|693216	Cronobacter turicensis z3032	0.006537546596708527	0.0047958978301508755	2645.0	0.004792271442377605	3.6263877732709838e-06	0.0065358357175870655	0.004369797266791535	2410.0	0.004364357685131629	5.439581659906475e-06
ti|264730	Pseudomonas savastanoi pv. phaseolicola 1448A	0.0054433881531640044	0.011901804671875368	6564.0	0.011901804671875368	0.0	0.00543761281308306	0.010101937760306648	5571.35	0.009789433793945021	0.000656376186962048
ti|590409	Dickeya zeae Ech586	0.004269543877760498	0.003994466132257989	2203.0	0.003994466132257989	0.0	0.004269521499584417	0.003684409977643319	2032.0	0.003675344008210142	4.532984716588729e-05
ti|626418	Burkholderia glumae BGR1	0.004150755187531487	0.003972707805618363	2191.0	0.003967268223958456	5.439581659906475e-06	0.0020981661372339094	0.0020489090918981057	1130.0	0.001983634111979228	0.0018041279172023143
ti|447217	Anaeromyxobacter sp. K	0.003962424523975132	0.009579103303095303	5283.0	0.009579103303095303	0.0	0.0037612292154778747	0.004824002335393726	2660.5	0.004563809012661533	0.000556650523197096
ti|521460	Caldicellulosiruptor bescii DSM 6725	0.0037757789401874093	0.0016971494778908202	936.0	0.0016971494778908202	0.0	0.0037742377444412167	0.001533962028093626	846.0	0.001515830089227271	0.00010697843931149402
ti|1392	Bacillus anthracis	0.0027773221280634887	0.010608997430704262	5851.0	0.01017927047957165	0.00042972695113261154	0.00019247868881851172	0.0005315993009796331	293.1839252811804	0.0	0.007055137412898698
ti|351605	Geobacter uraniireducens Rf4	0.002726500335341795	0.005410570557720307	2984.0	0.005410570557720307	0.0	0.002726500335341795	0.005410570557720307	2984.0	0.005410570557720307	0.0
ti|482957	Burkholderia lata	0.0027162246624436977	0.005640846181323015	3111.0	0.005390625424967317	0.00025022075635569785	0.002663413651712863	0.0020881042997475427	1151.6166666666666	0.0019818209180925924	0.00014505551093083936
ti|86662	Bacillus weihenstephanensis	0.00268283736956059	0.0022538000010879165	1243.0	0.0021522611434363287	0.00010153885765158754	0.0013387957480828882	0.0005871709161592007	323.83239348370927	0.00037170474676027584	0.0004551116655455084
ti|416591	Pseudothermotoga lettingae TMO	0.0019039432585680894	0.0007996185040062519	441.0	0.0007996185040062519	0.0	0.0018814692900913695	0.0005584637170837315	308.0	0.0007996185040062519	0.0
ti|95486	Burkholderia cenocepacia	0.001643886054063463	0.005804033631120209	3201.0	0.005668044089622548	0.00013598954149766188	0.000458161729708653	0.00038133194287264996	210.3095238095238	9.06596943317746e-06	0.001080663556434753
ti|643562	Desulfovibrio aespoeensis Aspo-2	0.0014101175625034989	0.0021250632351367963	1172.0	0.0021250632351367963	0.0	0.0014101175625032489	0.0021250632351367963	1172.0	0.0021250632351367963	0.0
ti|204773	Herminiimonas arsenicoxydans	0.0014006517776945697	0.0039582022545252785	2183.0	0.0039582022545252785	0.0	0.0014006517776945697	0.003960015448411914	2184.0	0.003960015448411914	0.0
ti|203122	Saccharophagus degradans 2-40	0.0013994045888654112	0.003582871119991732	1976.0	0.003582871119991732	0.0	0.0013994045888654112	0.003582871119991732	1976.0	0.003582871119991732	0.0
ti|402626	Ralstonia pickettii 12J	0.0013870893482941433	0.0035030905889797703	1932.0	0.0035030905889797703	0.0	0.001370269268135216	0.0018926722186663478	1043.8333333333335	0.0016790175390244653	0.0013472030577701703
ti|380703	Aeromonas hydrophila subsp. hydrophila ATCC 7966	0.0013799040284509308	0.003236551087644353	1785.0	0.003236551087644353	0.0	0.0012978731397320254	0.003002640442011771	1655.9952380952377	0.002728856799386415	0.00033725406291420146
ti|572477	Allochromatium vinosum DSM 180	0.0013767384251691056	0.0038095203558211684	2101.0	0.0038095203558211684	0.0	0.0013767384251691045	0.0038095203558211684	2101.0	0.0038095203558211684	0.0
ti|471856	Jonesia denitrificans DSM 20603	0.0013538587073590545	0.0006799477074883094	375.0	0.0006799477074883094	0.0	0.0013538587073590545	0.0006799477074883094	375.0	0.0006799477074883094	0.0
ti|1352354	Pseudomonas aeruginosa PAO581	0.0013155670775004127	0.016509130337816154	9105.0	0.016509130337816154	0.0	6.061464306982914e-05	0.00045786252349463026	252.517133920094	0.0	0.008868331299534191
ti|288681	Bacillus cereus E33L	0.0013110260469761988	0.0013526426394300768	746.0	0.0011604440874467149	0.00019219855198336213	0.0012284195980399124	0.0007252786379012324	400.0005974248224	0.00012692357206448444	0.004502160420515927
ti|243365	Chromobacterium violaceum ATCC 12472	0.0011041089174522822	0.0027506151260260413	1517.0	0.0027506151260260413	0.0	0.0011041089064624757	0.002739735962706228	1511.0	0.002739735962706228	0.0
ti|451709	Bacillus cereus 03BB108	0.0009912262591276171	0.00136352180274989	752.0	0.001309125986150825	5.439581659906475e-05	0.0009762047318927282	0.0006563919845265374	362.00871256218426	0.0002538471441289689	0.0019346778770400698
ti|580332	Sideroxydans lithotrophicus ES-1	0.0009658313818898905	0.00199088688752577	1098.0	0.00199088688752577	0.0	0.0009658313818898905	0.00199088688752577	1098.0	0.00199088688752577	0.0
ti|190485	Xanthomonas campestris pv. campestris str. ATCC 33913	0.0007660181530134142	0.01085559179928669	5987.0	0.010824767503213886	3.082429607280336e-05	0.000293415586325855	0.0035540787523060196	1960.1206349205497	0.00016862703145710073	0.008810309095161855
ti|246197	Myxococcus xanthus DK 1622	0.0007194219706534835	0.006404200807596557	3532.0	0.006404200807596557	0.0	0.0007139800686767039	0.005293619552032319	2919.5	0.0046961721663859235	0.0017080286412106333
ti|484019	Thermosipho africanus TCF52B	0.0006854056264394292	0.0011550045057868083	637.0	0.0011550045057868083	0.0	0.0006854056264394292	0.0011550045057868083	637.0	0.0011550045057868083	0.0
ti|60481	Shewanella sp. MR-7	0.0006811302846426469	0.004360731297358358	2405.0	0.004360731297358358	0.0	0.0004190175431080951	0.0021870140262635097	1206.166666666667	0.002172206276189319	0.0004170345939261631
ti|714359	Bacillus thuringiensis BMB171	0.0006608683371917756	0.008239153020871675	4544.0	0.008162998877632985	7.615414323869066e-05	0.00013841253192636296	0.0007052642193542289	388.9623854087089	4.714304105252279e-05	0.002429679808091559
ti|573370	Desulfovibrio magneticus RS-1	0.0005979789017805588	0.004215675786427518	2325.0	0.004215675786427518	0.0	0.0005979789017805588	0.004215675786427518	2325.0	0.004215675786427518	0.0
ti|398579	Shewanella pealeana ATCC 700345	0.0004920662331553691	0.0014505551093083934	800.0	0.0014505551093083934	0.0	0.0004920662327267786	0.0014505551093083934	800.0	0.0014505551093083934	0.0
ti|404589	Anaeromyxobacter sp. Fw109-5	0.00048038804397928185	0.005488537894845634	3027.0	0.005488537894845634	0.0	0.0004803880627597109	0.005541120517558063	3056.0	0.005541120517558063	0.0
ti|1423	Bacillus subtilis	0.0004766111356433786	0.0027016588910868827	1490.0	0.0027016588910868827	0.0	0.01309593320254615	0.00016497968193282425	90.9884393218177	0.0	0.0024478117469579137
ti|216595	Pseudomonas fluorescens SBW25	0.000429036665277791	0.003936443927885652	2171.0	0.003936443927885652	0.0	0.0004270223350994516	0.0038185863252543457	2106.0	0.003882048111286588	5.439581659906475e-05
ti|290397	Anaeromyxobacter dehalogenans 2CP-C	0.0003993228653568966	0.007109533229497763	3921.0	0.007109533229497763	0.0	0.00039991982919120164	0.006826674983182627	3765.0	0.006850246503708888	0.0
ti|272630	Methylobacterium extorquens AM1	0.0003882086605930199	0.004048861948857054	2233.0	0.0040434223671971465	5.439581659906475e-06	0.0002718599434547853	0.0011060482708476513	610.0000000000007	0.0009410476271638202	0.0003300012873676595
ti|266264	Cupriavidus metallidurans CH34	0.00036911980859144315	0.00246957007359754	1362.0	0.00246957007359754	0.0	0.00036911980866546527	0.002467756879710904	1361.0	0.002467756879710904	0.0
ti|360094	Xanthomonas oryzae pv. oryzae PXO99A	0.00036424954306022616	0.008879210462854004	4897.0	0.008783111186862322	9.609927599168106e-05	0.00010141647148438474	0.0015414059749370383	850.1054334554508	0.0	0.006128595336827962
ti|706191	Pantoea ananatis LMG 20103	0.0003551706566413493	0.00256204296181595	1413.0	0.00256204296181595	0.0	0.00024162988026798485	0.0013303705745225773	733.7166666666702	0.00047324360441186337	0.002079733387970909
ti|404380	Geobacter bemidjiensis Bem	0.00033038240322531473	0.0065692014512803865	3623.0	0.0065692014512803865	0.0	0.00033033833964283513	0.006434118506726043	3548.5	0.006435025103669361	0.0
ti|150340	Vibrio antiquarius	0.0002839224147596474	0.0038077071619345326	2100.0	0.0037623773147686455	4.532984716588729e-05	0.0002831854473615047	0.0032903425062812057	1814.6666666666665	0.003240177475417624	9.791246987831656e-05
ti|223283	[Pseudomonas syringae] pv. tomato str. DC3000	0.0002781817403142152	0.006667113921158704	3677.0	0.006665300727272068	1.8131938866354919e-06	0.00023265062672188456	0.006548198622093533	3611.4166666666706	0.006442277879215902	0.00031912212404784656
ti|29485	Yersinia rohdei	0.0002585248209861294	0.002219349317241842	1224.0	0.0021975909906022163	2.17583266396259e-05	0.00025852381106246207	0.0016105262985209605	888.2261904761905	0.001559346742506523	6.346178603224222e-05
ti|315750	Bacillus pumilus SAFR-032	0.0002563151396749558	0.0015956106202392327	880.0	0.0015956106202392327	0.0	0.00025631055746927104	0.001434236364328674	791.0	0.001430609976555403	1.2692357206448443e-05
ti|395494	Gallionella capsiferriformans ES-2	0.00025364354741334096	0.0025203395024233338	1390.0	0.0025203395024233338	0.0	0.00025364354741334096	0.0025203395024233338	1390.0	0.0025203395024233338	0.0
ti|357808	Roseiflexus sp. RS-1	0.00025224691813936523	0.001787809172222595	986.0	0.001787809172222595	0.0	0.00025224691813947913	0.001787809172222595	986.0	0.001787809172222595	0.0
ti|123214	Persephonella marina EX-H1	0.0002492412655712796	0.0004913755432782183	271.0	0.0004913755432782183	0.0	0.0002492412655712796	0.0004913755432782183	271.0	0.0004913755432782183	0.0
ti|224911	Bradyrhizobium diazoefficiens USDA 110	0.00024923715196077916	0.0020960521329506285	1156.0	0.0020960521329506285	0.0	0.00024702057832653887	0.001770130531827899	976.25	0.00154846757918671	0.0005004415127113957
ti|525903	Thermanaerovibrio acidaminovorans DSM 6589	0.0002464953012173409	0.0006998928402412999	386.0	0.0006998928402412999	0.0	0.0002464953012173409	0.0006998928402412999	386.0	0.0006998928402412999	0.0
ti|515619	[Eubacterium rectale] ATCC 33656	0.0002460131823966737	0.0006309914725491512	348.0	0.0006309914725491512	0.0	0.0002460131823966737	0.0006309914725491512	348.0	0.0006309914725491512	0.0
ti|216596	Rhizobium leguminosarum bv. viciae 3841	0.00022185240964534545	0.003276441353150334	1807.0	0.003271001771490427	5.439581659906475e-06	0.00021719619474927027	0.0019917934844690876	1098.5	0.00195462300979306	7.071456157878418e-05
ti|640512	Burkholderia sp. CCGE1003	0.00021569124631434666	0.0028811650858637963	1589.0	0.002879351891977161	1.8131938866354919e-06	0.000215693357947954	0.002950670851518157	1627.3333333333333	0.0029464400657826743	5.439581659906475e-06
ti|637386	Yersinia pestis Z176003	0.00020284927641715426	0.006488333003934516	3578.3999999989364	0.0	0.03244166501968222	3.7404198315778285e-05	0.0011136555106370444	614.1954916379683	0.0	0.029468027045600014
ti|632	Yersinia pestis	0.00020284927641715426	0.006488333003934516	3578.3999999989364	0.0	0.03244166501968222	3.7404198315778285e-05	0.0011136555106370444	614.1954916379683	0.0	0.029468027045600014
ti|377628	Yersinia pestis Nepal516	0.00020284927641715426	0.006488333003934516	3578.3999999989364	0.0	0.03244166501968222	3.7404198315778285e-05	0.0011136555106370444	614.1954916379683	0.0	0.029468027045600014
ti|1345710	Yersinia pestis 1045	0.00020284927641715426	0.006488333003934516	3578.3999999989364	0.0	0.03244166501968222	3.7404198315778285e-05	0.0011136555106370444	614.1954916379683	0.0	0.029468027045600014
ti|1345701	Yersinia pestis 790	0.00020284927641715426	0.006488333003934516	3578.3999999989364	0.0	0.03244166501968222	3.7404198315778285e-05	0.0011136555106370444	614.1954916379683	0.0	0.029468027045600014
ti|673	Grimontia hollisae	0.00019170649059995087	0.0012746753023047507	703.0	0.0012746753023047507	0.0	0.00019170649059995087	0.0012746753023047507	703.0	0.0012746753023047507	0.0
ti|561230	Pectobacterium carotovorum subsp. carotovorum PC1	0.00018740936773741166	0.004591006920961065	2532.0	0.004589193727074429	1.8131938866354919e-06	0.0001874046632678702	0.0030425393417743553	1678.0	0.003031660178454542	1.994513275299041e-05
ti|391008	Stenotrophomonas maltophilia R551-3	0.00018050009915039424	0.0020815465818575444	1148.0	0.0020815465818575444	0.0	0.0001801234743899505	0.0016241382040556316	895.7333333333336	0.0016028633957857748	3.626387773270984e-05
ti|465817	Erwinia tasmaniensis Et1/99	0.0001780916775743186	0.001080663556434753	596.0	0.001080663556434753	0.0	0.00017809167733651892	0.001080663556434753	596.0	0.001080663556434753	0.0
ti|380358	Xanthomonas albilineans GPE PC73	0.00017789754428236397	0.0014868189870411034	820.0	0.0014868189870411034	0.0	0.00017789754424940414	0.0014759398237212903	814.0	0.0014759398237212903	0.0
ti|326298	Sulfurimonas denitrificans DSM 1251	0.00017478887172197587	0.001131432985260547	624.0	0.001131432985260547	0.0	0.00017478887172197587	0.001131432985260547	624.0	0.001131432985260547	0.0
ti|386415	Clostridium novyi NT	0.0001547044669002405	0.0010679711992283047	589.0	0.0010679711992283047	0.0	0.000154704466892303	0.0010108555917992866	557.5	0.00101357538262924	0.0
ti|331272	Burkholderia cenocepacia HI2424	0.00014388116559616772	0.0043190278379657415	2382.0	0.0042265549497473315	9.247288821841008e-05	0.0003651754320185079	0.002731624078627654	1506.5261904761735	3.626387773270984e-05	0.0058783745804722645
ti|498211	Cellvibrio japonicus Ueda107	0.00014352818283779137	0.0023172617871201587	1278.0	0.0023172617871201587	0.0	0.00014352818283779137	0.0023172617871201587	1278.0	0.0023172617871201587	0.0
ti|864803	Clostridium beijerinckii ATCC 35702	0.00014112885231916427	0.0022365746591648792	1233.5	0.004449577797803497	2.3571520526261395e-05	0.00011800162642849901	0.0020517799822186186	1131.583333333337	0.00014505551093083936	0.004326280613512284
ti|290402	Clostridium beijerinckii NCIMB 8052	0.00014112885231916427	0.0022365746591648792	1233.5	0.004449577797803497	2.3571520526261395e-05	0.00011800162642849901	0.0020517799822186186	1131.583333333337	0.00014505551093083936	0.004326280613512284
ti|290338	Citrobacter koseri ATCC BAA-895	0.00013832977638445883	0.00243330619586483	1342.0	0.0024314930019781944	1.8131938866354919e-06	0.00012301061058972077	0.0021413819801165157	1181.0	0.002237481256108197	0.00014686870481747484
ti|448385	Sorangium cellulosum So ce56	0.00013783523584236522	0.004620018023147233	2548.0	0.004620018023147233	0.0	0.00013782777863455373	0.004611858650657373	2543.5	0.004612765247600691	7.2527755465419675e-06
ti|398527	Paraburkholderia phytofirmans PsJN	0.00013487960518216525	0.0028449012081310865	1569.0	0.0028449012081310865	0.0	0.0001348802434453721	0.002935560902462861	1619.0	0.002924681739143048	1.994513275299041e-05
ti|269482	Burkholderia vietnamiensis G4	0.0001308808876260164	0.0031350122299927652	1729.0	0.003115067097239775	1.994513275299041e-05	6.60300571055302e-05	0.0017815234334155965	982.5333333333359	0.0008104976673260648	0.0023825367670390362
ti|160488	Pseudomonas putida KT2440	0.00012937596418376884	0.002407921481451933	1328.0	0.0024024818997920266	5.439581659906475e-06	0.00012163567282397748	0.002229196686897594	1229.4309523809527	0.001758798070036427	0.0006328046664357866
ti|611301	Xanthomonas citri subsp. citri	0.00012798748942365376	0.005707934355128529	3148.0	0.005660791314076006	4.714304105252279e-05	1.8146126296019804e-05	0.000572776235181292	315.8935397935399	0.0	0.00394550989731883
ti|497965	Cyanothece sp. PCC 7822	0.00012504657274877402	0.001009948994855969	557.0	0.001009948994855969	0.0	0.00012504657274876776	0.001009948994855969	557.0	0.001009948994855969	0.0
ti|661410	Methylobacterium extorquens DM4	0.00012206514396196686	0.0016808307329111009	927.0	0.0016808307329111009	0.0	0.00012458751788442006	0.0012355405342515348	681.4166666666667	0.0011912683835195181	0.0003136825423879401
ti|575788	Vibrio tasmaniensis LGP32	0.00011933992798041892	0.004576501369867981	2524.0	0.004576501369867981	0.0	0.00011933974996225814	0.003957295657581961	2182.5	0.003963641836185185	0.0
ti|402882	Shewanella baltica OS185	0.00011538221845660445	0.006625410461766087	3654.0	0.006625410461766087	0.0	4.494514928163789e-05	0.002094782897229985	1155.3000000000009	0.0017116550289839043	0.0006998928402412999
ti|342610	Pseudoalteromonas atlantica T6c	0.00011220389648857522	0.001965502173112873	1084.0	0.001965502173112873	0.0	0.00011220389648857522	0.001965502173112873	1084.0	0.001965502173112873	0.0
ti|94122	Shewanella sp. ANA-3	0.0001055574314196658	0.0021885250211690385	1207.0	0.0021885250211690385	0.0	0.00010578375608239172	0.002186107429320191	1205.6666666666665	0.002174019470075955	3.626387773270984e-05
ti|311402	Agrobacterium vitis S4	0.00010541446278379859	0.0015176432831139066	837.0	0.0015176432831139066	0.0	0.00010541446278802973	0.0015176432831139066	837.0	0.0015176432831139066	0.0
ti|644651	Erwinia pyrifoliae DSM 12163	0.00010485960341653083	0.0032528698326240724	1794.0	0.0031767156893853818	7.615414323869066e-05	5.045367986521017e-05	0.0014667227547975632	808.9166666666684	2.7197908299532376e-05	0.0030806164133937008
ti|137722	Azospirillum sp. B510	0.00010372058501492096	0.0030461657295476263	1680.0	0.0030461657295476263	0.0	0.00010372045068702355	0.0030443525356609906	1679.0	0.0030425393417743553	3.6263877732709838e-06
ti|637910	Citrobacter rodentium ICC168	0.00010003650274977814	0.0009047837494311104	499.0	0.0009029705555444749	1.8131938866354919e-06	0.00010003650322130907	0.0008975309738845685	495.0	0.0008975309738845685	0.0
ti|223926	Vibrio parahaemolyticus RIMD 2210633	9.991898468512704e-05	0.008288109255810833	4571.0	0.008286296061924197	1.8131938866354919e-06	7.085371599119328e-05	0.004358132386120843	2403.5666666666643	0.0021486347556630577	0.005062437331486293
ti|258594	Rhodopseudomonas palustris CGA009	9.77144655050512e-05	0.004563809012661533	2517.0	0.004563809012661533	0.0	8.18731144379694e-05	0.0022075635569787115	1217.5	0.002105118102383806	0.0004913755432782183
ti|351746	Pseudomonas putida F1	9.427338259681114e-05	0.0026055596150952017	1437.0	0.0025964936456620243	9.06596943317746e-06	3.651581136569805e-05	0.001303643233207911	718.9761904761947	0.0004007158489464437	0.002337206919873149
ti|634503	Edwardsiella ictaluri 93-146	9.074594669577467e-05	0.0011078614647342855	611.0	0.0011078614647342855	0.0	9.073252587313924e-05	0.0009283552699573718	512.0	0.0009265420760707363	3.6263877732709838e-06
ti|266265	Paraburkholderia xenovorans LB400	8.997902284361762e-05	0.004826722126223679	2662.0	0.004824908932337044	1.8131938866354919e-06	8.997842997447727e-05	0.004817051758828289	2656.6666666666665	0.0048031506056974175	2.5384714412896886e-05
ti|446462	Actinosynnema mirum DSM 43827	8.992654522974592e-05	0.0006328046664357866	349.0	0.0006328046664357866	0.0	8.992654522974592e-05	0.0006328046664357866	349.0	0.0006328046664357866	0.0
ti|266940	Kineococcus radiotolerans SRS30216 = ATCC BAA-149	8.906338555435797e-05	0.0015847314569194199	874.0	0.0015847314569194199	0.0	8.906338555435789e-05	0.0015847314569194199	874.0	0.0015847314569194199	0.0
ti|441620	Methylobacterium populi BJ001	8.905788145613711e-05	0.001591984232465962	878.0	0.001591984232465962	0.0	8.92418118886346e-05	0.0016083029774456813	887.0	0.0016083029774456813	0.0
ti|205918	Pseudomonas syringae pv. syringae B728a	8.71557507558238e-05	0.005697055191808715	3142.0	0.005697055191808715	0.0	5.705343043633058e-05	0.003227062039637629	1779.7666666666676	0.002511273532990156	0.0016064897835590458
ti|264198	Ralstonia eutropha JMP134	8.325693021349291e-05	0.003843971039667243	2120.0	0.003843971039667243	0.0	8.325693391109378e-05	0.003845784233553878	2121.0	0.003845784233553878	0.0
ti|399742	Enterobacter sp. 638	7.975471611144851e-05	0.003067924056187252	1692.0	0.0030661108623006167	1.8131938866354919e-06	7.975471582164243e-05	0.003018967821248094	1665.0	0.003018967821248094	0.0
ti|399804	Shewanella putrefaciens 200	7.95945730568943e-05	0.003843971039667243	2120.0	0.003843971039667243	0.0	3.235114108364086e-05	0.0010036028162527444	553.4999999999998	0.0003082429607280336	0.0016717647634779235
ti|400668	Marinomonas sp. MWYL1	7.941045525802288e-05	0.0021885250211690385	1207.0	0.0021885250211690385	0.0	7.941045525802231e-05	0.0021885250211690385	1207.0	0.0021885250211690385	0.0
ti|62928	Azoarcus sp. BH72	7.900464235195047e-05	0.0026418234928279115	1457.0	0.0026418234928279115	0.0	6.841214122941471e-05	0.002327234353496654	1283.5	0.00256204296181595	7.978053101196164e-05
ti|882097	Listeria monocytogenes SLCC2376	7.756132250227793e-05	0.0015049509259074583	830.0	0.0008304428000790552	0.0006745081258284029	5.617148696256971e-05	0.0004963035362393157	273.7178521819537	0.00020851729696308156	0.0007053324219012063
ti|269796	Rhodospirillum rubrum ATCC 11170	7.628186138694945e-05	0.0016010502018991392	883.0	0.0016010502018991392	0.0	3.814102021244179e-05	0.0008032448917795229	443.0	0.0015937974263525972	7.2527755465419675e-06
ti|930782	Listeria monocytogenes J1-220	7.60480265286942e-05	0.0015149234922839535	835.5	0.0	0.003029846984567907	1.7603569144805924e-05	0.00019283427283619788	106.35060831471	0.0	0.002378910379265765
ti|882095	Listeria monocytogenes ATCC 19117	7.60480265286942e-05	0.0015149234922839535	835.5	0.0	0.003029846984567907	1.7603569144805924e-05	0.00019283427283619788	106.35060831471	0.0	0.002378910379265765
ti|176299	Agrobacterium fabrum str. C58	7.603175493028261e-05	0.0018222598560686692	1005.0	0.0018222598560686692	0.0	7.603051644265431e-05	0.0016862703145710074	930.0	0.0017569848761497917	2.5384714412896886e-05
ti|1639	Listeria monocytogenes	7.383419655450557e-05	0.003771443284201823	2080.0	0.0037025419165096743	6.890136769214868e-05	4.395455603419735e-06	0.00044062724062103733	243.01165135663015	0.0	0.004781392279057792
ti|338969	Rhodoferax ferrireducens T118	7.09191160248005e-05	0.006007111346423385	3313.0	0.006007111346423385	0.0	7.09191160248005e-05	0.006007111346423385	3313.0	0.006007111346423385	0.0
ti|636	Edwardsiella tarda	6.916921342067823e-05	0.0016608856001581105	916.0	0.0016608856001581105	0.0	6.880642528917499e-05	0.0010582101721385829	583.6166666666662	0.0008177504428726068	0.0008141240550993358
ti|366602	Caulobacter sp. K31	6.847485188396456e-05	0.0012438510062319475	686.0	0.0012438510062319475	0.0	6.847476276872657e-05	0.001238411424572041	683.0	0.001238411424572041	0.0
ti|1678678	Burkholderia sp. HB1	6.61296316376704e-05	0.002134129204569974	1177.0	0.0021323160106833383	1.8131938866354919e-06	6.61276487900784e-05	0.0021386621892865625	1179.5	0.002134129204569974	5.439581659906475e-06
ti|991791	Clostridium acetobutylicum DSM 1731	6.585659462827911e-05	0.0006509366053021416	359.0	0.0013018732106042832	0.0	4.4075766592908605e-05	0.00044060611445242927	243.00000000000261	0.0	0.0013018732106042832
ti|272562	Clostridium acetobutylicum ATCC 824	6.585659462827911e-05	0.0006509366053021416	359.0	0.0013018732106042832	0.0	4.4075766592908605e-05	0.00044060611445242927	243.00000000000261	0.0	0.0013018732106042832
ti|565655	Enterococcus casseliflavus EC20	6.482470020562692e-05	0.0020253375713718443	1117.0	0.0020253375713718443	0.0	6.224642693495148e-05	0.0016146491560489055	890.5	0.0017243473861903527	0.0
ti|288000	Bradyrhizobium sp. BTAi1	6.39692410796382e-05	0.004507600002175833	2486.0	0.0045039736144025615	3.6263877732709838e-06	6.396709078823425e-05	0.004507297803194727	2485.8333333333335	0.004505786808289197	3.6263877732709838e-06
ti|443144	Geobacter sp. M21	6.298370995981509e-05	0.004591006920961065	2532.0	0.004591006920961065	0.0	6.302776222485771e-05	0.0047260898655154095	2606.5	0.004726996462458727	0.0
ti|977880	Cupriavidus taiwanensis LMG 19424	6.107119293370274e-05	0.0019346778770400698	1067.0	0.0019346778770400698	0.0	6.106901780334348e-05	0.0019310514892667988	1065.0	0.0019310514892667988	0.0
ti|216591	Burkholderia cenocepacia J2315	5.987616985108657e-05	0.0005693428804035445	314.0	0.0005493977476505541	1.994513275299041e-05	0.000449206628962	0.001917137384751037	1057.3261904761987	0.0010752239747748467	0.001976381336432686
ti|384676	Pseudomonas entomophila L48	5.634426932391897e-05	0.0025003943696703433	1379.0	0.0025003943696703433	0.0	5.6344356597488166e-05	0.0025003943696703433	1379.0	0.0024985811757837076	1.8131938866354919e-06
ti|351627	Caldicellulosiruptor saccharolyticus DSM 8903	5.6299292868359986e-05	0.0021286896229100673	1174.0	0.0021286896229100673	0.0	5.646558306598293e-05	0.0021930580058856274	1209.5	0.002201217378375487	1.8131938866354919e-06
ti|349521	Hahella chejuensis KCTC 2396	5.497236860525194e-05	0.004819469350677137	2658.0	0.004819469350677137	0.0	5.497236860525194e-05	0.004819469350677137	2658.0	0.004819469350677137	0.0
ti|378806	Stigmatella aurantiaca DW4/3-1	5.405464378298203e-05	0.003649959293797245	2013.0	0.003649959293797245	0.0	5.405464390535663e-05	0.003649959293797245	2013.0	0.003649959293797245	0.0
ti|220664	Pseudomonas protegens Pf-5	5.403037911977424e-05	0.0023444596954196907	1293.0	0.0023444596954196907	0.0	2.7710548401558218e-05	0.0016454734521217109	907.5000000000011	0.0010443996787020432	0.0013000600167176477
ti|316273	Xanthomonas campestris pv. vesicatoria str. 85-10	5.192208838528019e-05	0.004032543203877334	2224.0	0.0039582022545252785	7.434094935205516e-05	4.621577628733181e-05	0.0033916748612957013	1870.552777777776	0.0025040207574436144	0.0016862703145710074
ti|395492	Rhizobium leguminosarum bv. trifolii WSM2304	5.120255497613673e-05	0.0015085773136807293	832.0	0.0015067641197940938	1.8131938866354919e-06	5.12017224282443e-05	0.001523536163245472	840.25	0.001515830089227271	9.06596943317746e-06
ti|674	Vibrio mimicus	5.108908811258327e-05	0.008085031540507657	4459.0	0.008085031540507657	0.0	5.111958164641521e-05	0.008316039415487657	4586.403846153844	0.008291735643584104	3.807707161934533e-05
ti|360104	Campylobacter concisus 13826	4.602149449467365e-05	0.0006237386970026091	344.0	0.0006237386970026091	0.0	4.602122778019724e-05	0.0006237386970026091	344.0	0.0006237386970026091	0.0
ti|391009	Thermosipho melanesiensis BI429	4.528387176848477e-05	0.0012148399040457795	670.0	0.0012148399040457795	0.0	4.528387176848477e-05	0.0012148399040457795	670.0	0.0012148399040457795	0.0
ti|425104	Shewanella sediminis HAW-EB3	4.4817340224893046e-05	0.002333580532099878	1287.0	0.002333580532099878	0.0	4.4817340224893046e-05	0.002333580532099878	1287.0	0.002333580532099878	0.0
ti|309798	Coprothermobacter proteolyticus DSM 5265	4.478651876755279e-05	0.0004877491555049473	269.0	0.0004877491555049473	0.0	4.478651876755279e-05	0.0004877491555049473	269.0	0.0004877491555049473	0.0
ti|218493	Salmonella bongori NCTC 12419	4.469307867447903e-05	0.0007017060341279354	387.0	0.0007017060341279354	0.0	2.4125598513973425e-05	0.00048475557515018954	267.34900151780647	0.0003064297668413981	0.00040978181837962114
ti|561231	Pectobacterium wasabiae WPP163	4.440840623103592e-05	0.003417870476307902	1885.0	0.0034160572824212666	1.8131938866354919e-06	2.9512599121628825e-05	0.002215722929468571	1222.0	0.001972754948659415	0.001091542719754566
ti|267608	Ralstonia solanacearum GMI1000	4.42982633847979e-05	0.0034124308946479956	1882.0	0.0034124308946479956	0.0	1.7963098008810446e-05	0.0021632914062466955	1193.0833333333337	0.0012492905878918538	0.0020434695102381994
ti|398578	Delftia acidovorans SPH-1	4.314716019618157e-05	0.0059545287237109555	3284.0	0.0059545287237109555	0.0	3.7906151134013974e-05	0.005688895819318855	3137.5	0.005852989866059368	0.00010153885765158754
ti|316055	Rhodopseudomonas palustris BisA53	4.304306553662376e-05	0.0034106177007613603	1881.0	0.0034106177007613603	0.0	4.3044401391614225e-05	0.003436002415174257	1895.0	0.003436002415174257	0.0
ti|41514	Salmonella enterica subsp. arizonae serovar 62:z4,z23:-	4.0365620984645965e-05	0.001109674658620921	612.0	0.0011078614647342855	1.8131938866354919e-06	2.080147317396977e-05	0.001154938437061956	636.9635622393505	0.0006110463397961608	0.0010516524542485853
ti|443143	Geobacter sp. M18	3.869860503831368e-05	0.004048861948857054	2233.0	0.004048861948857054	0.0	3.869861635574994e-05	0.004048861948857054	2233.0	0.004048861948857054	0.0
ti|398767	Geobacter lovleyi SZ	3.81593556288609e-05	0.0020815465818575444	1148.0	0.0020815465818575444	0.0	3.81593556288609e-05	0.0020815465818575444	1148.0	0.0020815465818575444	0.0
ti|642492	Clostridium lentocellum DSM 5427	3.809161742348462e-05	0.0005802220437233574	320.0	0.0005802220437233574	0.0	3.809161742348462e-05	0.0005802220437233574	320.0	0.0005802220437233574	0.0
ti|338966	Pelobacter propionicus DSM 2379	3.785152669681702e-05	0.004233807725293874	2335.0	0.004233807725293874	0.0	3.785152669681702e-05	0.004233807725293874	2335.0	0.004233807725293874	0.0
ti|75379	Thiomonas intermedia K12	3.7264388525374234e-05	0.0026037464212085664	1436.0	0.0026037464212085664	0.0	3.697933388059619e-05	0.0024913284002371656	1374.0	0.0026037464212085664	0.0
ti|515620	[Eubacterium] eligens ATCC 27750	3.697381159106613e-05	0.000756101850727	417.0	0.000756101850727	0.0	3.697381159106613e-05	0.000756101850727	417.0	0.000756101850727	0.0
ti|536019	Mesorhizobium opportunistum WSM2075	3.4396151638482696e-05	0.0007017060341279354	387.0	0.0007017060341279354	0.0	3.4396151237531884e-05	0.0007017060341279354	387.0	0.0007017060341279354	0.0
ti|273068	Caldanaerobacter subterraneus subsp. tengcongensis MB4	3.4098845455223034e-05	0.0019129195504004439	1055.0	0.0019129195504004439	0.0	3.409884477093323e-05	0.0019129195504004439	1055.0	0.0019129195504004439	0.0
ti|318167	Shewanella frigidimarina NCIMB 400	3.3956841677659005e-05	0.001434236364328674	791.0	0.001434236364328674	0.0	3.395684167935771e-05	0.001434236364328674	791.0	0.001434236364328674	0.0
ti|640510	Burkholderia sp. CCGE1001	3.391584751431166e-05	0.0026091860028684727	1439.0	0.0026073728089818374	1.8131938866354919e-06	2.9652107416552124e-05	0.0021308050157778087	1175.1666666666665	0.002126876429023432	0.0003408804506874725
ti|290339	Cronobacter sakazakii ATCC BAA-894	3.360501094598392e-05	0.0017370397433968013	958.0	0.0017370397433968013	0.0	2.278787116039079e-05	0.0018186334682953988	1003.0000000000003	0.0015248960586604487	0.0005711560742901799
ti|521098	Alicyclobacillus acidocaldarius subsp. acidocaldarius DSM 446	3.308506805290204e-05	0.0014614342726282064	806.0	0.0014614342726282064	0.0	3.308506662574771e-05	0.0014614342726282064	806.0	0.0014614342726282064	0.0
ti|66692	Bacillus clausii KSM-K16	3.212154164855082e-05	0.0006491234114155061	358.0	0.0006491234114155061	0.0	3.0020988464760798e-05	0.0005022547065980312	277.0	0.0006491234114155061	0.0
ti|76869	Pseudomonas putida GB-1	3.157110775812455e-05	0.003118693485013046	1720.0	0.0031168802911264106	1.8131938866354919e-06	3.157424128419938e-05	0.0031094764160893157	1714.9166666666667	0.0030534185050941683	8.340691878523262e-05
ti|502025	Haliangium ochraceum DSM 14365	3.091931497034933e-05	0.003680783589870048	2030.0	0.003680783589870048	0.0	3.091931497034933e-05	0.003680783589870048	2030.0	0.003680783589870048	0.0
ti|159087	Dechloromonas aromatica RCB	3.055439750565369e-05	0.0028702859225439837	1583.0	0.0028702859225439837	0.0	3.055439750565369e-05	0.0028702859225439837	1583.0	0.0028702859225439837	0.0
ti|225849	Shewanella piezotolerans WP3	2.9424769529511102e-05	0.0013000600167176477	717.0	0.0013000600167176477	0.0	2.9424769529511102e-05	0.0013000600167176477	717.0	0.0013000600167176477	0.0
ti|317025	Thiomicrospira crunogena XCL-2	2.8877979252845596e-05	0.0015974238141258682	881.0	0.0015974238141258682	0.0	2.8877979252845596e-05	0.0015974238141258682	881.0	0.0015974238141258682	0.0
ti|390235	Pseudomonas putida W619	2.832559261009766e-05	0.0025946804517753886	1431.0	0.0025946804517753886	0.0	2.8324704914872498e-05	0.002571108931249127	1418.0	0.0025946804517753886	0.0
ti|1347340	Campylobacter jejuni 4031	2.8303012809387086e-05	0.0028739123103172547	1585.0	0.0028739123103172547	0.0	1.5465999132422107e-06	0.0001243967850247942	68.60644409937932	0.0	0.001087916331981295
ti|349124	Halorhodospira halophila SL1	2.7013889144009725e-05	0.0025457242168362305	1404.0	0.0025457242168362305	0.0	2.7013889144009725e-05	0.0025457242168362305	1404.0	0.0025457242168362305	0.0
ti|637905	Shewanella violacea DSS12	2.651813878553344e-05	0.0014287967826687677	788.0	0.0014287967826687677	0.0	2.651813878553344e-05	0.0014287967826687677	788.0	0.0014287967826687677	0.0
ti|653733	Desulfurispirillum indicum S5	2.533862053117103e-05	0.001688083508457643	931.0	0.001688083508457643	0.0	2.533862053117103e-05	0.001688083508457643	931.0	0.001688083508457643	0.0
ti|399739	Pseudomonas mendocina ymp	2.5331755838475713e-05	0.002734296381046322	1508.0	0.002734296381046322	0.0	2.532961055547693e-05	0.0027209996258776613	1500.6666666666665	0.0027107248605200604	2.3571520526261395e-05
ti|316056	Rhodopseudomonas palustris BisB18	2.5006664799771616e-05	0.0025910540640021176	1429.0	0.0025910540640021176	0.0	2.503048716624062e-05	0.0026418234928279115	1457.0	0.0026418234928279115	0.0
ti|290398	Chromohalobacter salexigens DSM 3043	2.4496304874528642e-05	0.000766981014046813	423.0	0.000766981014046813	0.0	2.4496304874528642e-05	0.000766981014046813	423.0	0.000766981014046813	0.0
ti|446469	Sanguibacter keddieii DSM 10542	2.4469277742364388e-05	0.0011187406280540985	617.0	0.0011187406280540985	0.0	2.446927774236448e-05	0.0011187406280540985	617.0	0.0011187406280540985	0.0
ti|640511	Burkholderia sp. CCGE1002	2.3179439345441365e-05	0.003136825423879401	1730.0	0.0031241330666729526	1.2692357206448443e-05	2.33258744980426e-05	0.0038270478967253113	2110.6666666666665	0.0038185863252543457	1.2692357206448443e-05
ti|485914	Halomicrobium mukohataei DSM 12286	2.2938347304748362e-05	0.00034450683846074345	190.0	0.00034450683846074345	0.0	2.293834730474826e-05	0.00034450683846074345	190.0	0.00034450683846074345	0.0
ti|381666	Ralstonia eutropha H16	2.2738728287342798e-05	0.0014233572010088611	785.0	0.0014233572010088611	0.0	2.253872059700524e-05	0.0014061318590858239	775.5	0.0013889065171627866	3.445068384607434e-05
ti|114615	Bradyrhizobium sp. ORS 278	2.2693574012692743e-05	0.003018967821248094	1665.0	0.0030171546273614585	1.8131938866354919e-06	2.2693699556326093e-05	0.003028638188643483	1670.3333333333333	0.003026220596794636	5.439581659906475e-06
ti|526222	Desulfovibrio salexigens DSM 2638	2.2653854187435707e-05	0.0025348450535164174	1398.0	0.0025348450535164174	0.0	2.2653854187435707e-05	0.0025348450535164174	1398.0	0.0025348450535164174	0.0
ti|187272	Alkalilimnicola ehrlichii MLHE-1	2.2561299953557553e-05	0.0010661580053416692	588.0	0.0010661580053416692	0.0	2.2561299953557553e-05	0.0010661580053416692	588.0	0.0010661580053416692	0.0
ti|573062	Thermoanaerobacter sp. X513	2.213585793904391e-05	0.001387999920219469	765.5	0.000567529686516909	0.002208470153922029	1.2043051317174437e-05	0.0007179038995152118	395.933333333333	0.0	0.00217583266396259
ti|399726	Thermoanaerobacter sp. X514	2.213585793904391e-05	0.001387999920219469	765.5	0.000567529686516909	0.002208470153922029	1.2043051317174437e-05	0.0007179038995152118	395.933333333333	0.0	0.00217583266396259
ti|450851	Phenylobacterium zucineum HLK1	2.1964273462684194e-05	0.0011531913119001728	636.0	0.0011531913119001728	0.0	2.1964273552424377e-05	0.0011531913119001728	636.0	0.0011531913119001728	0.0
ti|383407	Xanthomonas oryzae pv. oryzicola BLS256	2.1834033418122773e-05	0.0013145655678107316	725.0	0.001287367659511199	2.7197908299532376e-05	1.7829303653770322e-05	0.0014251818619530816	786.0063242313299	0.00027560547076859474	0.0028630331469974416
ti|279010	Bacillus licheniformis DSM 13 = ATCC 14580	2.0420556101409693e-05	0.0011604440874467149	640.0	0.0011604440874467149	0.0	7.1494552434749325e-06	0.0004525127543080013	249.5666666666687	8.159372489859714e-05	0.0010788503625481177
ti|243274	Thermotoga maritima MSB8	2.009580403848673e-05	0.0015865446508060554	875.0	0.0015865446508060554	0.0	7.543180837329206e-06	0.0003067146973092956	169.15714285714157	0.0	0.0012075871284992375
ti|338187	Vibrio campbellii ATCC BAA-1116	1.932165541164445e-05	0.003236551087644353	1785.0	0.003236551087644353	0.0	1.932927912933792e-05	0.003180342077158653	1754.0	0.003178528883272017	1.087916331981295e-05
ti|522373	Stenotrophomonas maltophilia K279a	1.9046699352266487e-05	0.001227532261252228	677.0	0.001227532261252228	0.0	1.4162770675471019e-05	0.0011330648597585188	624.9	0.001002696219309427	0.00027923185854186576
ti|375451	Roseobacter denitrificans OCh 114	1.8844993727514275e-05	0.0011985211590660602	661.0	0.0011985211590660602	0.0	1.8844993287405073e-05	0.0011985211590660602	661.0	0.0011985211590660602	0.0
ti|312309	Vibrio fischeri ES114	1.8416117103827318e-05	0.0016318744979719427	900.0	0.0016318744979719427	0.0	1.8359814995507362e-05	0.0015185498800572245	837.5	0.0016083029774456813	1.813193886635492e-05
ti|652103	Rhodopseudomonas palustris DX-1	1.836877470379284e-05	0.0008648934839251296	477.0	0.0008648934839251296	0.0	1.836943017002255e-05	0.000881212228904849	486.0	0.000881212228904849	0.0
ti|394221	Maricaulis maris MCS10	1.8173785657732994e-05	0.0008268164123057843	456.0	0.0008268164123057843	0.0	1.8173785657732994e-05	0.0008268164123057843	456.0	0.0008268164123057843	0.0
ti|536227	Clostridium carboxidivorans P7	1.723673197792494e-05	0.002824956075378096	1558.0	0.002824956075378096	0.0	1.7235212270139515e-05	0.002824956075378096	1558.0	0.002824956075378096	0.0
ti|235279	Helicobacter hepaticus ATCC 51449	1.6803914033490827e-05	0.00042972695113261154	237.0	0.00042972695113261154	0.0	1.6803914033490827e-05	0.00042972695113261154	237.0	0.00042972695113261154	0.0
ti|391735	Verminephrobacter eiseniae EF01-2	1.6718034930940425e-05	0.003436002415174257	1895.0	0.003436002415174257	0.0	1.6718034932623426e-05	0.0034269364457410797	1890.0	0.0034269364457410797	0.0
ti|1415784	Bacillus toyonensis BCT-7112	1.6684153367648874e-05	0.0004659908288653214	257.0	0.0004478588899989665	1.813193886635492e-05	1.2546512261595432e-05	0.0005434072088439255	299.6961399711399	0.00023752839914924944	0.0006219255031159737
ti|399741	Serratia proteamaculans 568	1.647837744583849e-05	0.0014396759459885805	794.0	0.0014396759459885805	0.0	1.6478362678473496e-05	0.001412478037689048	779.0	0.0014034120682558707	9.06596943317746e-06
ti|663	Vibrio alginolyticus	1.609291581891989e-05	0.002137755592343245	1179.0	0.0021105576840437126	2.7197908299532376e-05	1.4016154897733189e-05	0.0016080007784645754	886.8333333333334	0.001334510700563722	0.0007198379729942903
ti|580331	Thermoanaerobacter italicus Ab9	1.604414337288521e-05	0.0010262677398356884	566.0	0.0010153885765158755	1.087916331981295e-05	8.888747315121405e-06	0.0004079686244929857	225.0	0.0002538471441289689	0.0003735179406469113
ti|368408	Thermofilum pendens Hrk 5	1.6011425185291678e-05	9.609927599168106e-05	53.0	9.609927599168106e-05	0.0	1.6011425185291678e-05	9.609927599168106e-05	53.0	9.609927599168106e-05	0.0
ti|357809	Lachnoclostridium phytofermentans ISDg	1.583225099027528e-05	0.001316378761697367	726.0	0.001316378761697367	0.0	1.583225099027528e-05	0.001316378761697367	726.0	0.001316378761697367	0.0
ti|342108	Magnetospirillum magneticum AMB-1	1.580080764144494e-05	0.00497540402492779	2744.0	0.00497540402492779	0.0	1.5800506878920585e-05	0.004970871040211201	2741.5	0.0049717776371545185	0.0
ti|522306	Candidatus Accumulibacter phosphatis clade IIA str. UW-1	1.5025952151427323e-05	0.0017968751416557725	991.0	0.0017968751416557725	0.0	1.5025952151427316e-05	0.0017968751416557725	991.0	0.0017968751416557725	0.0
ti|392500	Shewanella woodyi ATCC 51908	1.4607304489082078e-05	0.0024822624308039882	1369.0	0.0024822624308039882	0.0	1.4607304489082078e-05	0.0024822624308039882	1369.0	0.0024822624308039882	0.0
ti|265072	Methylobacillus flagellatus KT	1.4537108672397437e-05	0.0019002271931939955	1048.0	0.0019002271931939955	0.0	1.4537108672397437e-05	0.0019002271931939955	1048.0	0.0019002271931939955	0.0
ti|339670	Burkholderia ambifaria AMMD	1.4231619070845949e-05	0.0021939646028289453	1210.0	0.0021486347556630577	4.532984716588729e-05	1.585955582413439e-05	0.0027851866894645565	1536.066666666666	0.00252577908408324	0.0003970894611731727
ti|293826	Alkaliphilus metalliredigens QYMF	1.4010350335367976e-05	0.0011604440874467149	640.0	0.0011604440874467149	0.0	1.4010350335367976e-05	0.0011604440874467149	640.0	0.0011604440874467149	0.0
ti|398511	Bacillus pseudofirmus OF4	1.378254092316953e-05	0.0006128595336827962	338.0	0.0006128595336827962	0.0	8.078333260301487e-06	0.0005339855996141523	294.5	0.0006128595336827962	0.0
ti|316275	Aliivibrio salmonicida LFI1238	1.3588777066431476e-05	0.0012365982306854055	682.0	0.0012365982306854055	0.0	1.3588777008983296e-05	0.0012365982306854055	682.0	0.0012365982306854055	0.0
ti|393305	Yersinia enterocolitica subsp. enterocolitica 8081	1.3025310294069607e-05	0.003018967821248094	1665.0	0.0029917699129485614	2.7197908299532376e-05	8.669636166160098e-06	0.001928266941512325	1063.464285714287	0.0013181919555840026	0.0009736851171232591
ti|1311759	Mannheimia haemolytica D171	1.2009298942871906e-05	0.00040978181837962114	226.0	0.00040978181837962114	0.0	2.7791002673260493e-06	0.00011584294275726758	63.888888888888914	3.989026550598082e-05	0.00035175961400728544
ti|358681	Brevibacillus brevis NBRC 100599	1.1945647105226413e-05	0.000781486565139897	431.0	0.000781486565139897	0.0	1.1945647105226413e-05	0.000781486565139897	431.0	0.000781486565139897	0.0
ti|29486	Yersinia ruckeri	1.1750764997787111e-05	0.000995443443762885	549.0	0.000995443443762885	0.0	1.175076497549216e-05	0.000995443443762885	549.0	0.000995443443762885	0.0
ti|326297	Shewanella amazonensis SB2B	1.1037613026382352e-05	0.0020960521329506285	1156.0	0.0020960521329506285	0.0	1.1037613026382352e-05	0.0020960521329506285	1156.0	0.0020960521329506285	0.0
ti|441771	Clostridium botulinum A str. Hall	1.0954472912903826e-05	0.0020265463672963133	1117.6666666666918	0.0	0.006079639101888804	4.162962038748449e-06	0.0006975602827377871	384.7135642135652	0.0	0.0033671010474821085
ti|441770	Clostridium botulinum A str. ATCC 19397	1.0954472912903826e-05	0.0020265463672963133	1117.6666666666918	0.0	0.006079639101888804	4.162962038748449e-06	0.0006975602827377871	384.7135642135652	0.0	0.0033671010474821085
ti|413999	Clostridium botulinum A str. ATCC 3502	1.0954472912903826e-05	0.0020265463672963133	1117.6666666666918	0.0	0.006079639101888804	4.162962038748449e-06	0.0006975602827377871	384.7135642135652	0.0	0.0033671010474821085
ti|716541	Enterobacter cloacae subsp. cloacae ATCC 13047	1.067960502557762e-05	0.0022211625111284773	1225.0	0.002215722929468571	5.439581659906475e-06	9.903899942172719e-06	0.0016853853032691973	929.5119047619048	0.0014886321809277389	0.0004025290428330792
ti|379731	Pseudomonas stutzeri A1501	1.065871523594741e-05	0.0025167131146500627	1388.0	0.0025167131146500627	0.0	7.264007320653917e-06	0.002044980505143732	1127.833333333335	0.0016518196307249331	0.0008667066778117651
ti|205922	Pseudomonas fluorescens Pf0-1	1.0392017334188321e-05	0.0016500064368382976	910.0	0.0016500064368382976	0.0	1.0314002497008151e-05	0.0016219019315954475	894.5	0.0015956106202392327	5.620901048570025e-05
ti|522772	Denitrovibrio acetiphilus DSM 12809	9.92953769611297e-06	0.0026744609827873502	1475.0	0.0026744609827873502	0.0	9.92953769611297e-06	0.0026744609827873502	1475.0	0.0026744609827873502	0.0
ti|426117	Methylobacterium sp. 4-46	9.880140583740552e-06	0.0029609456168757584	1633.0	0.0029609456168757584	0.0	9.880036797889572e-06	0.0029555060352158516	1630.0	0.0029555060352158516	0.0
ti|323097	Nitrobacter hamburgensis X14	9.78527363595291e-06	0.0013997856804825997	772.0	0.0013997856804825997	0.0	9.785272718548753e-06	0.001109674658620921	612.0	0.0011151142402808275	9.06596943317746e-06
ti|1219076	Vibrio alginolyticus NBRC 15630 = ATCC 17749	9.711530375518907e-06	0.0007506622690670936	414.0	0.0007506622690670936	0.0	1.2495895069902378e-05	0.0017104462330594808	943.3333333333335	0.0014686870481747485	0.000656376186962048
ti|29459	Brucella melitensis	9.59155092675242e-06	0.004707051329705737	2596.0	0.004707051329705737	0.0	3.1066902890825785e-07	0.00013696913091655198	75.54025629918033	0.0	0.0038058939680478973
ti|592022	Bacillus megaterium DSM 319	9.532041100374224e-06	0.0007887393406864389	435.0	0.0007887393406864389	0.0	6.189529126016596e-06	0.0006189035133049145	341.3333333333333	0.00048049637995840536	0.00023571520526261393
ti|388396	Vibrio fischeri MJ11	9.405027785127766e-06	0.001541214803640168	850.0	0.001541214803640168	0.0	9.461329944093627e-06	0.0016545394215548863	912.5	0.001744292518943343	1.813193886635492e-05
ti|314282	Psychromonas sp. CNPT3	9.188734992947219e-06	0.0014179176193489546	782.0	0.0014179176193489546	0.0	9.188734992947219e-06	0.0014179176193489546	782.0	0.0014179176193489546	0.0
ti|325240	Shewanella baltica OS155	9.094472982536585e-06	0.0011967079651794246	660.0	0.0011967079651794246	0.0	2.751052098207361e-05	0.0010337320546690027	570.1166666666657	0.00014868189870411033	0.0022356680622215614
ti|266834	Sinorhizobium meliloti 1021	9.092109541293457e-06	0.0007751403865366728	427.5	0.0005548373293104605	0.000995443443762885	2.7269129551643292e-06	0.00041219293453601734	227.32976190476253	0.0	0.0015502807730733456
ti|1286640	Sinorhizobium meliloti 2011	9.092109541293457e-06	0.0007751403865366728	427.5	0.0005548373293104605	0.000995443443762885	2.7269129551643292e-06	0.00041219293453601734	227.32976190476253	0.0	0.0015502807730733456
ti|338963	Pelobacter carbinolicus DSM 2380	8.720996322052536e-06	0.0026599554316942666	1467.0	0.0026599554316942666	0.0	8.720996322052536e-06	0.0026599554316942666	1467.0	0.0026599554316942666	0.0
ti|381754	Pseudomonas aeruginosa PA7	8.666355800357457e-06	0.0007397831057472807	408.0	0.0007397831057472807	0.0	1.0107799278864282e-05	0.0023665257419833463	1305.1697115384613	0.0022139097355819357	0.00016137425591055877
ti|420246	Geobacillus thermodenitrificans NG80-2	8.539063080611277e-06	0.0011822024140863408	652.0	0.0011822024140863408	0.0	8.539057989672623e-06	0.0011822024140863408	652.0	0.0011822024140863408	0.0
ti|156889	Magnetococcus marinus MC-1	8.38369799085323e-06	0.004639963155900224	2559.0	0.004639963155900224	0.0	8.38369799085323e-06	0.004639963155900224	2559.0	0.004639963155900224	0.0
ti|381764	Fervidobacterium nodosum Rt17-B1	8.328056905809094e-06	0.0009446740149370912	521.0	0.0009446740149370912	0.0	8.328056905809094e-06	0.0009446740149370912	521.0	0.0009446740149370912	0.0
ti|573065	Asticcacaulis excentricus CB 48	8.239886976950633e-06	0.0005947275948164413	328.0	0.0005947275948164413	0.0	8.239886976950633e-06	0.0005947275948164413	328.0	0.0005947275948164413	0.0
ti|572480	Arcobacter nitrofigilis DSM 7299	7.844831665016537e-06	0.0007524754629537291	415.0	0.0007524754629537291	0.0	7.844831665016537e-06	0.0007524754629537291	415.0	0.0007524754629537291	0.0
ti|529120	Alteromonas macleodii ATCC 27126	7.704049166949066e-06	0.0017170946106438106	947.0	0.0017170946106438106	0.0	4.202274648881018e-06	0.0012429444092886303	685.5000000000003	0.0008014316978928874	0.0009156629127509234
ti|316058	Rhodopseudomonas palustris HaA2	7.612599928560843e-06	0.0007307171363141032	403.0	0.0007307171363141032	0.0	7.817332219390002e-06	0.0009301684638440074	513.0	0.0009301684638440074	0.0
ti|458817	Shewanella halifaxensis HAW-EB4	7.576965910910908e-06	0.0014015988743692352	773.0	0.0014015988743692352	0.0	7.576966339501502e-06	0.0014015988743692352	773.0	0.0014015988743692352	0.0
ti|426355	Methylobacterium radiotolerans JCM 2831	7.273205633075323e-06	0.00199088688752577	1098.0	0.00199088688752577	0.0	7.267808797945993e-06	0.001980007724205957	1092.0	0.001980007724205957	0.0
ti|592316	Pantoea sp. At-9b	7.154391608978878e-06	0.0016155557529922231	891.0	0.0016155557529922231	0.0	7.1544170874059e-06	0.0016228085285387652	895.0	0.0016228085285387652	0.0
ti|480224	Chloroflexus sp. Y-400-fl	7.037471977379362e-06	0.0009174761066375589	506.0	0.0018349522132751178	0.0	7.037471977379362e-06	0.0009174761066375589	506.0	0.0018349522132751178	0.0
ti|324602	Chloroflexus aurantiacus J-10-fl	7.037471977379362e-06	0.0009174761066375589	506.0	0.0018349522132751178	0.0	7.037471977379362e-06	0.0009174761066375589	506.0	0.0018349522132751178	0.0
ti|153948	Nitrosomonas sp. AL212	6.776090869663353e-06	0.0009628059538034461	531.0	0.0009628059538034461	0.0	6.4232747608450525e-06	0.0009628059538034461	531.0	0.0009628059538034461	0.0
ti|550542	Geobacillus sp. Y412MC52	6.742004451929968e-06	0.0010199215612324642	562.5	5.439581659906475e-05	0.0019854473058658634	3.431494410912871e-06	0.000337033889370824	185.87857142857126	0.0	0.0012529169756651248
ti|544556	Geobacillus sp. Y412MC61	6.742004451929968e-06	0.0010199215612324642	562.5	5.439581659906475e-05	0.0019854473058658634	3.431494410912871e-06	0.000337033889370824	185.87857142857126	0.0	0.0012529169756651248
ti|195102	Clostridium perfringens str. 13	6.680804786250788e-06	0.0004442325022256955	245.0	0.0004442325022256955	0.0	3.7555661283128597e-06	0.00015925886304281743	87.83333333333337	0.00013598954149766188	5.983539825897123e-05
ti|318161	Shewanella denitrificans OS217	6.512427201823858e-06	0.0020561618674446477	1134.0	0.0020561618674446477	0.0	6.512427201823858e-06	0.0020561618674446477	1134.0	0.0020561618674446477	0.0
ti|509190	Caulobacter segnis ATCC 21756	6.263823247163485e-06	0.0016083029774456813	887.0	0.0016083029774456813	0.0	6.263913926141293e-06	0.0016137425591055878	890.0	0.0016137425591055878	0.0
ti|403833	Petrotoga mobilis SJ95	6.124129572529512e-06	0.0007071456157878418	390.0	0.0007071456157878418	0.0	6.124129572529512e-06	0.0007071456157878418	390.0	0.0007071456157878418	0.0
ti|211586	Shewanella oneidensis MR-1	6.02148249976334e-06	0.0024314930019781944	1341.0	0.0024314930019781944	0.0	6.021495988168963e-06	0.0024423721652980074	1347.0	0.0024423721652980074	0.0
ti|360105	Campylobacter curvus 525.92	5.839062017594416e-06	0.0006237386970026091	344.0	0.0006237386970026091	0.0	5.839062037121657e-06	0.0006237386970026091	344.0	0.0006237386970026091	0.0
ti|557598	Laribacter hongkongensis HLHK9	5.770403588508449e-06	0.0014360495582153095	792.0	0.0014360495582153095	0.0	5.7704036004858515e-06	0.001430609976555403	789.0	0.001430609976555403	0.0
ti|1454627	Salmonella enterica subsp. enterica serovar Newport str. CDC 2010K-2159	5.741494101916718e-06	7.2527755465419675e-06	4.0	7.2527755465419675e-06	0.0	2.1295526032841183e-05	0.00021073384142473753	116.22245308568127	0.0	0.001920172325946986
ti|545693	Bacillus megaterium QM B1551	5.605867413139282e-06	0.0005929144009298058	327.0	0.0005929144009298058	0.0	4.3727582555162375e-06	0.0005599747119892608	308.8333333333332	0.0004079686244929857	0.0002901110218616787
ti|367737	Arcobacter butzleri RM4018	5.585450364698043e-06	0.0010861031380946596	599.0	0.0010861031380946596	0.0	5.503561279709813e-06	0.0010607184236817626	585.0	0.001035333709268866	5.076942882579377e-05
ti|323850	Shewanella loihica PV-4	5.438635125103171e-06	0.0020942389390639932	1155.0	0.0020942389390639932	0.0	5.438635125103171e-06	0.0020942389390639932	1155.0	0.0020942389390639932	0.0
ti|70601	Pyrococcus horikoshii OT3	5.300912317698037e-06	0.00036989155287364033	204.0	0.00036989155287364033	0.0	5.300912317698037e-06	0.00036989155287364033	204.0	0.00036989155287364033	0.0
ti|444177	Lysinibacillus sphaericus C3-41	5.231905380692907e-06	0.0004224741755860696	233.0	0.0004224741755860696	0.0	2.5783849245120544e-06	0.00019642933771884497	108.33333333333334	7.2527755465419675e-06	0.00039164987951326624
ti|716540	Erwinia amylovora ATCC 49946	5.209246163246311e-06	0.0013190985525273202	727.5	0.0006545629930754125	0.001983634111979228	4.112922462732612e-06	0.0010523722372763054	580.396969696967	0.0	0.002765120677119125
ti|665029	Erwinia amylovora CFBP1430	5.209246163246311e-06	0.0013190985525273202	727.5	0.0006545629930754125	0.001983634111979228	4.112922462732612e-06	0.0010523722372763054	580.396969696967	0.0	0.002765120677119125
ti|382245	Aeromonas salmonicida subsp. salmonicida A449	5.1956865392456206e-06	0.0020815465818575444	1148.0	0.0020815465818575444	0.0	5.290946439456423e-06	0.0022438274347114213	1237.5	0.0022356680622215614	1.6318744979719426e-05
ti|283942	Idiomarina loihiensis L2TR	5.163288184211823e-06	0.00048684255856162954	268.5	0.0009736851171232591	0.0	5.163288184211823e-06	0.00048684255856162954	268.5	0.0009736851171232591	0.0
ti|1321370	Idiomarina loihiensis GSL 199	5.163288184211823e-06	0.00048684255856162954	268.5	0.0009736851171232591	0.0	5.163288184211823e-06	0.00048684255856162954	268.5	0.0009736851171232591	0.0
ti|405948	Saccharopolyspora erythraea NRRL 2338	4.973317948947705e-06	0.00010697843931149402	59.0	0.00010697843931149402	0.0	4.973317948947705e-06	0.00010697843931149402	59.0	0.00010697843931149402	0.0
ti|292415	Thiobacillus denitrificans ATCC 25259	4.698982910837125e-06	0.0020525354796713767	1132.0	0.0020525354796713767	0.0	4.698982910837124e-06	0.0020525354796713767	1132.0	0.0020525354796713767	0.0
ti|347834	Rhizobium etli CFN 42	4.605013661426035e-06	0.0013526426394300768	746.0	0.0013526426394300768	0.0	2.3635063510421595e-06	0.0010144819795725576	559.5	0.0007579150446136355	0.0006128595336827962
ti|631	Yersinia intermedia	4.412313589730141e-06	0.002817703299831554	1554.0	0.0028104505242850125	7.2527755465419675e-06	4.4122876627268276e-06	0.0026439388856956533	1458.1666666666667	0.002623691553961557	3.263748995943885e-05
ti|395963	Beijerinckia indica subsp. indica ATCC 9039	4.385160874979392e-06	0.000899344167771204	496.0	0.000899344167771204	0.0	4.385160874979392e-06	0.000899344167771204	496.0	0.000899344167771204	0.0
ti|419610	Methylobacterium extorquens PA1	4.343385474165125e-06	0.0003952762672865372	218.0	0.00039164987951326624	3.6263877732709838e-06	9.457302333207536e-05	0.0026667549087691493	1470.7499999999998	0.002536658247403053	0.0004551116655455084
ti|392499	Sphingomonas wittichii RW1	4.174552951121988e-06	0.0005004415127113957	276.0	0.0005004415127113957	0.0	4.174552951121988e-06	0.0005004415127113957	276.0	0.0005004415127113957	0.0
ti|1430440	Magnetospirillum gryphiswaldense MSR-1 v2	4.121297155331314e-06	0.0016209953346521297	894.0	0.0016191821407654941	1.8131938866354919e-06	4.121297585026684e-06	0.0016246217224254007	896.0	0.0016246217224254007	0.0
ti|326427	Chloroflexus aggregans DSM 9485	4.011111520578314e-06	0.0006890136769214869	380.0	0.0006890136769214869	0.0	4.011111520578314e-06	0.0006890136769214869	380.0	0.0006890136769214869	0.0
ti|360106	Campylobacter fetus subsp. fetus 82-40	3.979684417124675e-06	0.0002538471441289689	140.0	0.0002538471441289689	0.0	1.4425787532414265e-06	8.431351572855042e-05	46.50000000000003	0.0	0.0002538471441289689
ti|903510	Vibrio furnissii NCTC 11218	3.8844413413970776e-06	0.0019383042648133408	1069.0	0.0019383042648133408	0.0	3.884441361402854e-06	0.0019419306525866118	1071.0	0.0019419306525866118	0.0
ti|460265	Methylobacterium nodulans ORS 2060	3.730860349047199e-06	0.0014179176193489546	782.0	0.0014179176193489546	0.0	3.730964153593421e-06	0.0014233572010088611	785.0	0.0014233572010088611	0.0
ti|414684	Rhodospirillum centenum SW	3.6837670735829044e-06	0.000999069831536156	551.0	0.000999069831536156	0.0	1.9059485703607251e-06	0.0006128595336827962	338.0	0.0009736851171232591	2.5384714412896886e-05
ti|298386	Photobacterium profundum SS9	3.5180854800603935e-06	0.0035266621095060317	1945.0	0.0035266621095060317	0.0	3.5180854800603935e-06	0.0035266621095060317	1945.0	0.0035266621095060317	0.0
ti|639282	Deferribacter desulfuricans SSM1	3.5115584211426084e-06	0.0018385786010483888	1014.0	0.0018385786010483888	0.0	3.5115584211426084e-06	0.0018385786010483888	1014.0	0.0018385786010483888	0.0
ti|1367477	Bacillus infantis NRRL B-14911	3.170248958059523e-06	0.0008213768306458778	453.0	0.0008213768306458778	0.0	3.170248958059523e-06	0.0008213768306458778	453.0	0.0008213768306458778	0.0
ti|291112	Photorhabdus asymbiotica	3.0585715995329995e-06	0.0007869261467998034	434.0	0.0007869261467998034	0.0	1.5310370933173022e-06	0.00040615543060635017	224.0	0.00027016588910868826	0.0005167602576911152
ti|416269	Actinobacillus pleuropneumoniae serovar 5b str. L20	3.0082603845273495e-06	0.00038439710396672425	212.0	0.00038439710396672425	0.0	8.815419558475391e-07	0.00010984932963200035	60.58333333333341	2.17583266396259e-05	0.00020670410307644608
ti|481743	Paenibacillus sp. Y412MC10	3.0011987807617816e-06	0.0004170345939261631	230.0	0.0004170345939261631	0.0	3.001198780611112e-06	0.0004170345939261631	230.0	0.0004170345939261631	0.0
ti|218491	Pectobacterium atrosepticum SCRI1043	2.959410176912076e-06	0.004134082061528922	2280.0	0.004134082061528922	0.0	1.8327527641803882e-06	0.0026427300897712298	1457.5000000000002	0.0018349522132751178	0.0021069312962704416
ti|383372	Roseiflexus castenholzii DSM 13941	2.9420527991171804e-06	0.00164094046740512	905.0	0.00164094046740512	0.0	2.9420527990032502e-06	0.00164094046740512	905.0	0.00164094046740512	0.0
ti|390874	Thermotoga petrophila RKU-1	2.9400770630595464e-06	0.000980937892669801	541.0	0.000980937892669801	0.0	3.336042423477244e-06	0.0006994827130526554	385.7738095238091	0.000449672083885602	0.0009555531782569042
ti|269084	Synechococcus elongatus PCC 6301	2.899796092328073e-06	0.0014360495582153095	792.0	0.0014360495582153095	0.0	9.926676808135236e-07	0.0005403317782173758	297.99999999999955	0.00018131938866354917	0.0010734107808882112
ti|65393	Cyanothece sp. PCC 7424	2.8975581600278825e-06	0.0010770371686614822	594.0	0.0010770371686614822	0.0	2.8975581600341213e-06	0.0010770371686614822	594.0	0.0010770371686614822	0.0
ti|581103	Geobacillus sp. Y4.1MC1	2.8689232584616656e-06	0.0013907197110494221	767.0	0.0013907197110494221	0.0	1.203987744366306e-06	0.0005273372220298232	290.8333333333339	0.00014324231704420385	0.0010407732909287722
ti|1774373	Alteromonas mediterranea DE	2.8559474846103033e-06	0.002380723573152401	1313.0	0.002380723573152401	0.0	2.328612568152987e-06	0.0012693803444429501	700.0797619047647	0.0008902781983380264	0.0014904453748143744
ti|485916	Desulfotomaculum acetoxidans DSM 771	2.845566468050934e-06	0.0010933559136412016	603.0	0.0010933559136412016	0.0	2.845566468050934e-06	0.0010933559136412016	603.0	0.0010933559136412016	0.0
ti|28031	Lysinibacillus fusiformis	2.8362129003793634e-06	0.0007180247791076547	396.0	0.0007180247791076547	0.0	2.911592215872749e-06	0.0007494534731426699	413.33333333333326	0.0007415962996339162	2.3571520526261395e-05
ti|360911	Exiguobacterium sp. AT1b	2.8284260591879533e-06	0.00047143041052522786	260.0	0.00047143041052522786	0.0	2.8284260591879533e-06	0.00047143041052522786	260.0	0.00047143041052522786	0.0
ti|43989	Cyanothece sp. ATCC 51142	2.782545368759759e-06	0.0013544558333167124	747.0	0.0013544558333167124	0.0	2.782545368759759e-06	0.0013544558333167124	747.0	0.0013544558333167124	0.0
ti|844	Wolinella succinogenes	2.7183123340367743e-06	0.0007923657284597099	437.0	0.0007923657284597099	0.0	2.7183123340367743e-06	0.0007923657284597099	437.0	0.0007923657284597099	0.0
ti|485917	Pedobacter heparinus DSM 2366	2.6452638515007597e-06	0.0004931887371648538	272.0	0.0004931887371648538	0.0	2.6452638515007597e-06	0.0004931887371648538	272.0	0.0004931887371648538	0.0
ti|439292	[Bacillus] selenitireducens MLS10	2.4377096837668825e-06	0.0014269835887821321	787.0	0.0014269835887821321	0.0	2.4377096837668825e-06	0.0014269835887821321	787.0	0.0014269835887821321	0.0
ti|395491	Rhizobium leguminosarum bv. trifolii WSM1325	2.352387126310628e-06	0.0009410476271638202	519.0	0.0009410476271638202	0.0	6.103475492531138e-06	0.0018086609019189032	997.5	0.001798688335542408	1.2692357206448443e-05
ti|683837	Listeria seeligeri serovar 1/2b str. SLCC3954	2.3431672313323064e-06	0.00021214368473635253	117.0	0.00021214368473635253	0.0	2.3395100843843915e-06	0.0002112370877930348	116.5	0.00021033049084971705	1.8131938866354919e-06
ti|648757	Rhodomicrobium vannielii ATCC 17100	2.299849432968388e-06	0.0008648934839251296	477.0	0.0008648934839251296	0.0	2.299849432968388e-06	0.0008648934839251296	477.0	0.0008648934839251296	0.0
ti|1396	Bacillus cereus	2.2635019323107876e-06	0.0004913755432782183	271.0	0.0004913755432782183	0.0	4.991846522726451e-05	0.0005671491825407691	312.7901471106072	3.263748995943885e-05	0.0023009430421404393
ti|69014	Thermococcus kodakarensis KOD1	2.260957156092409e-06	0.00036989155287364033	204.0	0.00036989155287364033	0.0	2.260957155452583e-06	0.00036989155287364033	204.0	0.00036989155287364033	0.0
ti|324057	Paenibacillus sp. JDR-2	2.112263734770772e-06	0.0007107720035611128	392.0	0.0007107720035611128	0.0	2.112263734770772e-06	0.0007107720035611128	392.0	0.0007107720035611128	0.0
ti|593588	Vibrio cholerae MJ-1236	2.038224999430368e-06	0.0007724205957067195	426.0	0.0007724205957067195	0.0	0.011142164092623348	0.006141746185135098	3387.2528638024132	0.0	0.06150172344078925
ti|167879	Colwellia psychrerythraea 34H	1.9561853399764294e-06	0.0009283552699573718	512.0	0.0009283552699573718	0.0	1.9561853399764294e-06	0.0009283552699573718	512.0	0.0009283552699573718	0.0
ti|85643	Thauera sp. MZ1T	1.8819617434736201e-06	0.000995443443762885	549.0	0.000995443443762885	0.0	1.8819619542055162e-06	0.0009936302498762496	548.0	0.0009936302498762496	0.0
ti|196162	Nocardioides sp. JS614	1.860198557863806e-06	0.001091542719754566	602.0	0.001091542719754566	0.0	1.860198557863806e-06	0.001091542719754566	602.0	0.001091542719754566	0.0
ti|1492	Clostridium butyricum	1.8419414388378577e-06	0.0015212696708871776	839.0	0.0015194564770005421	1.8131938866354919e-06	1.841943860117261e-06	0.0015230828647738131	840.0	0.0015230828647738131	0.0
ti|555217	Zymomonas mobilis subsp. mobilis ATCC 10988	1.8118050241155202e-06	0.0004750567982984989	262.0	0.0004750567982984989	0.0	8.67067593844076e-07	0.0003849410621327149	212.29999999999998	0.00021577007250962353	0.00025928672578887535
ti|351348	Marinobacter hydrocarbonoclasticus VT8	1.8070763093201954e-06	0.0017859959783359594	985.0	0.0017859959783359594	0.0	1.54735087064818e-06	0.0016400338704618024	904.5	0.00176967723335624	1.6318744979719426e-05
ti|366394	Sinorhizobium medicae WSM419	1.800917567394851e-06	0.0012402246184586765	684.0	0.0012402246184586765	0.0	1.7955538045858731e-06	0.0012402246184586765	684.0	0.0012402246184586765	0.0
ti|1491	Clostridium botulinum	1.760154277688266e-06	0.0016209953346521297	894.0	0.0015865446508060554	3.445068384607434e-05	2.443031037647516e-06	0.0009185454462356307	506.5897546897514	0.00036989155287364033	0.00197094175477278
ti|190893	Vibrio coralliilyticus	1.6920509162538788e-06	0.0022846242971607195	1260.0	0.0022846242971607195	0.0	1.6920509162516314e-06	0.0022846242971607195	1260.0	0.0022846242971607195	0.0
ti|573061	Clostridium cellulovorans 743B	1.6592327159580605e-06	0.002023524377485209	1116.0	0.002023524377485209	0.0	1.6592327121180938e-06	0.002023524377485209	1116.0	0.002023524377485209	0.0
ti|396595	Thioalkalivibrio sp. K90mix	1.653367103987041e-06	0.0007996185040062519	441.0	0.0007996185040062519	0.0	1.6533671039870372e-06	0.0007996185040062519	441.0	0.0007996185040062519	0.0
ti|391595	Roseobacter litoralis Och 149	1.6343201887609887e-06	0.0008195636367592423	452.0	0.0008195636367592423	0.0	1.6343206288701881e-06	0.0008195636367592423	452.0	0.0008195636367592423	0.0
ti|439842	Salmonella enterica subsp. enterica serovar Kentucky str. CVM29188	1.5847631327443534e-06	0.0001776930008902782	98.0	0.0001776930008902782	0.0	1.5847631327443534e-06	0.0001776930008902782	98.0	0.0001776930008902782	0.0
ti|585054	Escherichia fergusonii ATCC 35469	1.5476045264067672e-06	0.0005874748192698994	324.0	0.0005874748192698994	0.0	1.6224424592304437e-06	0.0006574517929817506	362.5932107027442	0.0006255518908892447	5.439581659906475e-05
ti|555778	Halothiobacillus neapolitanus c2	1.527525186363639e-06	0.0004968151249381248	274.0	0.0004968151249381248	0.0	1.527525186363639e-06	0.0004968151249381248	274.0	0.0004968151249381248	0.0
ti|583346	Clostridium kluyveri NBRC 12016	1.446496218579825e-06	0.0009138497188642879	504.0	0.0018276994377285757	0.0	1.446496218579825e-06	0.0009138497188642879	504.0	0.0018258862438419402	1.8131938866354919e-06
ti|431943	Clostridium kluyveri DSM 555	1.446496218579825e-06	0.0009138497188642879	504.0	0.0018276994377285757	0.0	1.446496218579825e-06	0.0009138497188642879	504.0	0.0018258862438419402	1.8131938866354919e-06
ti|262543	Exiguobacterium sibiricum 255-15	1.408843871491467e-06	0.0006019803703629832	332.0	0.0006019803703629832	0.0	1.4088438714737698e-06	0.0006019803703629832	332.0	0.0006019803703629832	0.0
ti|565050	Caulobacter crescentus NA1000	1.3952991476675441e-06	0.0009292618669006896	512.5	0.0014433023337618515	0.0004152214000395276	1.3952983164571598e-06	0.0009292618669006896	512.5	0.0014396759459885805	0.00041884778781279864
ti|190650	Caulobacter crescentus CB15	1.3952991476675441e-06	0.0009292618669006896	512.5	0.0014433023337618515	0.0004152214000395276	1.3952983164571598e-06	0.0009292618669006896	512.5	0.0014396759459885805	0.00041884778781279864
ti|292414	Ruegeria sp. TM1040	1.2465655268167828e-06	0.0008721462594716715	481.0	0.0008721462594716715	0.0	1.2465655267518867e-06	0.0008721462594716715	481.0	0.0008721462594716715	0.0
ti|438753	Azorhizobium caulinodans ORS 571	1.239849564099942e-06	0.00034632003234737896	191.0	0.00034632003234737896	0.0	1.2398496209068525e-06	0.0003481332262340144	192.0	0.0003481332262340144	0.0
ti|373903	Halothermothrix orenii H 168	1.180108321382053e-06	0.0012819280778512928	707.0	0.0012819280778512928	0.0	1.180108321382053e-06	0.0012819280778512928	707.0	0.0012819280778512928	0.0
ti|396588	Thioalkalivibrio sulfidiphilus HL-EbGr7	1.179529425613216e-06	0.0008141240550993358	449.0	0.0008141240550993358	0.0	1.179529425613213e-06	0.0008141240550993358	449.0	0.0008141240550993358	0.0
ti|682634	Serratia plymuthica 4Rx13	1.1377760138930563e-06	0.0006726949319417675	371.0	0.0006726949319417675	0.0	5.563591408468912e-07	0.0005526917165446081	304.81666666666644	0.0004478588899989665	0.00022846242971607197
ti|484021	Klebsiella pneumoniae subsp. pneumoniae NTUH-K2044	1.1281603504540503e-06	0.0003753311345335468	207.0	2.7197908299532376e-05	0.0007234643607675613	1.0394472777973172e-06	4.638333670635853e-05	25.58101317693391	0.0	0.00027741866465523025
ti|1193292	Klebsiella pneumoniae subsp. pneumoniae 1084	1.1281603504540503e-06	0.0003753311345335468	207.0	2.7197908299532376e-05	0.0007234643607675613	1.0394472777973172e-06	4.638333670635853e-05	25.58101317693391	0.0	0.00027741866465523025
ti|406425	Burkholderia cenocepacia MC0-3	1.1144466007889232e-06	0.000446045696112331	246.0	0.000446045696112331	0.0	2.8108580663968994e-05	0.0028367591041544306	1564.5095238095225	0.0022211625111284773	0.001441489139875216
ti|272558	Bacillus halodurans C-125	1.0783917338084888e-06	0.0008739594533583071	482.0	0.0008739594533583071	0.0	1.0782433192318016e-06	0.0008531077236619989	470.5	0.0008739594533583071	0.0
ti|273526	Serratia marcescens subsp. marcescens Db11	1.0769603070292302e-06	0.0005856616253832639	323.0	0.0005856616253832639	0.0	9.462832388649815e-07	0.0004887161922444863	269.53333333333336	0.0004750567982984989	2.901110218616787e-05
ti|634176	Aggregatibacter aphrophilus NJ8700	1.0566377536452123e-06	5.439581659906475e-05	30.0	5.439581659906475e-05	0.0	1.0566185136695951e-06	5.439581659906475e-05	30.0	5.439581659906475e-05	0.0
ti|227882	Streptomyces avermitilis MA-4680 = NBRC 14893	1.0439035573507027e-06	0.000110604827084765	61.0	0.000110604827084765	0.0	1.0439034813785423e-06	7.88739340686439e-05	43.5	7.796733712532614e-05	1.8131938866354919e-06
ti|1069534	Lactobacillus ruminis ATCC 27782	1.006491532010435e-06	0.000435166532792518	240.0	0.000435166532792518	0.0	1.006491532010435e-06	0.000435166532792518	240.0	0.000435166532792518	0.0
ti|471223	Geobacillus sp. WCH70	1.0063370011750079e-06	0.0006799477074883094	375.0	0.0006799477074883094	0.0	1.0063370483586434e-06	0.0006799477074883094	375.0	0.0006799477074883094	0.0
ti|221109	Oceanobacillus iheyensis HTE831	1.003581182617308e-06	0.0006545629930754125	361.0	0.0006545629930754125	0.0	1.003581182617308e-06	0.0006545629930754125	361.0	0.0006545629930754125	0.0
ti|546	Citrobacter freundii	9.64238243274824e-07	0.0023462728893063264	1294.0	0.0023426465015330554	3.6263877732709838e-06	9.246766405668622e-07	0.0016915790571990367	932.9278405730123	0.001662698794044746	0.00014142912315756836
ti|376219	Arthrospira sp. PCC 8005	9.082321672769794e-07	0.0009537399843702687	526.0	0.0009537399843702687	0.0	9.124749680284972e-07	0.001192174980462836	657.5	0.001430609976555403	0.0
ti|491915	Anoxybacillus flavithermus WK1	9.057987422252025e-07	0.0008159372489859714	450.0	0.0008159372489859714	0.0	9.057987422083836e-07	0.0008159372489859714	450.0	0.0008159372489859714	0.0
ti|1738638	Arthrospira platensis YZ	8.956234824230593e-07	0.0006763213197150384	373.0	0.0006763213197150384	0.0	8.913806816715412e-07	0.0004378863236224713	241.5	0.0006763213197150384	0.0
ti|351607	Acidothermus cellulolyticus 11B	8.794574151281886e-07	0.0006201123092293382	342.0	0.0006201123092293382	0.0	8.794574151281886e-07	0.0006201123092293382	342.0	0.0006201123092293382	0.0
ti|311403	Agrobacterium radiobacter K84	8.627370921143718e-07	0.0006074199520228898	335.0	0.0006074199520228898	0.0	8.633499191336333e-07	0.0006491234114155061	358.0	0.0006491234114155061	0.0
ti|394	Sinorhizobium fredii NGR234	7.846012138816073e-07	0.0009410476271638202	519.0	0.0009410476271638202	0.0	7.843289734252662e-07	0.0009464872088237267	522.0	0.0009464872088237267	0.0
ti|221988	Mannheimia succiniciproducens MBEL55E	7.282488998959797e-07	0.0001087916331981295	60.0	0.0001087916331981295	0.0	7.282488998959797e-07	0.0001087916331981295	60.0	0.0001087916331981295	0.0
ti|329726	Acaryochloris marina MBIC11017	7.252885038788373e-07	0.0010008830254227914	552.0	0.0010008830254227914	0.0	7.252885038788373e-07	0.0010008830254227914	552.0	0.0010008830254227914	0.0
ti|428406	Ralstonia pickettii 12D	6.714995930320487e-07	0.000224836041942801	124.0	0.000224836041942801	0.0	1.7491386965384512e-05	0.001805638912107844	995.8333333333334	0.0015974238141258682	0.001341763476110264
ti|1104679	Pseudomonas syringae pv. actinidiae ICMP 18708	6.584930658404647e-07	6.70881738055132e-05	37.0	5.620901048570025e-05	7.796733712532614e-05	2.4523382269582188e-05	0.00016049787886535132	88.51666666666651	1.6318744979719426e-05	0.0004968151249381248
ti|1095103	Pseudomonas syringae pv. actinidiae ICMP 18884	6.584930658404647e-07	6.70881738055132e-05	37.0	5.620901048570025e-05	7.796733712532614e-05	2.4523382269582188e-05	0.00016049787886535132	88.51666666666651	1.6318744979719426e-05	0.0004968151249381248
ti|649639	Bacillus cellulosilyticus DSM 2522	6.350169392842575e-07	0.000560276910970367	309.0	0.000560276910970367	0.0	6.350169392842575e-07	0.000560276910970367	309.0	0.000560276910970367	0.0
ti|222523	Bacillus cereus ATCC 10987	6.336471319041758e-07	0.0003100561546146691	171.0	0.00029736379740822065	1.2692357206448443e-05	5.690872268590238e-07	0.0004098714934657427	226.04945697577213	0.00023752839914924944	0.0003970894611731727
ti|548479	Mobiluncus curtisii ATCC 43063	6.173770956028747e-07	0.00045873805331877944	253.0	0.00045873805331877944	0.0	6.173770956028747e-07	0.00045873805331877944	253.0	0.00045873805331877944	0.0
ti|315749	Bacillus cytotoxicus NVH 391-98	5.768094607124011e-07	0.00042972695113261154	237.0	0.00042972695113261154	0.0	5.768213042038338e-07	0.000435166532792518	240.0	0.000435166532792518	0.0
ti|266835	Mesorhizobium loti MAFF303099	5.444845880808828e-07	0.00025022075635569785	138.0	0.00025022075635569785	0.0	5.377140226427828e-07	0.00025022075635569785	138.0	0.00025022075635569785	0.0
ti|344609	Shigella boydii CDC 3083-94	4.976929618960483e-07	5.439581659906475e-06	3.0	5.439581659906475e-06	0.0	0.0005256945911550389	0.0009653995801749495	532.4304186610269	4.895623493915828e-05	0.015163740473932617
ti|350688	Alkaliphilus oremlandii OhILAs	4.7508014330300145e-07	0.00039164987951326624	216.0	0.00039164987951326624	0.0	4.7508014330300145e-07	0.00039164987951326624	216.0	0.00039164987951326624	0.0
ti|491916	Rhizobium etli CIAT 652	4.365622809042147e-07	0.0008268164123057843	456.0	0.0008141240550993358	1.2692357206448443e-05	5.064912100838731e-07	0.0010507458573052674	579.5	0.0009754983110098946	0.00019038535809672664
ti|235909	Geobacillus kaustophilus HTA426	4.0671416203345614e-07	0.0001305499598377554	72.0	0.0001305499598377554	0.0	1.0252429341318371e-06	0.00037872223881438435	208.87023809523757	3.263748995943885e-05	0.0010407732909287722
ti|580327	Thermoanaerobacterium thermosaccharolyticum DSM 571	3.9687104636213725e-07	0.00035901238955382737	198.0	0.00035901238955382737	0.0	2.3814527648428912e-07	0.00024750096552574464	136.5	0.00033725406291420146	2.17583266396259e-05
ti|525909	Acidimicrobium ferrooxidans DSM 10331	3.8837793848855497e-07	0.0003064297668413981	169.0	0.0003064297668413981	0.0	3.8837793848855497e-07	0.0003064297668413981	169.0	0.0003064297668413981	0.0
ti|290400	Jannaschia sp. CCS1	3.847797927675147e-07	0.0005040679004846667	278.0	0.0005040679004846667	0.0	3.847797927675147e-07	0.0005040679004846667	278.0	0.0005040679004846667	0.0
ti|1452729	Bacillus thuringiensis HD1002	3.562653926839044e-07	0.0009174761066375589	506.0	0.0009174761066375589	0.0	2.0644068525480535e-05	0.00043460180622883316	239.68854595868245	9.428608210504558e-05	0.00208335977574418
ti|523850	Thermococcus onnurineus NA1	3.20180486088755e-07	0.0003771443284201823	208.0	0.0003771443284201823	0.0	3.201804860840389e-07	0.0003771443284201823	208.0	0.0003771443284201823	0.0
ti|177437	Desulfobacterium autotrophicum HRM2	3.175440319061641e-07	0.0009483004027103622	523.0	0.0009483004027103622	0.0	3.175440319061641e-07	0.0009483004027103622	523.0	0.0009483004027103622	0.0
ti|290633	Gluconobacter oxydans 621H	2.8663256078441857e-07	0.0005149470638044797	284.0	0.0005149470638044797	0.0	2.835566209840211e-07	0.0005022547065980312	277.0	0.0005149470638044797	0.0
ti|935198	Clostridium botulinum B str. Eklund 17B (NRP)	2.859927170550976e-07	0.0004442325022256955	245.0	0.0004442325022256955	0.0	2.0601592481806696e-07	0.00037019375185474627	204.16666666666669	0.0002901110218616787	0.00020307771530317508
ti|537971	Helicobacter cinaedi CCUG 18818 = ATCC BAA-847	2.715762395097238e-07	0.000224836041942801	124.0	0.000224836041942801	0.0	2.3165062103237907e-07	0.00013780273538429737	76.0	0.00019582493975663312	3.6263877732709838e-06
ti|345219	Bacillus coagulans 36D1	2.695528948889251e-07	0.0006056067581362543	334.0	0.0006056067581362543	0.0	1.5387905541549834e-07	0.0004040400377386088	222.83333333333334	0.00021395687862298804	0.00039164987951326624
ti|243265	Photorhabdus luminescens subsp. laumondii TTO1	2.6050841960804554e-07	0.0008830254227914845	487.0	0.0008830254227914845	0.0	2.605126009037267e-07	0.0008830254227914845	487.0	0.0008830254227914845	0.0
ti|386043	Listeria welshimeri serovar 6b str. SLCC5334	2.5262853630476626e-07	0.0003735179406469113	206.0	0.0003680783589870048	5.439581659906475e-06	2.5419769987250053e-07	0.0004262981189044424	235.10895445134574	0.00041340820615289216	1.813193886635492e-05
ti|546414	Deinococcus deserti VCD115	2.4477068353915566e-07	0.00047324360441186337	261.0	0.00047324360441186337	0.0	2.4477068353915566e-07	0.00047324360441186337	261.0	0.00047324360441186337	0.0
ti|440085	Methylobacterium extorquens CM4	2.3603327564830914e-07	0.00018675897032345565	103.0	0.00018675897032345565	0.0	2.274888405223866e-05	0.0012808703814174219	706.4166666666666	0.0011114878525075565	0.0003553860017805564
ti|406818	Xenorhabdus bovienii SS-2004	2.3602504118515318e-07	0.0004877491555049473	269.0	0.0004877491555049473	0.0	2.258882588047099e-07	0.00047868318607176985	264.0	0.0004696172166385924	1.813193886635492e-05
ti|316274	Herpetosiphon aurantiacus DSM 785	2.297625840835915e-07	0.00088483861667812	488.0	0.00088483861667812	0.0	2.297625840835915e-07	0.00088483861667812	488.0	0.00088483861667812	0.0
ti|272844	Pyrococcus abyssi GE5	2.234023234534269e-07	0.0003735179406469113	206.0	0.0003735179406469113	0.0	2.234023234534269e-07	0.0003735179406469113	206.0	0.0003735179406469113	0.0
ti|317655	Sphingopyxis alaskensis RB2256	2.1637457683058042e-07	0.00030280337906812713	167.0	0.00030280337906812713	0.0	2.163745768215113e-07	0.00030280337906812713	167.0	0.00030280337906812713	0.0
ti|697284	Paenibacillus larvae subsp. larvae DSM 25430	2.1226214624893787e-07	0.0005240130332376571	289.0	0.0005240130332376571	0.0	2.1226214624893787e-07	0.0005240130332376571	289.0	0.0005240130332376571	0.0
ti|911045	Pseudovibrio sp. FO-BEG1	2.0053366122479188e-07	0.0006291782786625157	347.0	0.0006291782786625157	0.0	2.0053366122479188e-07	0.0006291782786625157	347.0	0.0006291782786625157	0.0
ti|525898	Sulfurospirillum deleyianum DSM 6946	1.963768907402452e-07	0.0005403317782173765	298.0	0.0005403317782173765	0.0	1.963768907293397e-07	0.0005403317782173765	298.0	0.0005403317782173765	0.0
ti|526227	Meiothermus silvanus DSM 9946	1.937394848566595e-07	0.00030461657295476264	168.0	0.00030461657295476264	0.0	1.937394848566595e-07	0.00030461657295476264	168.0	0.00030461657295476264	0.0
ti|398577	Burkholderia ambifaria MC40-6	1.7977188452812672e-07	0.00022664923582943648	125.0	0.0002230228480561655	3.6263877732709838e-06	5.582245861469852e-06	0.002183055219611022	1203.9833333333333	0.001987260499752499	0.00034632003234737896
ti|326442	Pseudoalteromonas haloplanktis TAC125	1.7150776682140763e-07	0.0009791246987831655	540.0	0.0009791246987831655	0.0	1.7128865815086297e-07	0.0009791246987831655	540.0	0.0009791246987831655	0.0
ti|452863	Pseudarthrobacter chlorophenolicus A6	1.686910187167662e-07	0.00010516524542485852	58.0	0.00010516524542485852	0.0	1.686910187167662e-07	0.00010516524542485852	58.0	0.00010516524542485852	0.0
ti|546271	Selenomonas sputigena ATCC 35185	1.1767806590345207e-07	0.0004968151249381248	274.0	0.0004968151249381248	0.0	1.1767806590345207e-07	0.0004968151249381248	274.0	0.0004968151249381248	0.0
ti|504728	Meiothermus ruber DSM 1279	1.1576450404868101e-07	0.00029736379740822065	164.0	0.00029736379740822065	0.0	1.1576450404868101e-07	0.00029736379740822065	164.0	0.00029736379740822065	0.0
ti|1453495	Yersinia aldovae 670-83	1.0658458047850892e-07	0.0009791246987831655	540.0	0.0009736851171232591	5.439581659906475e-06	1.0713615919254182e-07	0.001006080847897813	554.8666666666666	0.0009900038621029786	2.5384714412896886e-05
ti|1183379	Campylobacter coli RM4661	9.670166834696193e-08	0.00020851729696308156	115.0	0.00020851729696308156	0.0	8.483926260229567e-08	8.074756775150051e-05	44.5333333333333	2.901110218616787e-05	0.00014324231704420385
ti|469382	Halogeometricum borinquense DSM 11551	8.558850208918847e-08	0.00022120965416953	122.0	0.00022120965416953	0.0	8.558850208918847e-08	0.00022120965416953	122.0	0.00022120965416953	0.0
ti|439375	Ochrobactrum anthropi ATCC 49188	6.592923303280185e-08	0.00025566033801560433	141.0	0.00025566033801560433	0.0	5.8482211545514336e-08	0.00014958849564742808	82.5	0.00023752839914924944	1.813193886635492e-05
ti|28152	Yersinia kristensenii	6.477814919891508e-08	0.00032456170570775304	179.0	0.000556650523197096	9.247288821841008e-05	7.591765057914927e-08	0.000516211982396823	284.697619047619	0.0004641776349786859	0.0005820352376099928
ti|1454377	Yersinia frederiksenii Y225	6.477814919891508e-08	0.00032456170570775304	179.0	0.000556650523197096	9.247288821841008e-05	7.591765057914927e-08	0.000516211982396823	284.697619047619	0.0004641776349786859	0.0005820352376099928
ti|748280	Pseudogulbenkiania sp. NH8B	6.083326319094936e-08	0.0011930815774061536	658.0	0.0011930815774061536	0.0	6.084425329410895e-08	0.0012148399040457795	670.0	0.0012148399040457795	0.0
ti|272626	Listeria innocua Clip11262	4.9308323286934556e-08	0.00016500064368382976	91.0	0.0001577478681372878	7.2527755465419675e-06	1.5719132445791152e-07	0.0004262192843876322	235.06547619047618	0.00040615543060635017	2.3571520526261395e-05
ti|272569	Haloarcula marismortui ATCC 43049	4.5339902343673013e-08	0.00043335333890588256	239.0	0.00043335333890588256	0.0	4.529282136539373e-08	0.00043335333890588256	239.0	0.00043335333890588256	0.0
ti|452662	Sphingobium japonicum UT26S	4.465371720549886e-08	0.00045329847165887296	250.0	0.00045329847165887296	0.0	4.464018257636563e-08	0.00043154014501924705	238.0	0.00043154014501924705	0.0
ti|504832	Oligotropha carboxidovorans OM5	4.4553458353813433e-08	0.00021848986333957676	120.5	0.00042428736947270506	1.2692357206448443e-05	4.455408494703959e-08	0.00023752839914924944	131.0	0.00040978181837962114	6.52749799188777e-05
ti|1031710	Oligotropha carboxidovorans OM4	4.4553458353813433e-08	0.00021848986333957676	120.5	0.00042428736947270506	1.2692357206448443e-05	4.455408494703959e-08	0.00023752839914924944	131.0	0.00040978181837962114	6.52749799188777e-05
ti|323098	Nitrobacter winogradskyi Nb-255	4.2214645384917255e-08	0.0004605512472054149	254.0	0.0004605512472054149	0.0	4.2394209571004556e-08	0.0008295362031357375	457.5	0.0008286296061924197	1.813193886635492e-05
ti|318586	Paracoccus denitrificans PD1222	4.063408702510697e-08	0.00034269364457410794	189.0	0.00034269364457410794	0.0	4.063408702510697e-08	0.00034269364457410794	189.0	0.00034269364457410794	0.0
ti|717961	[Eubacterium] siraeum V10Sc8a	3.7136744637589884e-08	0.0006491234114155061	358.0	0.0006491234114155061	0.0	3.7136744637589884e-08	0.0006491234114155061	358.0	0.0006491234114155061	0.0
ti|266117	Rubrobacter xylanophilus DSM 9941	3.6999832945923633e-08	0.000224836041942801	124.0	0.000224836041942801	0.0	3.6999832945923633e-08	0.000224836041942801	124.0	0.000224836041942801	0.0
ti|29338	Bacillus thuringiensis serovar galleriae	3.091027641135006e-08	5.802220437233574e-05	32.0	5.802220437233574e-05	0.0	1.3061537073927616e-05	0.000363543930196031	200.49920357420365	5.076942882579377e-05	0.002168579888416048
ti|490759	Marinobacter sp. BSs20148	3.0880828452899115e-08	0.0007143983913343838	394.0	0.0007143983913343838	0.0	2.747473882581372e-08	0.0005385185843307411	297.0	0.000567529686516909	0.0
ti|309803	Thermotoga neapolitana DSM 4359	2.8095268939929357e-08	0.00032456170570775304	179.0	0.00032456170570775304	0.0	1.962511998284524e-08	0.00022030305722621225	121.5	0.0003082429607280336	1.6318744979719426e-05
ti|339671	Actinobacillus succinogenes 130Z	2.6735886215285208e-08	5.439581659906475e-05	30.0	5.439581659906475e-05	0.0	2.6735886215285208e-08	5.439581659906475e-05	30.0	5.439581659906475e-05	0.0
ti|595494	Tolumonas auensis DSM 9187	2.4294654789032005e-08	0.0001124180209714005	62.0	0.0001124180209714005	0.0	2.4294654789032005e-08	0.0001124180209714005	62.0	0.0001124180209714005	0.0
ti|306263	Campylobacter lari RM2100	2.3046969777411095e-08	0.00021939646028289452	121.0	0.00021939646028289452	0.0	2.3046946972224695e-08	0.00021939646028289452	121.0	0.00021939646028289452	0.0
ti|519441	Streptobacillus moniliformis DSM 12112	1.993332764234397e-08	0.0001504950925907458	83.0	0.0001504950925907458	0.0	1.993332764234397e-08	0.0001504950925907458	83.0	0.0001504950925907458	0.0
ti|479432	Streptosporangium roseum DSM 43021	1.2768265705200686e-08	8.88465004451391e-05	49.0	8.88465004451391e-05	0.0	1.2768265705200543e-08	8.88465004451391e-05	49.0	8.88465004451391e-05	0.0
ti|246196	Mycobacterium smegmatis str. MC2 155	9.420936584655135e-09	4.986283188247602e-05	27.5	9.972566376495204e-05	0.0	9.420922607081254e-09	4.986283188247602e-05	27.5	1.087916331981295e-05	8.88465004451391e-05
ti|1772	Mycobacterium smegmatis	9.420936584655135e-09	4.986283188247602e-05	27.5	9.972566376495204e-05	0.0	9.420922607081254e-09	4.986283188247602e-05	27.5	1.087916331981295e-05	8.88465004451391e-05
ti|557723	Haemophilus parasuis SH0165	6.200756635580141e-09	0.00030461657295476264	168.0	0.00030461657295476264	0.0	5.466451558940215e-09	0.00021214368473635253	117.0	0.00022664923582943648	0.0
ti|479434	Sphaerobacter thermophilus DSM 20745	6.0506826334158076e-09	0.0001305499598377554	72.0	0.0001305499598377554	0.0	6.0506826334158076e-09	0.0001305499598377554	72.0	0.0001305499598377554	0.0
ti|469371	Thermobispora bispora DSM 43833	5.575280538217629e-09	5.258262271242926e-05	29.0	5.258262271242926e-05	0.0	5.575280538217774e-09	5.258262271242926e-05	29.0	5.258262271242926e-05	0.0
ti|694569	Aggregatibacter actinomycetemcomitans D7S-1	4.75244970178477e-09	0.0001087916331981295	60.0	0.0001087916331981295	0.0	9.88061190414986e-10	3.717047467602758e-05	20.5	1.4505551093083935e-05	3.989026550598082e-05
ti|527021	Bacillus thuringiensis Bt407	4.635881935207032e-09	6.52749799188777e-05	36.0	6.52749799188777e-05	0.0	1.7212167889177065e-05	0.0004569505684846589	252.0141788766797	6.52749799188777e-05	0.0021994041844888516
ti|1332075	Pseudomonas syringae UMAF0158	4.0091662970134435e-09	7.796733712532614e-05	43.0	7.796733712532614e-05	0.0	1.4039225431267586e-06	0.00048424364732411855	267.0666666666666	0.00027016588910868826	0.00048049637995840536
ti|498214	Clostridium botulinum A3 str. Loch Maree	3.933095278996421e-09	7.2527755465419675e-06	4.0	7.2527755465419675e-06	0.0	9.167746896744949e-07	0.00042476166488655766	234.26158008658007	0.00022846242971607197	0.0006853872891482159
ti|1265309	Ruegeria mobilis F1926	3.1735980362703392e-09	0.0008213768306458778	453.0	0.0008213768306458778	0.0	3.1735981011666916e-09	0.0008213768306458778	453.0	0.0008213768306458778	0.0
ti|1420917	Marinobacter salarius	3.101301919655038e-09	0.0007125851974477483	393.0	0.0007125851974477483	0.0	3.101301919655015e-09	0.0007125851974477483	393.0	0.0007125851974477483	0.0
ti|583355	Coraliomargarita akajimensis DSM 45221	2.769252797919033e-09	4.532984716588729e-05	25.0	4.532984716588729e-05	0.0	2.769252797919033e-09	4.532984716588729e-05	25.0	4.532984716588729e-05	0.0
ti|395965	Methylocella silvestris BL2	2.360874673953654e-09	0.00032637489959438855	180.0	0.00032637489959438855	0.0	2.360874673953654e-09	0.00032637489959438855	180.0	0.00032637489959438855	0.0
ti|1048834	Alicyclobacillus acidocaldarius subsp. acidocaldarius Tc-4-1	1.0113739345707322e-09	0.00014686870481747484	81.0	0.00014686870481747484	0.0	1.0128010888968421e-09	0.00014686870481747484	81.0	0.00014686870481747484	0.0
ti|298653	Frankia sp. EAN1pec	7.213352861041564e-10	2.901110218616787e-05	16.0	2.901110218616787e-05	0.0	7.213352861041564e-10	2.901110218616787e-05	16.0	2.901110218616787e-05	0.0
ti|680198	Streptomyces scabiei 87.22	4.701018378646118e-10	0.00011967079651794246	66.0	0.00011967079651794246	0.0	4.700734262158026e-10	6.436838297555996e-05	35.5	6.164859214560672e-05	5.439581659906475e-06
ti|196600	Vibrio vulnificus YJ016	4.449269435794662e-10	1.6318744979719426e-05	9.0	1.6318744979719426e-05	0.0	2.8882365945162382e-05	0.0031927322353839864	1760.8333333333285	0.0023535256648528685	0.00217583266396259
