Total Number of Aligned Reads:	532809	Total Number of Mapped Genomes:	3892
Genome	Tax Names	Final Guess	Final Best Hit	Final Best Hit Read Numbers	Final High Confidence Hits	Final Low Confidence Hits	Initial Guess	Initial Best Hit	Initial Best Hit Read Numbers	Initial High Confidence Hits	Initial Low Confidence Hits
ti|316067	Geobacter daltonii FRC-32	0.22075458879151158	0.0003434626667342331	183.0	0.0003434626667342331	0.0	0.22075458879150914	0.0003434626667342331	183.0	0.0003434626667342331	0.0
ti|403833	Petrotoga mobilis SJ95	0.22074754343020855	0.0010472796067633992	558.0	0.0010472796067633992	0.0	0.22074754343020855	0.0010472796067633992	558.0	0.0010472796067633992	0.0
ti|446471	Xylanimonas cellulosilytica DSM 15894	0.1565500338109859	0.0007225853917632773	385.0	0.0007225853917632773	0.0	0.1565500338095163	0.0007225853917632773	385.0	0.0007225853917632773	0.0
ti|41514	Salmonella enterica subsp. arizonae serovar 62:z4,z23:-	0.11113181006808526	0.01651811437119118	8801.0	0.016279755034167967	0.00023835933702321093	0.05551343964561674	0.0005321186670513705	283.51761487297364	0.00025712778875732205	0.0004917334354337107
ti|1386087	Neisseria meningitidis LNP21362	0.07893141787315706	0.008387621079974249	4469.0	0.008387621079974249	0.0	0.01367481108891787	0.0002048675777565826	109.15528923690702	0.0	0.0013550822152028213
ti|349102	Rhodobacter sphaeroides ATCC 17025	0.03961095411295381	0.0021245887363013764	1132.0	0.0021245887363013764	0.0	0.03960177608910917	0.0007551173747690698	402.3333333333333	0.0007507380693644439	5.6305355202333294e-06
ti|392499	Sphingomonas wittichii RW1	0.03959945463017108	0.0011336144847403104	604.0	0.0011204765685264326	1.3137916213877768e-05	0.039599373857394725	0.000706319400260381	376.3333333333333	0.0007056937852025773	1.8768451734111098e-06
ti|400667	Acinetobacter baumannii ATCC 17978	0.020036413982841984	0.005983382412834618	3188.0	0.005981505567661207	1.8768451734111098e-06	0.015054759885537517	0.0005943981640396042	316.70069138377744	0.00010698017488443327	0.0018674609475440543
ti|446466	Cellulomonas flavigena DSM 20109	0.014593439871503496	0.001079185974711388	575.0	0.001079185974711388	0.0	0.01459343987110814	0.0010698017488443327	570.0	0.0010698017488443327	0.0
ti|521006	Neisseria gonorrhoeae NCCP11945	0.007243641918928589	0.004288591221244386	2285.0	0.004288591221244386	0.0	0.0041979588826204575	0.0014768169792917754	786.8613779194716	4.8797974508688853e-05	0.004665837101100019
ti|28116	Bacteroides ovatus	0.005043495361178487	0.005050590361649296	2691.0	0.005050590361649296	0.0	0.0036013239655710953	0.002720487078859404	1449.5000000000002	0.0026425980041628427	0.00017642344630064432
ti|321956	Lactobacillus delbrueckii subsp. bulgaricus ATCC BAA-365	0.003901745843740507	0.004037093968007297	2151.0	0.004037093968007297	0.0	0.0013971795635257557	0.0010541017900127805	561.6349206349196	0.00025900463393073317	0.002458667177168554
ti|469604	Fusobacterium nucleatum subsp. vincentii 3_1_36A2	0.0035957956903190655	0.004581379068296519	2441.0	0.004581379068296519	0.0	0.0017870344390296404	0.0006694081118499617	356.66666666666623	0.0004560733771388997	0.0004335512350579664
ti|562	Escherichia coli	0.0034827375964628722	0.045094958981548736	24027.0	0.04498610196149089	0.00010885702005784437	0.00015868142392833995	0.0019385529505237305	1032.8784590155983	1.8768451734111098e-06	0.0314221418932488
ti|272558	Bacillus halodurans C-125	0.003074929588353678	0.0010660480584975104	568.0	0.0010660480584975104	0.0	0.003074929588353678	0.0010660480584975104	568.0	0.0010660480584975104	0.0
ti|395019	Burkholderia multivorans ATCC 17616	0.002612237796487504	0.00730655826008945	3893.0	0.007015647258210729	0.00029091100187872204	0.002353299462402564	0.0012773495442707124	680.5833333333339	0.001024757464682466	0.00044293546092502193
ti|423212	Legionella pneumophila 2300/99 Alcoy	0.0025399737806718016	0.0029485237674288533	1571.0	0.0029485237674288533	0.0	0.00028218241905239073	0.000460061673132399	245.12500000000037	1.8768451734111096e-05	0.0011636440075148882
ti|523791	Kangiella koreensis DSM 16069	0.0025352348928139616	0.0006662800365609439	355.0	0.0006662800365609439	0.0	0.0025352348928139616	0.0006662800365609439	355.0	0.0006662800365609439	0.0
ti|216592	Escherichia coli 042	0.002050088590419812	0.0011842893044224103	631.0	0.0011824124592489992	1.8768451734111098e-06	0.0009380768815791167	0.0007754715012859999	413.1781951286923	5.067481968209996e-05	0.004314867053672141
ti|272560	Burkholderia pseudomallei K96243	0.002043471506241548	0.016653247223676778	8873.0	0.016546267048792345	0.00010698017488443327	6.082100949814923e-05	0.0004613457382916029	245.80916147341065	0.0	0.01085754932818327
ti|632772	Rhodococcus opacus B4	0.001805447298810503	0.0010510332971102215	560.0	0.0010472796067633992	3.7536903468222196e-06	0.0018046109099240702	0.00033407844086717753	178.0	0.00033407844086717753	0.0
ti|626418	Burkholderia glumae BGR1	0.0017863560736178163	0.0003040489180925998	162.0	7.882749728326662e-05	0.000529270338901933	0.0017858693044853972	0.00020551454648851653	109.5	0.0	0.00041102909297703307
ti|1176492	Burkholderia glumae LMG 2196 = ATCC 33617	0.0017863560736178163	0.0003040489180925998	162.0	7.882749728326662e-05	0.000529270338901933	0.0017858693044853972	0.00020551454648851653	109.5	0.0	0.00041102909297703307
ti|1392	Bacillus anthracis	0.0017706306271986346	0.027283698285877303	14537.0	0.027035954722987036	0.0002477435628902665	0.00010332554099208937	0.000971613658690892	517.6845018734355	0.0	0.013941205948097724
ti|206672	Bifidobacterium longum NCC2705	0.0016912236000356465	0.004035217122833886	2150.0	0.004005187600059308	3.0029522774577757e-05	0.0002299713374953087	0.0004491633775767462	239.31829004328858	3.941374864163331e-05	0.0022803668856944985
ti|525381	Streptococcus pneumoniae TCH8431/19A	0.0015244920527887904	0.023025136587407496	12268.0	0.023025136587407496	0.0	8.759998243483391e-05	0.0008406632042732488	447.9129212056254	0.0	0.013188591033559868
ti|314282	Psychromonas sp. CNPT3	0.001275558177023279	0.000752614914537855	401.0	0.000752614914537855	0.0	0.001275558177023279	0.000752614914537855	401.0	0.000752614914537855	0.0
ti|298653	Frankia sp. EAN1pec	0.0012750684062029845	0.0007413538434973884	395.0	0.0007413538434973884	0.0	0.0012750684061426131	0.0007582454500580884	404.0	0.0007563686048846773	1.8768451734111098e-06
ti|585143	Staphylococcus aureus subsp. aureus 55/2053	0.0012598784156918428	0.028231505098449912	15042.0	0.028231505098449912	0.0	4.5279300606036236e-05	0.00143556175372255	764.8802224391582	0.0	0.014016279755034168
ti|243232	Methanocaldococcus jannaschii DSM 2661	0.0010953971180937836	0.00029091100187872204	155.0	0.00029091100187872204	0.0	0.0010953948033732633	0.00023272880150297762	124.0	0.00018768451734111098	0.00010322648453761103
ti|579112	Vibrio cholerae M66-2	0.0010498264022761135	0.014286545460005368	7612.0	0.014282791769658545	3.7536903468222196e-06	0.00012410488190972384	0.0009999740304126954	532.7951631701578	0.0	0.009083930639309772
ti|568703	Lactobacillus rhamnosus GG	0.0010450307132076823	0.0007826444373124328	417.0	0.0015465204228907545	1.8768451734111096e-05	0.000999287580967112	0.00035641289843076947	189.89999999999984	0.0	0.0007619991404049105
ti|47715	Lactobacillus rhamnosus	0.0010450307132076823	0.0007826444373124328	417.0	0.0015465204228907545	1.8768451734111096e-05	0.000999287580967112	0.00035641289843076947	189.89999999999984	0.0	0.0007619991404049105
ti|557436	Lactobacillus reuteri DSM 20016	0.0009781110496500242	0.002051391774538343	1093.0	0.0004016448671099775	0.0037011386819667084	0.0009763023172420518	0.0014447328529860943	769.7666666666679	0.0	0.0030329818002323536
ti|557433	Lactobacillus reuteri JCM 1112	0.0009781110496500242	0.002051391774538343	1093.0	0.0004016448671099775	0.0037011386819667084	0.0009763023172420518	0.0014447328529860943	769.7666666666679	0.0	0.0030329818002323536
ti|1201032	Campylobacter jejuni subsp. jejuni PT14	0.0009458753164361103	0.0070625683875460065	3763.0	0.0070625683875460065	0.0	5.0134879217203896e-05	0.00024173752293815497	128.79992785915542	1.8768451734111096e-05	0.0028584351991051203
ti|107806	Buchnera aphidicola str. APS (Acyrthosiphon pisum)	0.0009380623669152555	0.002167756175289832	1155.0	0.002167756175289832	0.0	0.0002736914052127387	0.0004090271247920576	217.93333333333143	2.4398987254344427e-05	0.0015014761387288878
ti|1134454	Propionibacterium acnes HL096PA1	0.0009140793696198698	0.0025938000296541535	1382.0	0.0025938000296541535	0.0	0.00010983359326119878	0.00023134466204121514	123.2625180375178	0.0	0.0018149092826885431
ti|64187	Xanthomonas oryzae pv. oryzae	0.0009125780298248905	0.005093757800637752	2714.0	0.00509000411029093	3.7536903468222196e-06	0.00017099536482215587	0.0004518787771322875	240.76507936507699	0.0	0.002158371949422776
ti|573062	Thermoanaerobacter sp. X513	0.0009090352159615896	0.0020391922809111706	1086.5	7.882749728326662e-05	0.003999557064539075	0.0004507426768834481	0.0008366037360479994	445.74999999999847	0.0	0.002770223475954798
ti|399726	Thermoanaerobacter sp. X514	0.0009090352159615896	0.0020391922809111706	1086.5	7.882749728326662e-05	0.003999557064539075	0.0004507426768834481	0.0008366037360479994	445.74999999999847	0.0	0.002770223475954798
ti|1377	Aerococcus viridans	0.0009077443948856777	0.00046545760300595524	248.0	0.00046545760300595524	0.0	0.0008825323889358553	0.00046545760300595524	248.0	0.00046545760300595524	0.0
ti|977880	Cupriavidus taiwanensis LMG 19424	0.000906253155675913	0.001469569770780899	783.0	0.001456431854567021	1.3137916213877768e-05	0.0009046933679632616	0.00046733444817936636	249.0	0.00046733444817936636	0.0
ti|223283	[Pseudomonas syringae] pv. tomato str. DC3000	0.0006540066084606526	0.0015127372097693546	806.0	0.001503352983902299	9.384225867055548e-06	0.0006539186472238549	0.0012487276553761915	665.3333333333333	0.0012443483499715658	9.384225867055548e-06
ti|382638	Helicobacter acinonychis str. Sheeba	0.0006499420856888398	0.0007413538434973884	395.0	0.0007207085465898662	2.064529690752221e-05	0.0006478543438032567	0.0006005904554915551	320.0	0.0006005904554915551	0.0
ti|374463	Baumannia cicadellinicola str. Hc (Homalodisca coagulata)	0.0006493994872751118	0.0006306199782661329	336.0	0.0006306199782661329	0.0	0.0006493994872751118	0.0006306199782661329	336.0	0.0006306199782661329	0.0
ti|446469	Sanguibacter keddieii DSM 10542	0.0006469170410067192	0.0011017081167923215	587.0	0.0010979544264454993	3.7536903468222196e-06	0.0006469169271896606	0.0010679249036709216	569.0	0.0010679249036709216	0.0
ti|1104325	Enterococcus faecium NRRL B-2354	0.0006109267814039804	0.009037009509974494	4815.0	0.009037009509974494	0.0	0.00010224155804680732	0.001168456774780997	622.5642857142882	0.0	0.0063456135313029625
ti|411154	Gramella forsetii KT0803	0.000572058775988671	0.000718831701416455	383.0	0.000718831701416455	0.0	0.000572058775988671	0.000718831701416455	383.0	0.000718831701416455	0.0
ti|520455	Brucella abortus bv. 9 str. C68	0.0005493634684959949	0.009761471746911181	5201.0	0.015074820432838034	0.0044481230609843304	6.791942399017752e-05	0.0005505505838648716	293.33830603845837	0.0	0.014571825926363857
ti|520454	Brucella abortus bv. 6 str. 870	0.0005493634684959949	0.009761471746911181	5201.0	0.015074820432838034	0.0044481230609843304	6.791942399017752e-05	0.0005505505838648716	293.33830603845837	0.0	0.014571825926363857
ti|930170	Bacillus thuringiensis serovar finitimus YBT-020	0.0005347789357864589	0.002939139541561798	1566.0	0.002633213778295787	0.0003059257632660109	7.697102395810651e-05	0.00018927847159873025	100.84927317404787	7.507380693644439e-06	0.0006512652751736551
ti|395961	Cyanothece sp. PCC 7425	0.0005011129653351073	0.0007619991404049105	406.0	0.0007619991404049105	0.0	0.0005011129653351073	0.0007619991404049105	406.0	0.0007619991404049105	0.0
ti|150340	Vibrio antiquarius	0.000485013900920342	0.0022991353374286097	1225.0	0.0022991353374286097	0.0	0.0004805064864815231	0.0011379937901449361	606.3333333333333	0.0011298607943934882	1.5014761387288878e-05
ti|405441	Xylella fastidiosa M23	0.0004826268154653727	0.0034233655963018645	1824.0	0.0034233655963018645	0.0	0.00010230746141317489	0.00038591064840621365	205.61666666666628	0.0	0.001450801319046788
ti|351746	Pseudomonas putida F1	0.00046242927644745064	0.0025562631261859315	1362.0	0.0025393715196252316	1.6891606560699987e-05	0.0001085264006808336	0.00034605450054513484	184.38095238095275	2.8152677601166648e-05	0.0009177772897980327
ti|220664	Pseudomonas protegens Pf-5	0.00046203378626707807	0.0009778363353471881	521.0	0.0009646984191333105	1.3137916213877768e-05	0.00031747565822925203	0.0007513636844222461	400.3333333333325	0.0005893293844510885	0.0003490932022544664
ti|350058	Mycobacterium vanbaalenii PYR-1	0.000460370385665119	0.0008802403863298105	469.0	0.0008614719345956994	1.8768451734111096e-05	0.00046036926088018526	0.0007882749728326661	420.0	0.0007882749728326661	0.0
ti|883	Desulfovibrio vulgaris str. 'Miyazaki F'	0.0004557201977665555	0.000906516218757566	483.0	0.000906516218757566	0.0	0.00045572019870225816	0.0009008856832373327	480.0	0.0009008856832373327	0.0
ti|760570	Streptococcus parasanguinis ATCC 15912	0.00045523150644693057	0.0003678616539885775	196.0	0.0003678616539885775	0.0	0.00031449883813306997	0.00035847742812152196	191.0	0.0003678616539885775	0.0
ti|580332	Sideroxydans lithotrophicus ES-1	0.0004549742449429956	0.0006794179527748218	362.0	0.0006794179527748218	0.0	0.0004549743585903043	0.0006794179527748218	362.0	0.0006794179527748218	0.0
ti|349106	Psychrobacter sp. PRwf-1	0.0004549614146284429	0.0008314424118211216	443.0	0.0008314424118211216	0.0	0.0004549614146284429	0.0008314424118211216	443.0	0.0008314424118211216	0.0
ti|648999	Micromonospora sp. L5	0.00045466549605094054	0.0010022353226015327	534.0	0.0010003584774281216	1.8768451734111098e-06	0.00032477885698878794	0.00039851679182095897	212.33333333333331	0.00033595528604058865	0.00018393082699428876
ti|290399	Arthrobacter sp. FB24	0.00041909627933838954	0.0005086250419944107	271.0	0.0005086250419944107	0.0	0.0004190848860334203	0.000461703912659133	246.0	0.000461703912659133	0.0
ti|471876	Streptococcus pyogenes NZ131	0.0003928536826388823	0.009038886355147905	4816.0	0.009038886355147905	0.0	2.0513827335422198e-05	0.0003899423398499231	207.76478815309767	7.507380693644439e-06	0.004579502223123108
ti|376619	Francisella tularensis subsp. holarctica LVS	0.0003777416891222565	0.004217271104654764	2247.0	0.0001557781493931221	0.008278764059916406	4.1311155218717834e-05	0.00042462530955126774	226.2441865567014	0.0	0.00503932929060883
ti|351581	Francisella tularensis subsp. holarctica FSC200	0.0003777416891222565	0.004217271104654764	2247.0	0.0001557781493931221	0.008278764059916406	4.1311155218717834e-05	0.00042462530955126774	226.2441865567014	0.0	0.00503932929060883
ti|443906	Clavibacter michiganensis subsp. michiganensis NCPPB 382	0.00033299883656384504	0.0008314424118211216	443.0	0.0008314424118211216	0.0	0.0003329049594365028	0.0007541789521823644	401.83333333333337	0.0007488612241910328	1.1261071040466659e-05
ti|287	Pseudomonas aeruginosa	0.0002853253721966979	0.0057938210503200955	3087.0	0.005778806288932807	1.5014761387288878e-05	1.725176999174693e-05	0.0002948541937034759	157.10096809295527	0.0	0.0036898776109262417
ti|645462	Peptoclostridium difficile CD196	0.00027624717801785596	0.008442049590003171	4498.0	0.008442049590003171	0.0	7.712773539653979e-05	0.0030882548905893053	1645.449999999997	0.0010735554391911547	0.004474398893412086
ti|498761	Heliobacterium modesticaldum Ice1	0.0002708685846028736	0.0010754322843645658	573.0	0.0010754322843645658	0.0	0.00027086858460287344	0.0010754322843645658	573.0	0.0010754322843645658	0.0
ti|338187	Vibrio campbellii ATCC BAA-1116	0.0002540877369284314	0.0023742091443650537	1265.0	0.0023742091443650537	0.0	0.0002540729014987131	0.0014759823251233868	786.4166666666666	0.0014451707835265546	4.5044284161866635e-05
ti|321332	Synechococcus sp. JA-2-3B'a(2-13)	0.0002401599308280467	0.0008126739600870105	433.0	0.0008126739600870105	0.0	0.0002401586715152809	0.0007770139017921994	414.0	0.0007770139017921994	0.0
ti|195102	Clostridium perfringens str. 13	0.0002397900464084511	0.004677098172140485	2492.0	0.004677098172140485	0.0	0.00022310886060613377	0.001970374624552767	1049.8333333333353	0.0016291016105208433	0.0007507380693644439
ti|742729	Bifidobacterium animalis subsp. lactis Bi-07	0.00023301700209801902	0.00023366722408967809	124.49999999999729	0.0	0.002804006689076198	0.00019957153537149405	0.00019875094303735527	105.89629120879023	0.0	0.0027627160952611537
ti|580050	Bifidobacterium animalis subsp. lactis Bl-04	0.00023301700209801902	0.00023366722408967809	124.49999999999729	0.0	0.002804006689076198	0.00019957153537149405	0.00019875094303735527	105.89629120879023	0.0	0.0027627160952611537
ti|573236	Bifidobacterium animalis subsp. lactis V9	0.00023301700209801902	0.00023366722408967809	124.49999999999729	0.0	0.002804006689076198	0.00019957153537149405	0.00019875094303735527	105.89629120879023	0.0	0.0027627160952611537
ti|555970	Bifidobacterium animalis subsp. lactis DSM 10140	0.00023301700209801902	0.00023366722408967809	124.49999999999729	0.0	0.002804006689076198	0.00019957153537149405	0.00019875094303735527	105.89629120879023	0.0	0.0027627160952611537
ti|552531	Bifidobacterium animalis subsp. lactis BB-12	0.00023301700209801902	0.00023366722408967809	124.49999999999729	0.0	0.002804006689076198	0.00019957153537149405	0.00019875094303735527	105.89629120879023	0.0	0.0027627160952611537
ti|302911	Bifidobacterium animalis subsp. lactis	0.00023301700209801902	0.00023366722408967809	124.49999999999729	0.0	0.002804006689076198	0.00019957153537149405	0.00019875094303735527	105.89629120879023	0.0	0.0027627160952611537
ti|28025	Bifidobacterium animalis	0.00023301700209801902	0.00023366722408967809	124.49999999999729	0.0	0.002804006689076198	0.00019957153537149405	0.00019875094303735527	105.89629120879023	0.0	0.0027627160952611537
ti|1316911	Bifidobacterium animalis subsp. lactis KLDS2.0603	0.00023301700209801902	0.00023366722408967809	124.49999999999729	0.0	0.002804006689076198	0.00019957153537149405	0.00019875094303735527	105.89629120879023	0.0	0.0027627160952611537
ti|1281781	Bifidobacterium animalis subsp. lactis Bl12	0.00023301700209801902	0.00023366722408967809	124.49999999999729	0.0	0.002804006689076198	0.00019957153537149405	0.00019875094303735527	105.89629120879023	0.0	0.0027627160952611537
ti|1168290	Bifidobacterium animalis subsp. lactis B420	0.00023301700209801902	0.00023366722408967809	124.49999999999729	0.0	0.002804006689076198	0.00019957153537149405	0.00019875094303735527	105.89629120879023	0.0	0.0027627160952611537
ti|1075106	Bifidobacterium animalis subsp. lactis BLC1	0.00023301700209801902	0.00023366722408967809	124.49999999999729	0.0	0.002804006689076198	0.00019957153537149405	0.00019875094303735527	105.89629120879023	0.0	0.0027627160952611537
ti|1042403	Bifidobacterium animalis subsp. lactis CNCM I-2494	0.00023301700209801902	0.00023366722408967809	124.49999999999729	0.0	0.002804006689076198	0.00019957153537149405	0.00019875094303735527	105.89629120879023	0.0	0.0027627160952611537
ti|391904	Bifidobacterium longum subsp. infantis ATCC 15697 = JCM 1222 = DSM 20088	0.00023193233701322924	0.0006381273589597773	340.0	0.0006381273589597773	0.0	0.0002328099222456661	0.0009444391212998707	503.2056637806628	0.0006644031913875328	0.0004560733771388997
ti|76114	Aromatoleum aromaticum EbN1	0.00022897475342442214	0.0007282159272835105	388.0	0.0007282159272835105	0.0	0.00022897475243682688	0.0007263390821100995	387.0	0.0007263390821100995	0.0
ti|391165	Granulibacter bethesdensis CGDNIH1	0.00022894884388671157	0.0007770139017921994	414.0	0.0007770139017921994	0.0	0.00019836964315167902	0.0005037765252964323	268.4166666666668	0.00027401939531802204	0.0004973639709539441
ti|774	Bartonella bacilliformis	0.00022845693490856618	0.0003603542732949331	192.0	0.0007038169400291662	1.6891606560699987e-05	0.00022845693490851569	0.0003603542732949331	192.0	0.0006644031913875328	5.6305355202333296e-05
ti|360095	Bartonella bacilliformis KC583	0.00022845693490856618	0.0003603542732949331	192.0	0.0007038169400291662	1.6891606560699987e-05	0.00022845693490851569	0.0003603542732949331	192.0	0.0006644031913875328	5.6305355202333296e-05
ti|570508	Helicobacter pylori P12	0.0002174892617735659	0.0031587304268508977	1683.0	0.0030761492392208088	8.258118763008884e-05	0.0001455269214295506	0.0005750586581146876	306.39642857142854	0.00045231968679207744	0.00014264023317924434
ti|1442	Bacillus thuringiensis serovar tolworthi	0.0001990403385637459	0.004130936226677853	2201.0	0.00402395605179342	0.00010698017488443327	4.785093308906152e-05	0.0008104889994072278	431.8358332851656	0.0	0.004709004540088474
ti|227377	Coxiella burnetii RSA 493	0.00018758531571900163	0.0029654153739895536	1580.0	0.0029654153739895536	0.0	2.2053773584843204e-05	0.0003341261067763455	178.02539682539788	0.0	0.0024154997381800984
ti|351745	Shewanella sp. W3-18-1	0.0001842634654256322	0.0024361450350876205	1298.0	0.002319780634336132	0.00011636440075148881	7.57646929952183e-05	0.0006619007311563182	352.66666666666674	0.0003434626667342331	0.0007394769983239773
ti|226185	Enterococcus faecalis V583	0.0001835021568261009	0.01148253877092917	6118.0	0.01148253877092917	0.0	4.572643313212284e-05	0.003310281205924873	1763.7476190476257	0.0009440531222257882	0.005975875032140973
ti|643561	Acidovorax avenae subsp. avenae ATCC 19860	0.00017846724214015203	0.0014489244738733768	772.0	0.0014432939383531435	5.6305355202333294e-06	0.0001648301195279391	0.000512378732341233	273.0	0.0004973639709539441	3.5660058294811084e-05
ti|243265	Photorhabdus luminescens subsp. laumondii TTO1	0.000175858906839166	0.0008183044956072439	436.0	0.0008183044956072439	0.0	0.00017585881297259225	0.0008145508052604216	434.0	0.0008145508052604216	0.0
ti|59922	Prochlorococcus marinus str. MIT 9303	0.00017498426698305943	0.0014770771514745434	787.0	0.0014770771514745434	0.0	0.0001574227759519574	0.0007535533371245606	401.5	0.000769506521098555	0.0
ti|1405	Bacillus mycoides	0.00016841643501993797	0.0035097004742787753	1870.0	0.003489055177371253	2.064529690752221e-05	5.5996648965232095e-05	0.0011441202596819083	609.5975714408579	0.00030217207291918867	0.0021790172463302983
ti|204773	Herminiimonas arsenicoxydans	0.00016788963106937395	0.0007150780110696328	381.0	0.0007150780110696328	0.0	0.0001678896310698354	0.0007150780110696328	381.0	0.0007150780110696328	0.0
ti|573061	Clostridium cellulovorans 743B	0.00016532343917389602	0.0005686840875435662	303.0	0.0005686840875435662	0.0	0.00016532343917389602	0.0005686840875435662	303.0	0.0005686840875435662	0.0
ti|414684	Rhodospirillum centenum SW	0.00016451199039428335	0.0007845212824858439	418.0	0.0007845212824858439	0.0	0.00016450587952322106	0.0007817060147257272	416.5	0.0007845212824858439	1.8768451734111098e-06
ti|38300	Streptomyces pristinaespiralis	0.00016374346971729972	0.0019200126123995653	1023.0	0.0018862293992781653	3.3783213121399975e-05	0.00016358198007657496	0.0003736485932732618	199.08333333333334	0.0003659848088151664	1.1261071040466659e-05
ti|290397	Anaeromyxobacter dehalogenans 2CP-C	0.00016351175333425452	0.0015615351842780433	832.0	0.0015615351842780433	0.0	0.00016332633732515217	0.0011223534136998437	598.0	0.0010716785940177438	0.00010134963936419992
ti|400668	Marinomonas sp. MWYL1	0.00016343271980536768	0.0008915014573702771	475.0	0.0008915014573702771	0.0	0.00016343271980536766	0.0008858709218500439	472.0	0.0008858709218500439	0.0
ti|398511	Bacillus pseudofirmus OF4	0.00016292539463918813	0.0005349008744221663	285.0	0.0005349008744221663	0.0	0.00016292539463918813	0.0005349008744221663	285.0	0.0005349008744221663	0.0
ti|398580	Dinoroseobacter shibae DFL 12 = DSM 16493	0.00016274978338232086	0.0007901518180060773	421.0	0.0007901518180060773	0.0	0.00016274985722637857	0.0007760754792054938	413.5	0.0007732602114453773	3.7536903468222196e-06
ti|459349	Candidatus Cloacimonas acidaminovorans str. Evry	0.00016242452659999307	0.00024211302737003315	129.0	0.00024211302737003315	0.0	0.00016242452659999307	0.00024211302737003315	129.0	0.00024211302737003315	0.0
ti|314315	Lactobacillus sakei subsp. sakei 23K	0.0001622349386244381	0.00042041331884408857	224.0	0.00042041331884408857	0.0	0.0001622321333217254	0.0003988295993498608	212.5	0.00042041331884408857	0.0
ti|457405	Fusobacterium nucleatum subsp. animalis 7_1	0.00015770281931404412	0.0008614719345956994	459.0	0.0008614719345956994	0.0	0.00013334363427123773	0.0005639606938571481	300.48333333333323	0.00042792069953773306	0.00025525094358391093
ti|633149	Brevundimonas subvibrioides ATCC 15264	0.00015649660811896087	0.0004391817705781997	234.0	0.0004391817705781997	0.0	0.0001564966077596468	0.00035472373777469977	189.0	0.00035472373777469977	0.0
ti|1250339	Burkholderia thailandensis MSMB59	0.00015466842136947648	0.0011317376395668993	603.0	0.0011148460330061992	1.6891606560699987e-05	2.19086649499693e-05	0.00016556455636876545	88.21428571428555	0.0	0.0012837620986131991
ti|269084	Synechococcus elongatus PCC 6301	0.00014543878026929637	0.00143766340283291	766.0	0.00143766340283291	0.0	4.8589487235314844e-05	0.0004886053601446963	260.3333333333355	4.5044284161866635e-05	0.0013306832279484768
ti|1639	Listeria monocytogenes	0.00014543295393077004	0.008301286201997339	4423.0	0.008301286201997339	0.0	8.827064543638457e-06	0.0005369840517017885	286.1099356031782	1.1261071040466659e-05	0.005636166055753563
ti|573	Klebsiella pneumoniae	0.0001371506320840507	0.002631336933122376	1402.0	0.0026294600879489646	1.8768451734111098e-06	5.701416090383007e-06	7.224571862329524e-05	38.49316909395932	0.0	0.0009515605029194327
ti|103690	Nostoc sp. PCC 7120	0.00013010120803710318	0.0008276887214742994	441.0	0.0008276887214742994	0.0	0.0001300534386771987	0.0008183044956072439	436.0	0.0008183044956072439	0.0
ti|435590	Bacteroides vulgatus ATCC 8482	0.00012648492748244008	0.0023535638474575316	1254.0	0.0023535638474575316	0.0	5.629816227440629e-05	0.001282417026238924	683.2833333333348	0.0009027625284107439	0.0008051665793933661
ti|225849	Shewanella piezotolerans WP3	0.0001259146756290963	0.0008070434245667773	430.0	0.0008070434245667773	0.0	0.0001259146756272885	0.0008070434245667773	430.0	0.0008070434245667773	0.0
ti|243230	Deinococcus radiodurans R1	0.0001251156788718513	0.0007263390821100995	387.0	0.0007263390821100995	0.0	0.00012511567887024176	0.0007263390821100995	387.0	0.0007263390821100995	0.0
ti|355277	Leptospira borgpetersenii serovar Hardjo-bovis str. JB197	0.00012149084095847422	0.0006156052168788441	328.0	0.0006156052168788441	0.0	3.216432613094002e-05	0.00019828869257088337	105.64999999999979	2.064529690752221e-05	0.0005255166485551107
ti|269796	Rhodospirillum rubrum ATCC 11170	0.00012083200510063486	0.0003828764153758664	204.0	0.0007394769983239773	2.6275832427755536e-05	0.0001208320046860102	0.00038099957020245527	203.0	0.0007225853917632773	3.941374864163331e-05
ti|1036743	Rhodospirillum rubrum F11	0.00012083200510063486	0.0003828764153758664	204.0	0.0007394769983239773	2.6275832427755536e-05	0.0001208320046860102	0.00038099957020245527	203.0	0.0007225853917632773	3.941374864163331e-05
ti|479435	Kribbella flavida DSM 17836	0.00011684021026627313	0.0007150780110696328	381.0	0.0007150780110696328	0.0	0.00011684021026636113	0.0007150780110696328	381.0	0.0007150780110696328	0.0
ti|656024	Frankia symbiont of Datisca glomerata	0.00011496910003487512	0.00045044284161866637	240.0	0.00045044284161866637	0.0	0.000114969092965542	0.0004222901640174997	225.0	0.0004222901640174997	0.0
ti|438753	Azorhizobium caulinodans ORS 571	0.00011255198772337423	0.0007432306886707995	396.0	0.0007432306886707995	0.0	0.00011255196267204047	0.0007432306886707995	396.0	0.0007432306886707995	0.0
ti|748671	Lactobacillus crispatus ST1	0.00010585792965730205	0.0031699914978913645	1689.0	0.003168114652717953	1.8768451734111098e-06	0.00010585792965731322	0.003168583864011306	1688.25	0.003168114652717953	1.8768451734111098e-06
ti|357809	Lachnoclostridium phytofermentans ISDg	0.00010023525433012274	0.0008802403863298105	469.0	0.0008802403863298105	0.0	0.00010023525433012274	0.0008802403863298105	469.0	0.0008802403863298105	0.0
ti|65393	Cyanothece sp. PCC 7424	9.872840386273642e-05	0.0008915014573702771	475.0	0.0008915014573702771	0.0	9.872840386273596e-05	0.0008915014573702771	475.0	0.0008915014573702771	0.0
ti|40041	Streptococcus equi subsp. zooepidemicus	9.19955131865874e-05	0.0011692745430351213	623.0	0.0011692745430351213	0.0	5.184553112056901e-05	0.0003964209813773166	211.2166666666667	0.00023460564667638872	0.00034158582156082197
ti|317655	Sphingopyxis alaskensis RB2256	8.84159210562581e-05	0.0006944327141621107	370.0	0.0006944327141621107	0.0	8.841528341389302e-05	0.0006906790238152884	368.0	0.0006906790238152884	0.0
ti|272564	Desulfitobacterium hafniense DCB-2	8.663005295753003e-05	0.0027627160952611537	1472.0	0.0027627160952611537	0.0	6.328543033315072e-05	0.001360087135665247	724.6666666666647	0.0010153732388154103	0.0008351961021679439
ti|448385	Sorangium cellulosum So ce56	8.368589003967985e-05	0.000735723307977155	392.0	0.000735723307977155	0.0	8.367544984773702e-05	0.000735723307977155	392.0	0.000735723307977155	0.0
ti|485915	Desulfohalobium retbaense DSM 5692	8.296218551760126e-05	0.0008464571732084105	451.0	0.0008464571732084105	0.0	8.296218551760126e-05	0.0008464571732084105	451.0	0.0008464571732084105	0.0
ti|640512	Burkholderia sp. CCGE1003	8.274588401764444e-05	0.0008183044956072439	436.0	0.0007920286631794883	2.6275832427755536e-05	8.217464390939968e-05	0.0004964255483672385	264.5	0.000495487125780533	3.7536903468222196e-06
ti|59919	Prochlorococcus marinus subsp. pastoris str. CCMP1986	8.220449250963799e-05	0.0007319696176303328	390.0	0.0007319696176303328	0.0	8.220448699793434e-05	0.0007319696176303328	390.0	0.0007319696176303328	0.0
ti|326298	Sulfurimonas denitrificans DSM 1251	8.199261470829078e-05	0.0006268662879193107	334.0	0.0006268662879193107	0.0	8.199261470829078e-05	0.0006268662879193107	334.0	0.0006268662879193107	0.0
ti|504472	Spirosoma linguale DSM 74	8.181338461969986e-05	0.000853964553902055	455.0	0.000853964553902055	0.0	8.181338461969994e-05	0.000853964553902055	455.0	0.000853964553902055	0.0
ti|410359	Pyrobaculum calidifontis JCM 11548	8.158478942916281e-05	0.00031718683430647754	169.0	0.00031718683430647754	0.0	8.158478942916551e-05	0.00031718683430647754	169.0	0.00031718683430647754	0.0
ti|945704	Streptococcus suis JS14	8.015129250492328e-05	0.0008092956387748407	431.1999999999841	0.0	0.004046478193874352	4.4138757500282196e-05	0.00041300372305479795	220.05210067710385	0.0	0.003774335643729742
ti|568813	Streptococcus suis SC84	8.015129250492328e-05	0.0008092956387748407	431.1999999999841	0.0	0.004046478193874352	4.4138757500282196e-05	0.00041300372305479795	220.05210067710385	0.0	0.003774335643729742
ti|218494	Streptococcus suis P1/7	8.015129250492328e-05	0.0008092956387748407	431.1999999999841	0.0	0.004046478193874352	4.4138757500282196e-05	0.00041300372305479795	220.05210067710385	0.0	0.003774335643729742
ti|1246365	Streptococcus suis SC070731	8.015129250492328e-05	0.0008092956387748407	431.1999999999841	0.0	0.004046478193874352	4.4138757500282196e-05	0.00041300372305479795	220.05210067710385	0.0	0.003774335643729742
ti|1005041	Streptococcus suis SS12	8.015129250492328e-05	0.0008092956387748407	431.1999999999841	0.0	0.004046478193874352	4.4138757500282196e-05	0.00041300372305479795	220.05210067710385	0.0	0.003774335643729742
ti|93059	Prochlorococcus marinus str. MIT 9211	7.933700616739079e-05	0.0007713833662719662	411.0	0.0007713833662719662	0.0	7.933700616739079e-05	0.0007713833662719662	411.0	0.0007713833662719662	0.0
ti|221988	Mannheimia succiniciproducens MBEL55E	7.885769602877895e-05	0.0005818220037574441	310.0	0.0005818220037574441	0.0	7.885769602850501e-05	0.0005818220037574441	310.0	0.0005818220037574441	0.0
ti|257310	Bordetella bronchiseptica RB50	7.754521855256015e-05	0.0027326865724865757	1456.0	0.0027326865724865757	0.0	1.338247304122322e-05	0.0003862370546773418	205.79057886557982	5.6305355202333296e-05	0.0017998945213012544
ti|243231	Geobacter sulfurreducens PCA	7.635522499538034e-05	0.000837072947341355	446.0	0.0008351961021679439	1.8768451734111098e-06	3.0274321043958882e-05	0.0003015464578613851	160.66666666666674	2.064529690752221e-05	0.0007957823535263105
ti|292459	Symbiobacterium thermophilum IAM 14863	7.426872850604241e-05	0.0007995360438731328	426.0	0.0007995360438731328	0.0	7.426872850604241e-05	0.0007995360438731328	426.0	0.0007995360438731328	0.0
ti|93060	Prochlorococcus marinus str. MIT 9215	6.719253674653264e-05	0.0010529101422836326	561.0	0.0010529101422836326	0.0	6.644224024118931e-05	0.0009637599965466049	513.5	0.0009553141932662549	1.5014761387288878e-05
ti|360911	Exiguobacterium sp. AT1b	6.711781648196014e-05	0.0005255166485551107	280.0	0.0005255166485551107	0.0	6.711781648196014e-05	0.0005255166485551107	280.0	0.0005255166485551107	0.0
ti|444158	Methanococcus maripaludis C6	6.62942584348813e-05	0.0006625263462141218	353.0	0.0006568958106938884	5.6305355202333294e-06	6.621511914483e-05	0.0004222901640174997	225.0	0.0004222901640174997	0.0
ti|32051	Synechococcus sp. WH 7803	6.601761825536504e-05	0.001039772226069755	554.0	0.001039772226069755	0.0	6.60176182553878e-05	0.0010416490712431658	555.0	0.0010416490712431658	1.8768451734111098e-06
ti|521011	Methanosphaerula palustris E1-9c	6.550806099190166e-05	0.00034721635708105533	185.0	0.00034721635708105533	0.0	6.550806099190166e-05	0.00034721635708105533	185.0	0.00034721635708105533	0.0
ti|536019	Mesorhizobium opportunistum WSM2075	6.533656640487153e-05	0.00044293546092502193	236.0	0.0004391817705781997	3.7536903468222196e-06	6.533385286548014e-05	0.0004257310468354201	226.83333333333334	0.0004241670091909108	3.7536903468222196e-06
ti|272630	Methylobacterium extorquens AM1	6.26773181741924e-05	0.001983825348295543	1057.0	0.001980071657948721	3.7536903468222196e-06	5.799959474761612e-05	0.0003949195052385877	210.41666666666669	0.00035660058294811084	7.882749728326662e-05
ti|439235	Desulfatibacillum alkenivorans AK-01	6.0957321845602326e-05	0.000870856160462755	464.0	0.000870856160462755	0.0	6.0957321845602326e-05	0.000870856160462755	464.0	0.000870856160462755	0.0
ti|313603	Maribacter sp. HTCC2170	5.9848718954521765e-05	0.0007225853917632773	385.0	0.0007225853917632773	0.0	5.9848718954521765e-05	0.0007225853917632773	385.0	0.0007225853917632773	0.0
ti|521096	Tsukamurella paurometabola DSM 20162	5.875070002860869e-05	0.0010510332971102215	560.0	0.0010491564519368103	1.8768451734111098e-06	5.875070479139928e-05	0.001058540677803866	564.0	0.001058540677803866	0.0
ti|393595	Alcanivorax borkumensis SK2	5.862460822357833e-05	0.0010285111550292882	548.0	0.0010285111550292882	0.0	2.9357084779798975e-05	0.0005752530456505051	306.5	0.0010153732388154103	1.1261071040466659e-05
ti|257314	Lactobacillus johnsonii NCC 533	5.851335892114488e-05	0.001486461377341599	792.0	0.001486461377341599	0.0	4.891587963963022e-05	0.0009349504231347442	498.1499999999999	0.0008258118763008883	0.00026275832427755536
ti|273063	Sulfolobus tokodaii str. 7	5.825460783767546e-05	0.00035284689260128865	188.0	0.00035284689260128865	0.0	5.825442662564253e-05	0.00034252424414752753	182.5	0.00035284689260128865	0.0
ti|469383	Conexibacter woesei DSM 14684	5.825224820206111e-05	0.0003997680219365664	213.0	0.0003997680219365664	0.0	5.825224820206111e-05	0.0003997680219365664	213.0	0.0003997680219365664	0.0
ti|313595	Psychroflexus torquis ATCC 700755	5.819841976666508e-05	0.0004072754026302108	217.0	0.0004072754026302108	0.0	5.819841976666508e-05	0.0004072754026302108	217.0	0.0004072754026302108	0.0
ti|331272	Burkholderia cenocepacia HI2424	5.570247469895622e-05	0.0025093419968506537	1337.0	0.002445529260954676	6.381273589597773e-05	2.6558540732932733e-05	0.0009766700101322765	520.3785714285681	0.0	0.002344179621590476
ti|205921	Streptococcus agalactiae A909	5.08371874116548e-05	0.0016428651417925804	875.3333333333629	0.0	0.004928595425377574	2.2214229730553724e-05	0.0004616100704004561	245.9499999999966	0.0	0.0025900463393073317
ti|1311	Streptococcus agalactiae	5.08371874116548e-05	0.0016428651417925804	875.3333333333629	0.0	0.004928595425377574	2.2214229730553724e-05	0.0004616100704004561	245.9499999999966	0.0	0.0025900463393073317
ti|1203670	Streptococcus agalactiae GD201008-001	5.08371874116548e-05	0.0016428651417925804	875.3333333333629	0.0	0.004928595425377574	2.2214229730553724e-05	0.0004616100704004561	245.9499999999966	0.0	0.0025900463393073317
ti|78245	Xanthobacter autotrophicus Py2	5.020755872724311e-05	0.0003659848088151664	195.0	0.0003641079636417553	1.8768451734111098e-06	5.020755665716833e-05	0.0003622311184683442	193.0	0.0003622311184683442	0.0
ti|391735	Verminephrobacter eiseniae EF01-2	5.0109886505989735e-05	0.0007676296759251439	409.0	0.0007657528307517328	1.8768451734111098e-06	5.0109883192053126e-05	0.0007488612241910328	399.0	0.0007488612241910328	0.0
ti|452662	Sphingobium japonicum UT26S	4.98451775445908e-05	0.00042979754471114413	229.0	0.00042979754471114413	0.0	4.984512000263318e-05	0.00037411780456661454	199.33333333333331	0.00036973849916198864	9.384225867055548e-06
ti|351627	Caldicellulosiruptor saccharolyticus DSM 8903	4.869911195075134e-05	0.0010022353226015327	534.0	0.0010022353226015327	0.0	4.869895256103596e-05	0.0010022353226015327	534.0	0.0010022353226015327	0.0
ti|574556	Anaplasma centrale str. Israel	4.699913237947348e-05	0.0016516237526017765	880.0	0.0016516237526017765	0.0	2.210522613934061e-05	0.0004419657575854264	235.48333333333346	0.00022709826598274428	0.0004560733771388997
ti|536227	Clostridium carboxidivorans P7	4.438407623649573e-05	0.0010153732388154103	541.0	0.0010153732388154103	0.0	4.191762483788524e-05	0.0010153732388154103	541.0	0.0010153732388154103	0.0
ti|716540	Erwinia amylovora ATCC 49946	4.42810658734386e-05	0.0008014128890465439	427.0	0.0008014128890465439	0.0	1.4853595500879595e-05	0.00030389251432814935	161.9166666666669	0.0	0.0008051665793933661
ti|349521	Hahella chejuensis KCTC 2396	4.4106114806241656e-05	0.0009459299673991994	504.0	0.0009459299673991994	0.0	4.4106114806241656e-05	0.0009459299673991994	504.0	0.0009459299673991994	0.0
ti|485914	Halomicrobium mukohataei DSM 12286	4.4069078260302835e-05	0.0003453395119076442	184.0	0.0003453395119076442	0.0	4.4069077407678914e-05	0.00034158582156082197	182.0	0.00034158582156082197	0.0
ti|313598	Polaribacter sp. MED152	4.3882430735092604e-05	0.0007150780110696328	381.0	0.0007150780110696328	0.0	4.3882430735092584e-05	0.0007150780110696328	381.0	0.0007150780110696328	0.0
ti|302409	Ehrlichia ruminantium str. Gardel	4.378464180050028e-05	0.0015164909001161768	808.0	0.0015164909001161768	0.0	3.988814008547334e-05	0.0006315584008528385	336.5	0.000752614914537855	0.0
ti|595494	Tolumonas auensis DSM 9187	4.366557385683825e-05	0.0003828764153758664	204.0	0.0003828764153758664	0.0	4.366557385683557e-05	0.0003828764153758664	204.0	0.0003828764153758664	0.0
ti|318167	Shewanella frigidimarina NCIMB 400	4.3179214304467124e-05	0.0007207085465898662	384.0	0.0007207085465898662	0.0	4.317909039432608e-05	0.0007169548562430439	382.0	0.0007207085465898662	0.0
ti|376686	Flavobacterium johnsoniae UW101	4.2909298030994013e-05	0.0007263390821100995	387.0	0.0007263390821100995	0.0	4.290929723228868e-05	0.0007235238143499829	385.5	0.0007207085465898662	3.7536903468222196e-06
ti|471855	Slackia heliotrinireducens DSM 20476	4.273722134158885e-05	0.0008464571732084105	451.0	0.0008464571732084105	0.0	4.273722134158886e-05	0.0008483340183818216	452.0	0.0008464571732084105	1.8768451734111098e-06
ti|634499	Erwinia pyrifoliae Ep1/96	4.262693166758899e-05	0.0007770139017921994	414.0	0.0007713833662719662	5.6305355202333294e-06	2.1242768022850406e-05	0.0003755254384466729	200.08333333333334	9.384225867055548e-06	0.0007507380693644439
ti|334390	Lactobacillus fermentum IFO 3956	4.260002396303229e-05	0.002391100750925754	1274.0	0.002391100750925754	0.0	1.4570396521682564e-05	0.0010773716910437582	574.0333333333338	0.0003434626667342331	0.0015596583391046322
ti|557598	Laribacter hongkongensis HLHK9	4.257977940953573e-05	0.00040915224780362194	218.0	0.0004072754026302108	1.8768451734111098e-06	4.257977956405827e-05	0.00041478278332385526	221.0	0.00041478278332385526	0.0
ti|1491	Clostridium botulinum	4.25127486787778e-05	0.005782559979279629	3081.0	0.005782559979279629	0.0	5.93860340354319e-06	0.0009072148222387891	483.372222222227	4.8797974508688853e-05	0.0029879375160704867
ti|395962	Cyanothece sp. PCC 8802	4.246060531428964e-05	0.00177549553404691	946.0	0.00177549553404691	0.0	2.127364846652574e-05	0.0009008856832373327	480.0	0.0013869885831508102	1.8768451734111098e-06
ti|455488	Anaeromyxobacter dehalogenans 2CP-1	4.2158529494003864e-05	0.0014676929256074878	782.0	0.0014676929256074878	0.0	4.15493630331898e-05	0.0009215309801448549	491.0	0.000769506521098555	0.0003040489180925998
ti|216595	Pseudomonas fluorescens SBW25	4.189863911710339e-05	0.0009421762770523771	502.0	0.0009421762770523771	0.0	4.189842664288653e-05	0.0009337304737720272	497.5	0.0009252846704916771	1.6891606560699987e-05
ti|197221	Thermosynechococcus elongatus BP-1	4.1419083371503214e-05	0.0006644031913875328	354.0	0.0006644031913875328	0.0	4.141904388280602e-05	0.0006644031913875328	354.0	0.0006644031913875328	0.0
ti|1774373	Alteromonas mediterranea DE	4.13916205721886e-05	0.0006418810493065996	342.0	0.0006418810493065996	0.0	7.575883671843812e-06	0.0002603966274343461	138.7416666666665	9.384225867055549e-05	0.0005386545647689885
ti|306537	Corynebacterium jeikeium K411	4.1369628581061825e-05	0.001111092342659377	592.0	0.001111092342659377	0.0	4.136878355299312e-05	0.0011054618071391436	589.0	0.0011054618071391436	0.0
ti|592316	Pantoea sp. At-9b	4.1366889718732516e-05	0.00042979754471114413	229.0	0.00042792069953773306	1.8768451734111098e-06	4.137900908269418e-05	0.0004579502223123108	244.0	0.0004579502223123108	0.0
ti|511995	Candidatus Azobacteroides pseudotrichonymphae genomovar. CFP2	4.1211168858164724e-05	0.0003453395119076442	184.0	0.0003453395119076442	0.0	4.1211168858164724e-05	0.0003453395119076442	184.0	0.0003453395119076442	0.0
ti|259564	Methanococcoides burtonii DSM 6242	4.1048026563156274e-05	0.0003434626667342331	183.0	0.0003434626667342331	0.0	4.1048026563156254e-05	0.0003434626667342331	183.0	0.0003434626667342331	0.0
ti|330779	Sulfolobus acidocaldarius DSM 639	4.09065090542621e-05	0.00010885702005784462	58.000000000000135	0.0	0.0003265710601735331	3.067453817756136e-05	8.195557257228514e-05	43.66666666666667	0.0	0.0003265710601735331
ti|1028567	Sulfolobus acidocaldarius Ron12/I	4.09065090542621e-05	0.00010885702005784462	58.000000000000135	0.0	0.0003265710601735331	3.067453817756136e-05	8.195557257228514e-05	43.66666666666667	0.0	0.0003265710601735331
ti|1028566	Sulfolobus acidocaldarius N8	4.09065090542621e-05	0.00010885702005784462	58.000000000000135	0.0	0.0003265710601735331	3.067453817756136e-05	8.195557257228514e-05	43.66666666666667	0.0	0.0003265710601735331
ti|684738	Lactococcus lactis subsp. lactis KF147	3.9072575734834896e-05	0.0005752530456505051	306.5	0.0008915014573702771	0.00025900463393073317	2.3044826869525356e-05	0.00018757056602701106	99.93928571428575	0.0	0.0005067481968209996
ti|1117941	Lactococcus lactis subsp. lactis NCDO 2118	3.9072575734834896e-05	0.0005752530456505051	306.5	0.0008915014573702771	0.00025900463393073317	2.3044826869525356e-05	0.00018757056602701106	99.93928571428575	0.0	0.0005067481968209996
ti|196627	Corynebacterium glutamicum ATCC 13032	3.801219608911604e-05	0.0006653416139742384	354.5	0.001300653705173899	3.0029522774577757e-05	1.6200087205057022e-05	0.00025971738822873027	138.37976190476155	0.0	0.0010491564519368103
ti|1310161	Corynebacterium glutamicum MB001	3.801219608911604e-05	0.0006653416139742384	354.5	0.001300653705173899	3.0029522774577757e-05	1.6200087205057022e-05	0.00025971738822873027	138.37976190476155	0.0	0.0010491564519368103
ti|386656	Yersinia pestis Pestoides F	3.7166999089897425e-05	0.006078163094091879	3238.5	0.0	0.012156326188183759	6.035769559375055e-06	0.00039503227423645805	210.476751003653	0.0	0.010806874508501171
ti|1345705	Yersinia pestis 1522	3.7166999089897425e-05	0.006078163094091879	3238.5	0.0	0.012156326188183759	6.035769559375055e-06	0.00039503227423645805	210.476751003653	0.0	0.010806874508501171
ti|83332	Mycobacterium tuberculosis H37Rv	3.501813877667656e-05	0.0009706701992304061	517.1818181817534	0.0	0.010677372191535804	9.714629872062508e-06	0.0002663863094826821	141.9330231691584	0.0	0.010300126311680171
ti|707235	Mycobacterium tuberculosis CTRI-2	3.501813877667656e-05	0.0009706701992304061	517.1818181817534	0.0	0.010677372191535804	9.714629872062508e-06	0.0002663863094826821	141.9330231691584	0.0	0.010300126311680171
ti|652616	Mycobacterium tuberculosis str. Erdman = ATCC 35801	3.501813877667656e-05	0.0009706701992304061	517.1818181817534	0.0	0.010677372191535804	9.714629872062508e-06	0.0002663863094826821	141.9330231691584	0.0	0.010300126311680171
ti|478435	Mycobacterium tuberculosis KZN 605	3.501813877667656e-05	0.0009706701992304061	517.1818181817534	0.0	0.010677372191535804	9.714629872062508e-06	0.0002663863094826821	141.9330231691584	0.0	0.010300126311680171
ti|478434	Mycobacterium tuberculosis KZN 1435	3.501813877667656e-05	0.0009706701992304061	517.1818181817534	0.0	0.010677372191535804	9.714629872062508e-06	0.0002663863094826821	141.9330231691584	0.0	0.010300126311680171
ti|478433	Mycobacterium tuberculosis KZN 4207	3.501813877667656e-05	0.0009706701992304061	517.1818181817534	0.0	0.010677372191535804	9.714629872062508e-06	0.0002663863094826821	141.9330231691584	0.0	0.010300126311680171
ti|419947	Mycobacterium tuberculosis H37Ra	3.501813877667656e-05	0.0009706701992304061	517.1818181817534	0.0	0.010677372191535804	9.714629872062508e-06	0.0002663863094826821	141.9330231691584	0.0	0.010300126311680171
ti|336982	Mycobacterium tuberculosis F11	3.501813877667656e-05	0.0009706701992304061	517.1818181817534	0.0	0.010677372191535804	9.714629872062508e-06	0.0002663863094826821	141.9330231691584	0.0	0.010300126311680171
ti|1445606	Mycobacterium tuberculosis str. Kurono	3.501813877667656e-05	0.0009706701992304061	517.1818181817534	0.0	0.010677372191535804	9.714629872062508e-06	0.0002663863094826821	141.9330231691584	0.0	0.010300126311680171
ti|1437856	Mycobacterium tuberculosis H37RvSiena	3.501813877667656e-05	0.0009706701992304061	517.1818181817534	0.0	0.010677372191535804	9.714629872062508e-06	0.0002663863094826821	141.9330231691584	0.0	0.010300126311680171
ti|1097669	Mycobacterium tuberculosis UT205	3.501813877667656e-05	0.0009706701992304061	517.1818181817534	0.0	0.010677372191535804	9.714629872062508e-06	0.0002663863094826821	141.9330231691584	0.0	0.010300126311680171
ti|335541	Syntrophomonas wolfei subsp. wolfei str. Goettingen G311	3.4536967584958895e-05	0.0006756642624279996	360.0	0.0006756642624279996	0.0	3.4536967584958895e-05	0.0006756642624279996	360.0	0.0006756642624279996	0.0
ti|240292	Anabaena variabilis ATCC 29413	3.4384819759791e-05	0.0008107971149135994	432.0	0.0008107971149135994	0.0	3.443258840426127e-05	0.0008145508052604216	434.0	0.0008145508052604216	0.0
