Total Number of Aligned Reads:	541666	Total Number of Mapped Genomes:	2983
Genome	Tax Names	Final Guess	Final Best Hit	Final Best Hit Read Numbers	Final High Confidence Hits	Final Low Confidence Hits	Initial Guess	Initial Best Hit	Initial Best Hit Read Numbers	Initial High Confidence Hits	Initial Low Confidence Hits
ti|399741	Serratia proteamaculans 568	0.3501380727758573	0.001988310139458633	1077.0	0.001988310139458633	0.0	0.35013719763361006	0.0016338481647362028	885.0	0.0016338481647362028	0.0
ti|114615	Bradyrhizobium sp. ORS 278	0.12524510485720586	0.004705851945663933	2549.0	0.004705851945663933	0.0	0.125245077377852	0.004683698072243781	2537.0	0.004683698072243781	0.0
ti|562	Escherichia coli	0.05944865458287238	0.07639947864551218	41383.0	0.07639578633327548	3.6923122366919837e-06	0.0011790618800415502	0.003624819730428663	1963.4416041023721	4.061543460361182e-05	0.051099755199698706
ti|452637	Opitutus terrae PB90-1	0.044231153167482946	0.0012424630676468524	673.0	0.0012424630676468524	0.0	0.044231153167482946	0.0012424630676468524	673.0	0.0012424630676468524	0.0
ti|358681	Brevibacillus brevis NBRC 100599	0.044227567127303344	0.0004818467468883039	261.0	0.0004818467468883039	0.0	0.04422756712730333	0.0004818467468883039	261.0	0.0004818467468883039	0.0
ti|272560	Burkholderia pseudomallei K96243	0.022968794894996442	0.020501563694232238	11105.0	0.020387102014894787	0.00011446167933745149	0.0008458883994500405	0.0005154219606261751	279.18655172453776	0.0	0.011062167461129183
ti|536019	Mesorhizobium opportunistum WSM2075	0.022218093211173556	0.0010153858650902956	550.0	0.0010153858650902956	0.0	0.022218085808454593	0.0009895396794334507	535.9999999999995	0.0009766165866050298	3.876927848526583e-05
ti|322710	Azotobacter vinelandii DJ	0.020815454157809762	0.0006036930506991373	326.99999999999886	0.0	0.001811079152097418	0.02081538780029447	0.0005750776308647759	311.4999999999997	0.0	0.0017353867512452323
ti|1283331	Azotobacter vinelandii CA6	0.020815454157809762	0.0006036930506991373	326.99999999999886	0.0	0.001811079152097418	0.02081538780029447	0.0005750776308647759	311.4999999999997	0.0	0.0017353867512452323
ti|1283330	Azotobacter vinelandii CA	0.020815454157809762	0.0006036930506991373	326.99999999999886	0.0	0.001811079152097418	0.02081538780029447	0.0005750776308647759	311.4999999999997	0.0	0.0017353867512452323
ti|520461	Brucella pinnipedialis B2/94	0.015895502461279486	0.012245553532988963	6633.0	0.012245553532988963	0.0	0.0004978745196132388	0.0004570058859965334	247.54455024419823	0.0	0.009402473110736137
ti|338966	Pelobacter propionicus DSM 2379	0.015754786968048547	0.0009526165570665318	516.0	0.0009526165570665318	0.0	0.015754786968048547	0.0009526165570665318	516.0	0.0009526165570665318	0.0
ti|150340	Vibrio antiquarius	0.015736570741407434	0.002514464633187241	1362.0	0.002514464633187241	0.0	0.015730822184503154	0.001595078886250937	864.0	0.001595078886250937	0.0
ti|1097669	Mycobacterium tuberculosis UT205	0.013789630624846458	0.0424209752873542	22978.0	0.0424209752873542	0.0	0.0007040916190735638	0.0010889276238958843	589.8350703251881	0.0	0.0386640475865201
ti|637386	Yersinia pestis Z176003	0.013367810272326898	0.009628165696203934	5215.25	0.0	0.038512662784815736	0.0021747939053427634	0.00137305740651899	743.7385131595152	0.0	0.034593273345567194
ti|637382	Yersinia pestis D106004	0.013367810272326898	0.009628165696203934	5215.25	0.0	0.038512662784815736	0.0021747939053427634	0.00137305740651899	743.7385131595152	0.0	0.034593273345567194
ti|214092	Yersinia pestis CO92	0.013367810272326898	0.009628165696203934	5215.25	0.0	0.038512662784815736	0.0021747939053427634	0.00137305740651899	743.7385131595152	0.0	0.034593273345567194
ti|1035377	Yersinia pestis A1122	0.013367810272326898	0.009628165696203934	5215.25	0.0	0.038512662784815736	0.0021747939053427634	0.00137305740651899	743.7385131595152	0.0	0.034593273345567194
ti|573062	Thermoanaerobacter sp. X513	0.008037973667886137	0.00023723106120745994	128.5	0.00013292324052091142	0.00034153888189400846	0.004713628476711693	0.00014692325775170196	79.58333333333339	0.0	0.0004301543755746161
ti|399726	Thermoanaerobacter sp. X514	0.008037973667886137	0.00023723106120745994	128.5	0.00013292324052091142	0.00034153888189400846	0.004713628476711693	0.00014692325775170196	79.58333333333339	0.0	0.0004301543755746161
ti|423212	Legionella pneumophila 2300/99 Alcoy	0.006125154088620001	0.005448006705239022	2951.0	0.005448006705239022	0.0	0.0027865611285382867	0.000788009761066955	426.8380952380933	7.015393249714769e-05	0.0018627715234111057
ti|316056	Rhodopseudomonas palustris BisB18	0.0048708162428298795	0.0014215402111264137	770.0	0.0014215402111264137	0.0	0.004870816242829877	0.0014215402111264137	770.0	0.0014215402111264137	0.0
ti|328971	Leptospira borgpetersenii serovar Hardjo	0.004077446530130686	0.003428311911768507	1857.0	0.003428311911768507	0.0	0.0012560535664635146	0.0010649859261365182	576.8666666666633	1.8461561183459918e-06	0.0031550808062533
ti|585054	Escherichia fergusonii ATCC 35469	0.003977983421809099	0.0008436933460841182	457.0	0.0008436933460841182	0.0	0.003978383029922118	0.0008537496085883602	462.4471354856227	0.0007273855106283208	0.001576617325067477
ti|197221	Thermosynechococcus elongatus BP-1	0.003975854908814592	0.0009821550549600677	532.0	0.0009821550549600677	0.0	0.003975846184323618	0.0009821550549600677	532.0	0.0009821550549600677	0.0
ti|517418	Chloroherpeton thalassium ATCC 35110	0.003959034806500727	0.0014270786794814516	773.0	0.0014270786794814516	0.0	0.003959034806500727	0.0014270786794814516	773.0	0.0014270786794814516	0.0
ti|661410	Methylobacterium extorquens DM4	0.003957578876932729	0.00046338518570484394	251.0	0.00046338518570484394	0.0	0.0039630818188007835	0.0010033858503210465	543.5	0.0009452319325931478	0.0001366155527576034
ti|264198	Ralstonia eutropha JMP134	0.003947876559961208	0.0032067731775669876	1737.0	0.0032067731775669876	0.0	0.0039478765599216935	0.0032067731775669876	1737.0	0.0032067731775669876	0.0
ti|727	Haemophilus influenzae	0.003363191293927689	0.008538472047350212	4625.0	0.008538472047350212	0.0	0.0014020409141337665	0.0011429359310941116	619.089534052023	0.00018646176795294518	0.003435696536241891
ti|316058	Rhodopseudomonas palustris HaA2	0.0031774211408937105	0.0023612336753645233	1279.0	0.0023612336753645233	0.0	0.0031774211455571143	0.0023612336753645233	1279.0	0.0023612336753645233	0.0
ti|565655	Enterococcus casseliflavus EC20	0.002933793417538302	0.0006036930506991393	327.0	0.0006036930506991393	0.0	0.0028025394771229967	0.00041630820468702113	225.5	0.0004209235949828861	0.0
ti|357804	Psychromonas ingrahamii 37	0.0029293785989949624	0.0006830777637880169	370.0	0.0006830777637880169	0.0	0.0029293785989949624	0.0006830777637880169	370.0	0.0006830777637880169	0.0
ti|164757	Mycobacterium sp. JLS	0.0029059223470330915	0.009313857617055528	5045.0	0.009312011460937183	1.8461561183459918e-06	0.0015659606317896281	0.004541544051131196	2460.0000000000305	0.003587081337946262	0.0028190803927143297
ti|383372	Roseiflexus castenholzii DSM 13941	0.002814321475063646	0.002507080008713857	1358.0	0.002507080008713857	0.0	0.0028143214750636445	0.002507080008713857	1358.0	0.002507080008713857	0.0
ti|379731	Pseudomonas stutzeri A1501	0.0028109156737571943	0.0015193864853987513	823.0	0.0015193864853987513	0.0	0.001302543299499761	0.0013375401077416716	724.5000000000003	0.0011612321984396288	0.0003581542869591224
ti|362976	Haloquadratum walsbyi DSM 16790	0.0028056271973748615	0.0004726159662965739	256.0	0.0004726159662965739	0.0	0.0025982770926179935	0.000441231312284692	239.0	0.0004726159662965739	0.0
ti|439843	Salmonella enterica subsp. enterica serovar Schwarzengrund str. CVM19633	0.002683297447506819	0.015657250039692358	8481.0	0.015657250039692358	0.0	0.0001634014232414204	0.000799777858628836	433.2124735720471	0.0004320005316929621	0.0009507704009481858
ti|266835	Mesorhizobium loti MAFF303099	0.002383268259707348	0.004982775363415832	2699.0	0.004982775363415832	0.0	0.0023831997465985338	0.004982775363415832	2699.0	0.004980929207297486	1.8461561183459918e-06
ti|395492	Rhizobium leguminosarum bv. trifolii WSM2304	0.0022341010731129905	0.0030701576248093844	1663.0	0.003064619156454346	5.538468355037975e-06	0.002233925367657808	0.0029778498188920846	1613.0	0.0029778498188920846	0.0
ti|479435	Kribbella flavida DSM 17836	0.002184944437595177	0.002226464278725266	1206.0	0.002226464278725266	0.0	0.0021849444127787655	0.002226464278725266	1206.0	0.002226464278725266	0.0
ti|290338	Citrobacter koseri ATCC BAA-895	0.002121532123095375	0.0011944630085698566	647.0	0.0011944630085698566	0.0	0.0014953647335236293	0.0007778471111964445	421.3333333333333	0.0008640010633859242	8.492318144391562e-05
ti|441162	Burkholderia oklahomensis C6786	0.002008110180157486	0.0007532316962851647	408.0	0.0007532316962851647	0.0	0.0011195435874876973	0.0006043084360719213	327.3333333333333	0.00048000059076995787	0.0002880003544619747
ti|754252	Propionibacterium freudenreichii subsp. shermanii CIRM-BIA1	0.0019895352081863117	0.00019753870466302114	107.0	0.00019753870466302114	0.0	0.0008294214049622778	8.707703024865263e-05	47.16666666666668	1.6615405065113927e-05	0.0001809232995979072
ti|1408275	Pseudomonas aeruginosa LESlike4	0.0018919935837071104	0.010718782423116828	5806.0	0.010716936266998482	1.8461561183459918e-06	0.00012321603533680295	0.0003665660142051441	198.55634665044357	0.0	0.005449852861357368
ti|316274	Herpetosiphon aurantiacus DSM 785	0.0017001733346544523	0.006332315485926752	3430.0	0.006332315485926752	0.0	0.0017001733346544523	0.006332315485926752	3430.0	0.006332315485926752	0.0
ti|1279460	Leptospira interrogans serovar Hardjo str. Norma	0.0016148417555105093	0.009784627427233756	5300.0	0.009784627427233756	0.0	0.0002405047567017849	0.001031486983808174	558.7214285714383	0.0	0.006262161553429604
ti|266834	Sinorhizobium meliloti 1021	0.00157709118820365	0.007192624237075984	3896.0	0.007192624237075984	0.0	0.0003193901310270797	0.0017610153542167116	953.8821428571493	0.0002787695738702448	0.006764316017619714
ti|272630	Methylobacterium extorquens AM1	0.0014346156847781439	0.0037273892029405574	2019.0	0.0037273892029405574	0.0	0.0012931267864713537	0.000905231883362318	490.33333333333337	0.0008621549072675782	7.384624473383968e-05
ti|94122	Shewanella sp. ANA-3	0.0014125383989537419	0.0014990787680969452	812.0	0.0014990787680969452	0.0	0.0014082176863076039	0.0009406165422972828	509.5	0.0009747704304866836	1.2923092828421942e-05
ti|375286	Janthinobacterium sp. Marseille	0.0014080290776829728	0.0008400010338474263	455.0	0.0008400010338474263	0.0	0.0014080290776829728	0.0008400010338474263	455.0	0.0008400010338474263	0.0
ti|398578	Delftia acidovorans SPH-1	0.0012279408605672846	0.0023667721437195615	1282.0	0.0023667721437195615	0.0	0.0011231873028161477	0.0021960027027725574	1189.5	0.00230769514793249	0.0
ti|63737	Nostoc punctiforme PCC 73102	0.001072147827625184	0.006860316135773706	3716.0	0.006860316135773706	0.0	0.0010721478276071977	0.006860316135773706	3716.0	0.006860316135773706	0.0
ti|404589	Anaeromyxobacter sp. Fw109-5	0.001067533615157233	0.0035409274349876125	1918.0	0.0035409274349876125	0.0	0.001067533615962782	0.0035409274349876125	1918.0	0.0035409274349876125	0.0
ti|682795	Granulicella mallensis MP5ACTX8	0.001038439636039737	0.0018756946162395277	1016.0	0.0018756946162395277	0.0	0.001038439636039737	0.0018756946162395277	1016.0	0.0018756946162395277	0.0
ti|156889	Magnetococcus marinus MC-1	0.0010264032179413407	0.0039267740637219245	2127.0	0.0039267740637219245	0.0	0.0010264032179413407	0.0039267740637219245	2127.0	0.0039267740637219245	0.0
ti|634499	Erwinia pyrifoliae Ep1/96	0.0010052727856646045	0.0012461553798835444	675.0	0.0012461553798835444	0.0	0.0005011353981121094	0.0005033852349356739	272.6666666666667	0.00018646176795294518	0.000882462624569384
ti|312309	Vibrio fischeri ES114	0.001000865616660284	0.0011778476035047428	638.0	0.0011778476035047428	0.0	0.000999228893748998	0.0008464625802616372	458.5	0.0008455395022024643	1.8461561183459918e-06
ti|395963	Beijerinckia indica subsp. indica ATCC 9039	0.0009968352160967127	0.00040800050215446417	221.0	0.00040800050215446417	0.0	0.0009968352160967127	0.00040800050215446417	221.0	0.00040800050215446417	0.0
ti|376219	Arthrospira sp. PCC 8005	0.0009461320193022448	0.0055643145406948195	3014.0	0.0055643145406948195	0.0	0.0007092175558862449	0.005239698756552342	2838.1666666666806	0.005185852536433891	0.0003618465991958144
ti|375451	Roseobacter denitrificans OCh 114	0.0007739357602404945	0.001122462919954363	608.0	0.001122462919954363	0.0	0.0007739357041380348	0.001122462919954363	608.0	0.001122462919954363	0.0
ti|290397	Anaeromyxobacter dehalogenans 2CP-C	0.000749986009934581	0.002016002481233823	1092.0	0.002014156325115477	1.8461561183459918e-06	0.0007062438318307797	0.0016744635993398145	907.0	0.0016726174432214686	3.6923122366919837e-06
ti|522306	Candidatus Accumulibacter phosphatis clade IIA str. UW-1	0.0007452924370735369	0.000904616497989536	490.0	0.000904616497989536	0.0	0.0007452924370735369	0.000904616497989536	490.0	0.000904616497989536	0.0
ti|272843	Pasteurella multocida subsp. multocida str. Pm70	0.0007376630835795371	0.0006369238608293672	345.0	0.0006369238608293672	0.0	0.00058574731941746	0.00038494919173233844	208.51388888888883	9.600011815399157e-05	0.0005409237426753756
ti|205918	Pseudomonas syringae pv. syringae B728a	0.0007312865865503134	0.0017704637174938062	959.0	0.0017704637174938062	0.0	0.000620253975249259	0.0011136936783922192	603.2499999999998	0.0009304626836463799	0.00039507740932604227
ti|318167	Shewanella frigidimarina NCIMB 400	0.0007087586460121878	0.0012110784136349707	656.0	0.0012110784136349707	0.0	0.0007087586460121878	0.0012110784136349707	656.0	0.0012110784136349707	0.0
ti|323098	Nitrobacter winogradskyi Nb-255	0.0007072762310746819	0.0008473856583208103	459.0	0.0008473856583208103	0.0	0.0007072762310734538	0.0008473856583208103	459.0	0.0008473856583208103	0.0
ti|64091	Halobacterium salinarum NRC-1	0.0007035504036913132	0.00018923100213046417	102.5	0.00037846200426092834	0.0	0.0007035504036913132	0.00018923100213046417	102.5	0.0003747696920242363	3.6923122366919837e-06
ti|478009	Halobacterium salinarum R1	0.0007035504036913132	0.00018923100213046417	102.5	0.00037846200426092834	0.0	0.0007035504036913132	0.00018923100213046417	102.5	0.0003747696920242363	3.6923122366919837e-06
ti|216594	Mycobacterium marinum M	0.0006736808096958027	0.008134163857432439	4406.0	0.008132317701314094	1.8461561183459918e-06	0.0002944373178799492	0.004487697831012722	2430.833333333337	0.003199388553093604	0.002939080540406819
ti|394	Sinorhizobium fredii NGR234	0.0006561979617482042	0.004379082312716692	2372.0	0.004379082312716692	0.0	0.0006561709868415972	0.004379082312716692	2372.0	0.004379082312716692	0.0
ti|693973	Shewanella baltica OS678	0.000645571833855441	0.0029760036627737387	1612.0	8.492318144391562e-05	0.005867084144103562	0.00041093923266265843	0.0010620892192746262	575.2976190476097	0.0	0.0034800042830821945
ti|399599	Shewanella baltica OS195	0.000645571833855441	0.0029760036627737387	1612.0	8.492318144391562e-05	0.005867084144103562	0.00041093923266265843	0.0010620892192746262	575.2976190476097	0.0	0.0034800042830821945
ti|265072	Methylobacillus flagellatus KT	0.000636297515893737	0.0010578474558122534	573.0	0.0010578474558122534	0.0	0.0006362975158937496	0.0010578474558122534	573.0	0.0010578474558122534	0.0
ti|264730	Pseudomonas savastanoi pv. phaseolicola 1448A	0.0005520510263418149	0.003121849996123072	1691.0	0.003121849996123072	0.0	0.0005500458230421249	0.0026335417028205597	1426.5000000000014	0.002523695413778971	0.00028615419834362874
ti|203124	Trichodesmium erythraeum IMS101	0.0005411879485515387	0.006823393013406786	3696.0	0.006823393013406786	0.0	0.0005411879485515387	0.006823393013406786	3696.0	0.006823393013406786	0.0
ti|318161	Shewanella denitrificans OS217	0.0005186041427387897	0.0019255408314348694	1043.0	0.0019255408314348694	0.0	0.0005186041427387897	0.0019255408314348694	1043.0	0.0019255408314348694	0.0
ti|593588	Vibrio cholerae MJ-1236	0.0005054648146230165	0.013209247026765571	7155.0	0.013209247026765571	0.0	5.126596087107783e-05	0.0009329722438446226	505.3593434343413	0.0	0.008885549397599259
ti|498214	Clostridium botulinum A3 str. Loch Maree	0.0005051618222710815	0.0005630776160955275	305.0	0.0005630776160955275	0.0	0.0004995080651270511	7.200008861549367e-05	39.0	6.276930802376372e-05	9.23078059172996e-06
ti|321327	Synechococcus sp. JA-3-3Ab	0.0005017982700820894	0.0007753855697053165	420.0	0.0007753855697053165	0.0	0.0005017982698814992	0.0007753855697053165	420.0	0.0007753855697053165	0.0
ti|298653	Frankia sp. EAN1pec	0.0004894606388911757	0.0021747719074115784	1178.0	0.0021747719074115784	0.0	0.000489460638652383	0.0021507718778730803	1165.0	0.0021507718778730803	0.0
ti|272564	Desulfitobacterium hafniense DCB-2	0.0004875456167419505	0.0011889245402148187	644.0	0.0011889245402148187	0.0	0.0004929663250802342	0.0015910788813278546	861.8333333333337	0.001364309371457688	0.0005760007089239494
ti|369723	Salinispora tropica CNB-440	0.00048537269147783167	0.0022929258989857217	1242.0	0.0022929258989857217	0.0	0.00048537267443996837	0.002291079742867376	1241.0	0.002291079742867376	0.0
ti|246200	Ruegeria pomeroyi DSS-3	0.0004634608722694311	0.0025384646627257387	1375.0	0.0025384646627257387	0.0	0.0004634608722694311	0.0025384646627257387	1375.0	0.0025384646627257387	0.0
ti|257310	Bordetella bronchiseptica RB50	0.0004599549891620552	0.007153854958590718	3875.0	0.007153854958590718	0.0	6.904769110282737e-05	0.0014668176561299221	794.5252525252704	0.00023446182702994097	0.004545236363367832
ti|1764	Mycobacterium avium	0.0004555612845310083	0.00539816049004368	2924.0	0.005392622021688642	5.538468355037975e-06	0.0001736125112735902	0.0009085433093493379	492.12702020201846	0.0001347693966392574	0.0025126184770688947
ti|347834	Rhizobium etli CFN 42	0.0004503647367093783	0.0036332352409049118	1968.0	0.0036332352409049118	0.0	0.0004206906963632815	0.002843276226689622	1540.1060606060607	0.002032617886298937	0.0015932327301325909
ti|400667	Acinetobacter baumannii ATCC 17978	0.0004410265216622404	0.003825235477212895	2072.0	0.003825235477212895	0.0	0.00027309091510076657	0.0004435371533266761	240.24899569384732	6.83077763788017e-05	0.0013052323756706163
ti|456481	Leptospira biflexa serovar Patoc strain 'Patoc 1 (Paris)'	0.0004208609121605218	0.0030193883315548695	1635.5	0.006038776663109739	0.0	0.0004208609121605218	0.0030193883315548695	1635.5	0.006038776663109739	0.0
ti|355278	Leptospira biflexa serovar Patoc strain 'Patoc 1 (Ames)'	0.0004208609121605218	0.0030193883315548695	1635.5	0.006038776663109739	0.0	0.0004208609121605218	0.0030193883315548695	1635.5	0.006038776663109739	0.0
ti|269798	Cytophaga hutchinsonii ATCC 33406	0.00041182664498672886	0.0005686160844505654	308.0	0.0005686160844505654	0.0	0.00041182664498672886	0.0005686160844505654	308.0	0.0005686160844505654	0.0
ti|64471	Synechococcus sp. CC9311	0.00039438618461193505	0.0005796930211606414	314.0	0.0005796930211606414	0.0	0.0003943861743450531	0.0005796930211606414	314.0	0.0005796930211606414	0.0
ti|395960	Rhodopseudomonas palustris TIE-1	0.00039390096905034857	0.004849852122894921	2627.0	0.004849852122894921	0.0	0.00026612950225820826	0.0023280028652342957	1261.0	0.002268925869447224	0.0004006158776810802
ti|402881	Parvibaculum lavamentivorans DS-1	0.00038131164393986655	0.0014012324938246078	759.0	0.0014012324938246078	0.0	0.00038131164393986655	0.0014012324938246078	759.0	0.0014012324938246078	0.0
ti|266779	Chelativorans sp. BNC1	0.00036599552799084515	0.0011889245402148187	644.0	0.0011889245402148187	0.0	0.00036599552799084515	0.0011889245402148187	644.0	0.0011889245402148187	0.0
ti|339670	Burkholderia ambifaria AMMD	0.00036444005112079477	0.00453231327053941	2455.0	0.004530467114421064	1.8461561183459918e-06	0.0003615471502816385	0.003386004167389744	1834.0833333333333	0.003199388553093604	0.00039323125320769625
ti|279010	Bacillus licheniformis DSM 13 = ATCC 14580	0.00035960751743960604	0.0003655389114325064	198.0	0.0003655389114325064	0.0	0.00012058942218184785	0.00023015412942046669	124.6666666666665	0.00014769248946767935	0.00021784642196482704
ti|292415	Thiobacillus denitrificans ATCC 25259	0.00035887454551253143	0.0010633859241672913	576.0	0.0010633859241672913	0.0	0.00035887454551253143	0.0010633859241672913	576.0	0.0010633859241672913	0.0
ti|211586	Shewanella oneidensis MR-1	0.000357775682379887	0.0016412327892095866	889.0	0.0016412327892095866	0.0	0.0003572738074039698	0.0015304634221088272	829.0	0.0015304634221088272	0.0
ti|96561	Desulfococcus oleovorans Hxd3	0.0003559495987178859	0.0013384631858008441	725.0	0.0013384631858008441	0.0	0.0003559495987178859	0.0013384631858008441	725.0	0.0013384631858008441	0.0
ti|535289	Acidovorax ebreus TPSY	0.00035579400332368615	0.0011612321984396288	629.0	0.0011612321984396288	0.0	0.000333688042762902	0.00043384668781130806	235.0	0.0005132314009001857	0.0
ti|522772	Denitrovibrio acetiphilus DSM 12809	0.00034175720335678984	0.001094770578179173	593.0	0.001094770578179173	0.0	0.00034175720335678984	0.001094770578179173	593.0	0.001094770578179173	0.0
ti|1723645	Rhodococcus sp. 008	0.0002991518696523439	0.0012996939073155783	704.0	0.0012996939073155783	0.0	0.0002478863080953964	0.0006369546300980063	345.0166666666667	0.0005243083376102617	0.0002529233882134009
ti|360094	Xanthomonas oryzae pv. oryzae PXO99A	0.00029250241377671096	0.0019255408314348694	1043.0	0.0019126177386064474	1.2923092828421942e-05	4.265194932805073e-05	0.0003018871847402701	163.52202380952315	1.8461561183459918e-06	0.0014806172069134855
ti|326427	Chloroflexus aggregans DSM 9485	0.0002803969524452699	0.0032030808653302958	1735.0	0.0032030808653302958	0.0	0.0002803969524452699	0.0032030808653302958	1735.0	0.0032030808653302958	0.0
ti|138119	Desulfitobacterium hafniense Y51	0.0002785549861934028	0.0014713864263217556	797.0	0.0014713864263217556	0.0	0.00014086573958398355	0.0007473855352437313	404.833333333331	0.00037661584814258233	0.0008658472195042701
ti|329726	Acaryochloris marina MBIC11017	0.0002748763254416158	0.0019827716711035954	1074.0	0.0019827716711035954	0.0	0.0002748763254416158	0.0019827716711035954	1074.0	0.0019827716711035954	0.0
ti|469383	Conexibacter woesei DSM 14684	0.0002733503838329442	0.0021526180339914267	1166.0	0.0021526180339914267	0.0	0.0002733503838329392	0.0021526180339914267	1166.0	0.0021526180339914267	0.0
ti|60480	Shewanella sp. MR-4	0.0002662398837241666	0.0012572323165936205	681.0	0.0012572323165936205	0.0	0.0002592858091955367	0.000901847263812017	488.5	0.0008658472195042701	0.00012553861604752743
ti|526225	Geodermatophilus obscurus DSM 43160	0.00026210924765321836	0.0007421547595750887	402.0	0.0007421547595750887	0.0	0.00026210924765322275	0.0007421547595750887	402.0	0.0007421547595750887	0.0
ti|59922	Prochlorococcus marinus str. MIT 9303	0.0002575944340828481	0.0007052316372081689	382.0	0.0007052316372081689	0.0	0.00025543025000062644	0.0006018468945807933	326.0	0.0006018468945807933	0.0
ti|392499	Sphingomonas wittichii RW1	0.00025593635532099123	0.001969848578275173	1067.0	0.001969848578275173	0.0	0.00018443982033559397	0.0019495408609733673	1056.0	0.0019458485487366753	2.4000029538497893e-05
ti|381754	Pseudomonas aeruginosa PA7	0.00025503963444192655	0.00137723246428611	746.0	0.00137723246428611	0.0	0.0002557370527944238	0.0015476620446749642	838.3159090909091	0.0013956940254695699	0.00017538483124286921
ti|220668	Lactobacillus plantarum WCFS1	0.00025439898734249723	0.0005723083966872575	310.0	0.0005723083966872575	0.0	5.624090232189784e-05	0.00013052763317686748	70.7023809523811	0.0	0.00045600056123146
ti|314260	Parvularcula bermudensis HTCC2503	0.00025184256763919325	0.0005464622110304136	296.0	0.0005464622110304136	0.0	0.00025184256763919325	0.0005464622110304136	296.0	0.0005464622110304136	0.0
ti|531844	Flavobacteriaceae bacterium 3519-10	0.000250839407482056	0.00010892321098241352	59.0	0.00010892321098241352	0.0	0.000250839407482056	0.00010892321098241352	59.0	0.00010892321098241352	0.0
ti|420662	Methylibium petroleiphilum PM1	0.00025083245199032753	0.00046892365405988193	254.0	0.00046892365405988193	0.0	0.0002508324520198376	0.00046892365405988193	254.0	0.00046892365405988193	0.0
ti|1396	Bacillus cereus	0.0002468797253373226	0.005708314717925806	3092.0	0.005686160844505655	2.21538734201519e-05	8.297404957189423e-05	0.0009815072984098079	531.649132300447	0.0008972318735161521	0.0023113874601691817
ti|580332	Sideroxydans lithotrophicus ES-1	0.0002454999255465979	0.003312004076312709	1794.0	0.003312004076312709	0.0	0.0002454999255465979	0.003312004076312709	1794.0	0.003312004076312709	0.0
ti|216596	Rhizobium leguminosarum bv. viciae 3841	0.00024041519452469774	0.008876318617007528	4808.0	0.008863395524179106	1.2923092828421942e-05	0.00022805060311031564	0.008310471766734481	4501.5	0.00829477943972854	3.692312236691984e-05
ti|246197	Myxococcus xanthus DK 1622	0.00022615521591797002	0.007818471161195275	4235.0	0.007818471161195275	0.0	0.00022352295211103647	0.007301547448058398	3955.0	0.007057854840436727	0.0007532316962851647
ti|56780	Syntrophus aciditrophicus SB	0.0002261380399388742	0.0010781551731140592	584.0	0.0010781551731140592	0.0	0.0002261380399388742	0.0010781551731140592	584.0	0.0010781551731140592	0.0
ti|426117	Methylobacterium sp. 4-46	0.00022210779700357287	0.006744008300317908	3653.0	0.006744008300317908	0.0	0.00022210779682226036	0.006744008300317908	3653.0	0.006744008300317908	0.0
ti|526226	Gordonia bronchialis DSM 43247	0.00021251846651198635	0.0017132328778250805	928.0	0.0017132328778250805	0.0	0.00021251744788633654	0.0017132328778250805	928.0	0.0017132328778250805	0.0
ti|101510	Rhodococcus jostii RHA1	0.0002030579185358142	0.0023095413040508357	1251.0	0.0023095413040508357	0.0	0.00020302052025366466	0.002262464323033013	1225.5	0.00226154124497384	1.8461561183459918e-06
ti|65393	Cyanothece sp. PCC 7424	0.00020173296845451064	0.0011926168524515107	646.0	0.0011926168524515107	0.0	0.00020173296845451064	0.0011926168524515107	646.0	0.0011926168524515107	0.0
ti|292414	Ruegeria sp. TM1040	0.00020119052073738774	0.0016080019790793588	871.0	0.0016080019790793588	0.0	0.00020119050418687404	0.001591386574014245	862.0	0.001591386574014245	0.0
ti|243265	Photorhabdus luminescens subsp. laumondii TTO1	0.00019893547573267295	0.0018830792407129116	1020.0	0.0018830792407129116	0.0	0.0001989354629750369	0.0018812330845945657	1019.0	0.0018812330845945657	0.0
ti|315730	Bacillus weihenstephanensis KBAB4	0.0001975221247322955	0.0021323103166896204	1155.0	0.0021175410677428527	1.4769248946767935e-05	0.00018882269868505645	0.001493694146085103	809.0833333333335	0.00132184778073573	0.0004061543460361182
ti|644283	Micromonospora aurantiaca ATCC 27029	0.00019440982648400283	0.0022744643378022618	1232.0	0.0022744643378022618	0.0	9.75478127006897e-05	0.0011692322082857947	633.3333333333333	0.0012055399452799327	0.00025107723209505487
ti|311402	Agrobacterium vitis S4	0.00019188076453199285	0.0008363087216107343	453.0	0.0008363087216107343	0.0	0.00019188076453199285	0.0008363087216107343	453.0	0.0008363087216107343	0.0
ti|314282	Psychromonas sp. CNPT3	0.00018910248190459825	0.0007458470718117807	404.0	0.0007458470718117807	0.0	0.00018910248190459825	0.0007458470718117807	404.0	0.0007458470718117807	0.0
ti|313603	Maribacter sp. HTCC2170	0.0001875488160819899	0.0007864625064153925	426.0	0.0007864625064153925	0.0	0.0001875488160819899	0.0007864625064153925	426.0	0.0007864625064153925	0.0
ti|351605	Geobacter uraniireducens Rf4	0.00018710515770687687	0.0023003105234591058	1246.0	0.0023003105234591058	0.0	0.00018710515770684364	0.0023003105234591058	1246.0	0.0023003105234591058	0.0
ti|522373	Stenotrophomonas maltophilia K279a	0.00018569044058744385	0.0016024635107243208	868.0	0.0016024635107243208	0.0	0.0001334956556880162	0.0011680014375402307	632.6666666666666	0.0011704629790313587	0.00020676948525475108
ti|314225	Erythrobacter litoralis HTCC2594	0.00018518561929734128	0.0006553854220128271	355.0	0.0006553854220128271	0.0	0.0001848561173499705	0.000504185235920294	273.10000000000196	0.00048553905912499586	0.00016984636288783125
ti|487521	Mycobacterium intracellulare ATCC 13950	0.0001849277750444173	0.0013107708440256542	710.0	0.0013107708440256542	0.0	7.022005064586738e-05	0.0004038466508881863	218.7500000000003	9.784627427233756e-05	0.0010209243334453335
ti|316055	Rhodopseudomonas palustris BisA53	0.00017859332408872586	0.0023132336162875276	1253.0	0.0023132336162875276	0.0	0.0001785933240942063	0.00231692592852422	1255.0	0.00231692592852422	0.0
ti|438753	Azorhizobium caulinodans ORS 571	0.0001781245240438348	0.0006110776751725233	331.0	0.0006110776751725233	0.0	0.0001781245240438348	0.0006110776751725233	331.0	0.0006110776751725233	0.0
ti|323261	Nitrosococcus oceani ATCC 19707	0.00017719668317198233	0.0008713856878593082	472.0	0.0008713856878593082	0.0	0.00017719668132414252	0.0008713856878593082	472.0	0.0008713856878593082	0.0
ti|391008	Stenotrophomonas maltophilia R551-3	0.00016823409243256902	0.0014676941140850635	795.0	0.0014676941140850635	0.0	0.00016823276296998711	0.0014547710212566417	788.0000000000001	0.0014510787090199495	9.23078059172996e-06
ti|479432	Streptosporangium roseum DSM 43021	0.00016523492184564962	0.0019476947048550214	1055.0	0.0019476947048550214	0.0	0.00016523492170849316	0.0019476947048550214	1055.0	0.0019476947048550214	0.0
ti|391038	Paraburkholderia phymatum STM815	0.00016391312052335206	0.0011427706372561688	619.0	0.0011427706372561688	0.0	0.0001639131192057705	0.001109539827125941	601.0	0.001109539827125941	0.0
ti|406425	Burkholderia cenocepacia MC0-3	0.00016354075536708209	0.003775389262017553	2045.0	0.003766158481425823	9.23078059172996e-06	0.00013838440821997542	0.001587417338359808	859.8500000000038	0.0010689243925223293	0.0015360018904638651
ti|234267	Candidatus Solibacter usitatus Ellin6076	0.00015436372434388953	0.007508316933313149	4067.0	0.007508316933313149	0.0	0.00015436372434388953	0.007508316933313149	4067.0	0.007508316933313149	0.0
ti|471853	Beutenbergia cavernae DSM 12333	0.00015411346359925343	0.0012701554094220423	688.0	0.0012701554094220423	0.0	0.00015411346359925343	0.0012701554094220423	688.0	0.0012701554094220423	0.0
ti|455632	Streptomyces griseus subsp. griseus NBRC 13350	0.000151560068545085	0.0034744658147271568	1882.0	0.0034744658147271568	0.0	0.00015149985059778904	0.002492310759767089	1350.0	0.002416618358914903	0.00015323095782271732
ti|360910	Bordetella avium 197N	0.00014660743051562403	0.001347693966392574	730.0	0.001347693966392574	0.0	0.00014660743051562403	0.001347693966392574	730.0	0.001347693966392574	0.0
ti|391037	Salinispora arenicola CNS-205	0.00014483419264398273	0.0025458492871991228	1379.0	0.0025458492871991228	0.0	0.00014483420654633398	0.0025292338821340087	1370.0	0.002527387726015663	3.6923122366919837e-06
ti|100226	Streptomyces coelicolor A3(2)	0.00013837158031599527	0.0016744635993398145	907.0	0.0016707712871031227	3.6923122366919837e-06	9.8196748104974e-05	0.0008584186389328303	464.9761904761904	0.000675693139314633	0.0005704622405689115
ti|636	Edwardsiella tarda	0.00013793252846472774	0.0013975401815879158	757.0	0.0013956940254695699	1.8461561183459918e-06	5.122980039363323e-05	0.0008855395514332873	479.66666666666305	0.0007033854810898229	0.0006110776751725233
ti|477974	Candidatus Desulforudis audaxviator MP104C	0.00013757586788413822	0.0017575406246653842	952.0	0.0017575406246653842	0.0	0.00013757586788413822	0.0017575406246653842	952.0	0.0017575406246653842	0.0
ti|521674	Planctopirus limnophila DSM 3776	0.00013666907694614514	0.0009729242743683376	527.0	0.0009729242743683376	0.0	0.00013666907694614514	0.0009729242743683376	527.0	0.0009729242743683376	0.0
ti|292459	Symbiobacterium thermophilum IAM 14863	0.0001263447217619692	0.00039692356544438823	215.0	0.00039692356544438823	0.0	0.00012634472176196903	0.00039692356544438823	215.0	0.00039692356544438823	0.0
ti|478801	Kytococcus sedentarius DSM 20547	0.00012562455504244922	0.0008529241266758482	462.0	0.0008529241266758482	0.0	0.00012562454590249195	0.0008289240971373503	449.0	0.0008289240971373503	0.0
ti|666714	Treponema pallidum subsp. pallidum str. Chicago	0.0001183649243043052	0.00031384654011881946	170.00000000000045	0.0	0.0009415396203564558	2.920452896315604e-05	8.88521803624473e-05	48.12820512820538	0.0	0.0009323088397647258
ti|491081	Treponema pallidum subsp. pallidum DAL-1	0.0001183649243043052	0.00031384654011881946	170.00000000000045	0.0	0.0009415396203564558	2.920452896315604e-05	8.88521803624473e-05	48.12820512820538	0.0	0.0009323088397647258
ti|243276	Treponema pallidum subsp. pallidum str. Nichols	0.0001183649243043052	0.00031384654011881946	170.00000000000045	0.0	0.0009415396203564558	2.920452896315604e-05	8.88521803624473e-05	48.12820512820538	0.0	0.0009323088397647258
ti|591167	Streptomyces pratensis ATCC 33331	0.0001172439142706009	0.0009858473671967595	534.0	0.0009858473671967595	0.0	8.374621381785559e-05	0.0007369239839064417	399.16666666666663	0.0007476932279301267	0.0002030771730180591
ti|448385	Sorangium cellulosum So ce56	0.00011573806545895792	0.007798163443893469	4224.0	0.007798163443893469	0.0	0.00011567246013501691	0.00779539420971595	4222.5	0.007798163443893469	0.0
ti|656024	Frankia symbiont of Datisca glomerata	0.00011360015043023782	0.0011741552912680508	636.0	0.0011741552912680508	0.0	0.0001136001506174491	0.0011741552912680508	636.0	0.0011741552912680508	0.0
ti|224911	Bradyrhizobium diazoefficiens USDA 110	0.0001126676647041061	0.008706472254119697	4716.0	0.008706472254119697	0.0	8.1759603291912e-05	0.00714523956337177	3870.333333333333	0.006600008123086921	0.002106464131032777
ti|240292	Anabaena variabilis ATCC 29413	0.00010604157695587699	0.004056004992006144	2197.0	0.004056004992006144	0.0	0.00010602878072902338	0.004056004992006144	2197.0	0.004056004992006144	0.0
ti|485918	Chitinophaga pinensis DSM 2588	0.00010576868597033087	0.0005815391772789874	315.0	0.0005815391772789874	0.0	0.00010576868597033087	0.0005815391772789874	315.0	0.0005815391772789874	0.0
ti|218491	Pectobacterium atrosepticum SCRI1043	0.00010286780124791681	0.001308924687907308	709.0	0.0013052323756706163	3.6923122366919837e-06	5.746942291543167e-05	0.0008756933854687821	474.3333333333333	0.0007347701351017047	0.00037846200426092834
ti|479433	Catenulispora acidiphila DSM 44928	0.00010000373327677624	0.002041848666890667	1106.0	0.002041848666890667	0.0	0.00010000373327677624	0.002041848666890667	1106.0	0.002041848666890667	0.0
ti|223926	Vibrio parahaemolyticus RIMD 2210633	9.960141211303247e-05	0.002702772557258532	1464.0	0.002702772557258532	0.0	6.829290474073736e-05	0.0019774485876290324	1071.1166666666675	0.0012110784136349707	0.001353232434747612
ti|502025	Haliangium ochraceum DSM 14365	9.953373728237802e-05	0.0031421577134248782	1702.0	0.0031421577134248782	0.0	9.953373728237802e-05	0.0031421577134248782	1702.0	0.0031421577134248782	0.0
ti|525146	Desulfovibrio desulfuricans subsp. desulfuricans str. ATCC 27774	9.888473556707666e-05	0.000686770076024709	372.0	0.000686770076024709	0.0	9.888473556707666e-05	0.000686770076024709	372.0	0.000686770076024709	0.0
ti|103690	Nostoc sp. PCC 7120	9.880748741786049e-05	0.004172312827461942	2260.0	0.004172312827461942	0.0	9.882016876927322e-05	0.004172312827461942	2260.0	0.004172312827461942	0.0
ti|643561	Acidovorax avenae subsp. avenae ATCC 19860	9.687206160321938e-05	0.0008086163798355444	438.0	0.0008086163798355444	0.0	9.681383889948925e-05	0.0007680009452319326	416.0	0.0007680009452319326	0.0
ti|439235	Desulfatibacillum alkenivorans AK-01	9.647830146924287e-05	0.0019200023630798315	1040.0	0.0019200023630798315	0.0	9.647830146924287e-05	0.0019200023630798315	1040.0	0.0019200023630798315	0.0
ti|314565	Xanthomonas campestris pv. campestris str. 8004	9.56079801465799e-05	0.0012046168672207598	652.5	0.001587694261777553	0.0008215394726639664	6.375686513457915e-05	0.0007469239962141401	404.5833333333284	0.0	0.002222771966488574
ti|190485	Xanthomonas campestris pv. campestris str. ATCC 33913	9.56079801465799e-05	0.0012046168672207598	652.5	0.001587694261777553	0.0008215394726639664	6.375686513457915e-05	0.0007469239962141401	404.5833333333284	0.0	0.002222771966488574
ti|446468	Nocardiopsis dassonvillei subsp. dassonvillei DSM 43111	9.436991848262378e-05	0.001574771168949131	853.0	0.001574771168949131	0.0	9.436991833695171e-05	0.0015658480810437922	848.1666666666667	0.001560001920002363	1.107693671007595e-05
ti|376686	Flavobacterium johnsoniae UW101	9.319582189100147e-05	0.0007458470718117807	404.0	0.0007458470718117807	0.0	9.319582189100094e-05	0.0007458470718117807	404.0	0.0007458470718117807	0.0
ti|977880	Cupriavidus taiwanensis LMG 19424	9.285050061886374e-05	0.000923078059172996	500.0	0.000923078059172996	0.0	9.285010005131537e-05	0.0009212319030546499	499.0	0.0009212319030546499	0.0
ti|271848	Burkholderia thailandensis E264	9.061145132186058e-05	0.0004295389902018382	232.6666666666689	0.0	0.0012886169706055022	3.506762457082164e-05	0.00022325961544040433	120.93214285714205	0.0	0.0014972326119785993
ti|1249660	Burkholderia thailandensis 2002721643	9.061145132186058e-05	0.0004295389902018382	232.6666666666689	0.0	0.0012886169706055022	3.506762457082164e-05	0.00022325961544040433	120.93214285714205	0.0	0.0014972326119785993
ti|1241582	Burkholderia thailandensis 2002721723	9.061145132186058e-05	0.0004295389902018382	232.6666666666689	0.0	0.0012886169706055022	3.506762457082164e-05	0.00022325961544040433	120.93214285714205	0.0	0.0014972326119785993
ti|1774373	Alteromonas mediterranea DE	9.022115500690076e-05	0.0008233856287823124	446.0	0.0008233856287823124	0.0	1.496915452115043e-05	0.00033626854573711183	182.14523809523843	8.676933756226161e-05	0.0007366162912200507
ti|350058	Mycobacterium vanbaalenii PYR-1	9.02090682561874e-05	0.0028855420129747854	1563.0	0.0028855420129747854	0.0	9.020394201320476e-05	0.002881849700738093	1561.0	0.0028855420129747854	4.43077468403038e-05
ti|269482	Burkholderia vietnamiensis G4	9.0124576277993e-05	0.0010449243629838314	566.0	0.0010449243629838314	0.0	5.853241621434639e-05	0.0007483086133029084	405.3333333333332	0.00044861593675807603	0.0005963084262257554
ti|443906	Clavibacter michiganensis subsp. michiganensis NCPPB 382	9.005714072609974e-05	0.0007790778819420086	422.0	0.0007790778819420086	0.0	9.003741258511078e-05	0.0006276930802376372	340.0	0.0006276930802376372	0.0
ti|225849	Shewanella piezotolerans WP3	8.996115432870769e-05	0.0009636934937766078	522.0	0.0009636934937766078	0.0	8.996115432870769e-05	0.0009636934937766078	522.0	0.0009636934937766078	0.0
ti|580331	Thermoanaerobacter italicus Ab9	8.937404865899849e-05	0.00022707720255655698	123.0	0.00022707720255655698	0.0	8.943471171873359e-05	0.00024000029538497893	130.0	0.0002473849198583629	0.0
ti|434271	Actinobacillus pleuropneumoniae serovar 3 str. JL03	8.915755202287927e-05	0.00269908024502184	1462.0	0.00269908024502184	0.0	4.081575017187607e-05	0.0005841604259263851	316.4198412698413	0.00011446167933745149	0.0015987711984876288
ti|1405	Bacillus mycoides	8.795675260285379e-05	0.000906462654107882	491.0	0.0008972318735161521	9.23078059172996e-06	9.010199039748952e-05	0.0007464624571845626	404.33333333333326	0.0005575391477404896	0.0004006158776810802
ti|357808	Roseiflexus sp. RS-1	8.505068261101865e-05	0.00181477146433411	983.0	0.00181477146433411	0.0	8.50506826110196e-05	0.00181477146433411	983.0	0.00181477146433411	0.0
ti|335284	Psychrobacter cryohalolentis K5	8.482419217513677e-05	0.0007532316962851647	408.0	0.0007532316962851647	0.0	8.464651483593222e-05	0.0007403086034567428	401.0	0.0007458470718117807	7.384624473383967e-06
ti|317655	Sphingopyxis alaskensis RB2256	8.291245420033897e-05	0.00133107856132746	721.0	0.00133107856132746	0.0	8.290821480530133e-05	0.001308924687907308	709.0	0.00133107856132746	0.0
ti|491916	Rhizobium etli CIAT 652	8.228734512115527e-05	0.00311815768388638	1689.0	0.00311815768388638	0.0	7.878727444470722e-05	0.0029441574697322706	1594.75	0.0027563110846905658	0.00037846200426092834
ti|434922	Coxiella burnetii Dugway 5J108-111	8.222587191918543e-05	0.0026861571521934182	1455.0	0.0026861571521934182	0.0	1.3711915444934497e-05	0.0005484123965808261	297.05634920634975	5.3538527432033766e-05	0.0017667714052571142
ti|384676	Pseudomonas entomophila L48	8.04109012547675e-05	0.002499695384240473	1354.0	0.002499695384240473	0.0	8.041086792058201e-05	0.002501541540358819	1355.0	0.002501541540358819	0.0
ti|398577	Burkholderia ambifaria MC40-6	7.942739761934107e-05	0.001085539797587443	588.0	0.001085539797587443	0.0	8.230701483786841e-05	0.002154618036452968	1167.0833333333333	0.0019753870466302113	0.0003821543164976203
ti|269084	Synechococcus elongatus PCC 6301	7.48902510397952e-05	0.001582155793422515	857.0	0.001582155793422515	0.0	2.505449945966023e-05	0.0006024622799535732	326.3333333333322	0.00017353867512452323	0.0012867708144871563
ti|318586	Paracoccus denitrificans PD1222	7.470312033767414e-05	0.002021540949588861	1095.0	0.002021540949588861	0.0	7.470312033766661e-05	0.002021540949588861	1095.0	0.002021540949588861	0.0
ti|482957	Burkholderia lata	7.417295652001217e-05	0.002219079654251882	1202.0	0.002219079654251882	0.0	7.41215967356294e-05	0.002221848888429401	1203.5	0.002219079654251882	3.6923122366919837e-06
ti|498211	Cellvibrio japonicus Ueda107	7.387959798027371e-05	0.0021563103462281185	1168.0	0.0021563103462281185	0.0	7.387959798027371e-05	0.0021563103462281185	1168.0	0.0021563103462281185	0.0
ti|228400	Haemophilus somnus 2336	7.3441410328043e-05	0.001600617354605975	867.0	0.001600617354605975	0.0	5.171632533412063e-05	0.0008104625359538904	439.0	0.0010966167342975192	0.0
ti|426355	Methylobacterium radiotolerans JCM 2831	7.245462877386347e-05	0.0015932327301325909	863.0	0.0015932327301325909	0.0	7.236283812852635e-05	0.001591386574014245	862.0	0.001591386574014245	0.0
ti|632772	Rhodococcus opacus B4	7.071289838804357e-05	0.0012756938777770802	691.0	0.0012756938777770802	0.0	7.070904299592823e-05	0.0012692323313628693	687.5	0.0012627707849486585	1.2923092828421942e-05
ti|342610	Pseudoalteromonas atlantica T6c	7.009460284125188e-05	0.0012295399748184306	666.0	0.0012295399748184306	0.0	7.009460284125188e-05	0.0012295399748184306	666.0	0.0012295399748184306	0.0
ti|264462	Bdellovibrio bacteriovorus HD100	6.975712189230715e-05	0.0015581557638840171	844.0	0.0015581557638840171	0.0	5.001877710380062e-05	0.001352309356688439	732.5	0.0013126170001440001	0.00024553876374001693
ti|106370	Frankia sp. CcI3	6.940190862931413e-05	0.002032617886298937	1101.0	0.002032617886298937	0.0	6.940190865593769e-05	0.002041848666890667	1106.0	0.002040002510772321	1.8461561183459918e-06
ti|716541	Enterobacter cloacae subsp. cloacae ATCC 13047	6.905782187949534e-05	0.000679385451551325	368.0	0.000679385451551325	0.0	6.574422341941529e-05	0.0006000007384624474	325.0	0.0005612314599771815	7.753855697053165e-05
ti|391619	Phaeobacter inhibens DSM 17395	6.857593031842596e-05	0.001371693995931072	743.0	0.001371693995931072	0.0	3.4616847857173435e-05	0.0007643086329952406	414.0	0.000673846983196287	0.00022153873420151902
ti|228410	Nitrosomonas europaea ATCC 19718	6.656797547708356e-05	0.0012480015360018905	676.0	0.0012480015360018905	0.0	6.656797547708342e-05	0.0012480015360018905	676.0	0.0012480015360018905	0.0
ti|1352	Enterococcus faecium	6.637697927959397e-05	0.0030960038104662284	1677.0	0.0030960038104662284	0.0	1.38830016471364e-05	0.0009846473657198229	533.3499999999935	0.0008307702532556964	0.0014769248946767935
ti|471854	Dyadobacter fermentans DSM 18053	6.584139321481071e-05	0.0007735394135869706	419.0	0.0007735394135869706	0.0	6.584139321481071e-05	0.0007735394135869706	419.0	0.0007735394135869706	0.0
ti|517417	Chlorobaculum parvum NCIB 8327	6.522370419843498e-05	0.001380924776522802	748.0	0.001380924776522802	0.0	6.5163219954766e-05	0.0013015400634339242	705.0	0.00134030934191919	4.061543460361182e-05
ti|446470	Stackebrandtia nassauensis DSM 44728	6.483491698500205e-05	0.0021156949116245068	1146.0	0.0021156949116245068	0.0	6.483491698500205e-05	0.0021156949116245068	1146.0	0.0021156949116245068	0.0
ti|561230	Pectobacterium carotovorum subsp. carotovorum PC1	6.432779023906289e-05	0.0008898472490427681	482.0	0.0008898472490427681	0.0	6.424507095373645e-05	0.0006009238165216203	325.5	0.0005981545823441014	5.538468355037975e-06
ti|458817	Shewanella halifaxensis HAW-EB4	6.422049438744262e-05	0.0012849246583688102	696.0	0.0012849246583688102	0.0	6.422049438713443e-05	0.0012849246583688102	696.0	0.0012849246583688102	0.0
ti|414684	Rhodospirillum centenum SW	6.37932257437531e-05	0.001807386839860726	979.0	0.001807386839860726	0.0	6.37932257437531e-05	0.001807386839860726	979.0	0.001807386839860726	0.0
ti|251221	Gloeobacter violaceus PCC 7421	6.36941835171653e-05	0.0009913858355517977	537.0	0.0009913858355517977	0.0	6.36941835171653e-05	0.0009913858355517977	537.0	0.0009913858355517977	0.0
ti|363253	Lawsonia intracellularis PHE/MN1-00	6.303212532940583e-05	0.0002049233291364051	111.0	0.0004098466582728102	0.0	6.303212532940583e-05	0.0002049233291364051	111.0	0.0004098466582728102	0.0
ti|1234378	Lawsonia intracellularis N343	6.303212532940583e-05	0.0002049233291364051	111.0	0.0004098466582728102	0.0	6.303212532940583e-05	0.0002049233291364051	111.0	0.0004098466582728102	0.0
ti|1266738	Proteus mirabilis BB2000	6.259479569824996e-05	0.0012369245992918144	670.0	0.0012369245992918144	0.0	2.595030785064486e-05	0.00027430802991757527	148.58333333333331	0.00012553861604752743	0.00035261581860408445
ti|316057	Rhodopseudomonas palustris BisB5	6.137783921677254e-05	0.0021267718483345827	1152.0	0.0021267718483345827	0.0	6.137784810367608e-05	0.0021267718483345827	1152.0	0.0021267718483345827	0.0
ti|575788	Vibrio tasmaniensis LGP32	5.951468147381497e-05	0.0021600026584648103	1170.0	0.0021600026584648103	0.0	5.951465624625115e-05	0.0016809251457540256	910.5	0.0016984636288783124	0.0
ti|160492	Xylella fastidiosa 9a5c	5.944599157377771e-05	0.002486772291412051	1347.0	0.002477541510820321	9.23078059172996e-06	3.468580169387522e-05	0.0006379788071827077	345.57142857142856	0.0005409237426753756	0.00014584633334933337
ti|339671	Actinobacillus succinogenes 130Z	5.833083988395938e-05	0.0008658472195042701	469.0	0.0008658472195042701	0.0	5.833083988395938e-05	0.0008658472195042701	469.0	0.0008658472195042701	0.0
ti|407976	Shewanella baltica OS223	5.803033375186827e-05	0.00036738506755085236	199.0	0.0003600004430774684	7.384624473383967e-06	0.0002069809187399221	0.0011270431453717711	610.4809523809458	0.0005649237722138735	0.00224307968379038
ti|378806	Stigmatella aurantiaca DW4/3-1	5.795822282109697e-05	0.0037403122957689796	2026.0	0.0037403122957689796	0.0	5.79507114682245e-05	0.003671081441331005	1988.5	0.0037366199835322873	1.107693671007595e-05
ti|288705	Renibacterium salmoninarum ATCC 33209	5.7350981272699244e-05	0.000900924185752844	488.0	0.000900924185752844	0.0	5.7350981272699244e-05	0.000900924185752844	488.0	0.000900924185752844	0.0
ti|94624	Bordetella petrii	5.4544053810544194e-05	0.000660923890367865	358.0	0.000660923890367865	0.0	5.460809053010398e-05	0.0006830777637880169	370.0	0.0006830777637880169	0.0
ti|349521	Hahella chejuensis KCTC 2396	5.451794888290617e-05	0.002468310730228591	1337.0	0.002468310730228591	0.0	5.451794888290617e-05	0.002468310730228591	1337.0	0.002468310730228591	0.0
ti|441770	Clostridium botulinum A str. ATCC 19397	5.418683469501296e-05	0.00020861564137309707	113.0	0.00020861564137309707	0.0	5.4260664450281944e-05	0.0002450259425960318	132.72222222222214	0.00019569254854467512	0.00024553876374001693
ti|395961	Cyanothece sp. PCC 7425	5.404974894452795e-05	0.0014621556457300256	792.0	0.0014621556457300256	0.0	5.404974894452795e-05	0.0014621556457300256	792.0	0.0014621556457300256	0.0
ti|243090	Rhodopirellula baltica SH 1	5.3058383315838623e-05	0.0008566164389125402	464.0	0.0008566164389125402	0.0	5.3058383315838623e-05	0.0008566164389125402	464.0	0.0008566164389125402	0.0
ti|400668	Marinomonas sp. MWYL1	5.2856748188513636e-05	0.0008843087806877301	479.0	0.0008843087806877301	0.0	5.2856748188513636e-05	0.0008843087806877301	479.0	0.0008843087806877301	0.0
ti|391774	Desulfovibrio vulgaris DP4	5.1519049694820395e-05	0.0012904631267238484	699.0	0.0012904631267238484	0.0	4.6609607586728305e-05	0.0006203084557642518	335.99999999999926	0.0004726159662965739	0.0004246159072195781
ti|693216	Cronobacter turicensis z3032	5.15033590928922e-05	0.0010301551140370635	558.0	0.0010301551140370635	0.0	5.1048173031056446e-05	0.0008464625802616372	458.5	0.0008455395022024643	1.8461561183459918e-06
ti|323850	Shewanella loihica PV-4	5.114107200202303e-05	0.000913847278581266	495.0	0.000913847278581266	0.0	5.114107200202303e-05	0.000913847278581266	495.0	0.000913847278581266	0.0
ti|176299	Agrobacterium fabrum str. C58	5.073717822247007e-05	0.001622771228026127	879.0	0.001622771228026127	0.0	5.037733445446008e-05	0.001584925027600034	858.5	0.0015932327301325909	2.953849789353587e-05
ti|316273	Xanthomonas campestris pv. vesicatoria str. 85-10	5.070684906809835e-05	0.0016615405065113927	900.0	0.0015433865149372492	0.00011815399157414348	4.748701251184847e-05	0.0008498471998119379	460.33333333333314	0.0008252317849006583	0.0002529233882134009
ti|469382	Halogeometricum borinquense DSM 11551	5.0639080927786446e-05	0.0007163085739182448	388.0	0.0007163085739182448	0.0	5.0639080927786446e-05	0.0007163085739182448	388.0	0.0007163085739182448	0.0
ti|247156	Nocardia farcinica IFM 10152	5.004297792020847e-05	0.0017538483124286922	950.0	0.0017538483124286922	0.0	3.910478943617305e-05	0.0015101557048070213	818.0	0.0016523097259196627	0.00010153858650902955
ti|631	Yersinia intermedia	4.948034374175706e-05	0.0018221560888074938	987.0	0.001812925308215764	9.23078059172996e-06	4.947730082945293e-05	0.0017156944193162085	929.3333333333334	0.0016984636288783124	2.030771730180591e-05
ti|189918	Mycobacterium sp. KMS	4.855628405855742e-05	0.00089353956127946	484.0	0.00089353956127946	0.0	0.0006943519544670866	0.0028836958568564243	1561.9999999999918	0.0006313853924743292	0.005955699637784169
ti|338963	Pelobacter carbinolicus DSM 2380	4.796235145446574e-05	0.0009876935233151057	535.0	0.0009876935233151057	0.0	4.796235145446574e-05	0.0009876935233151057	535.0	0.0009876935233151057	0.0
ti|404380	Geobacter bemidjiensis Bem	4.772717997167115e-05	0.0009507704009481858	515.0	0.0009507704009481858	0.0	4.746837698385528e-05	0.0008049240675988525	436.0	0.0008049240675988525	0.0
ti|288000	Bradyrhizobium sp. BTAi1	4.702236186542078e-05	0.004272005257852625	2314.0	0.004272005257852625	0.0	4.704984093569011e-05	0.004294159131272777	2326.0	0.004294159131272777	0.0
ti|366394	Sinorhizobium medicae WSM419	4.6376599076258664e-05	0.003792004667082667	2054.0	0.003792004667082667	0.0	4.635258278017122e-05	0.003923081751485235	2125.0000000000014	0.003838158570041317	0.00014953864558602534
ti|290400	Jannaschia sp. CCS1	4.62403841834684e-05	0.0005889238017523714	319.0	0.0005889238017523714	0.0	4.62403841834684e-05	0.0005889238017523714	319.0	0.0005889238017523714	0.0
ti|460265	Methylobacterium nodulans ORS 2060	4.619812993141203e-05	0.0024129260466782113	1307.0	0.0024129260466782113	0.0	4.619813011172263e-05	0.0024129260466782113	1307.0	0.0024129260466782113	0.0
ti|393305	Yersinia enterocolitica subsp. enterocolitica 8081	4.604318943872642e-05	0.0016283096963811648	882.0	0.001613540447434397	1.4769248946767935e-05	4.226945442240533e-05	0.001150990427592615	623.4523809523813	0.000904616497989536	0.00037292353590589035
ti|283942	Idiomarina loihiensis L2TR	4.571305455074545e-05	0.0001781540654203882	96.5	0.0003563081308407764	0.0	4.571305455074545e-05	0.0001781540654203882	96.5	0.0003563081308407764	0.0
ti|1321370	Idiomarina loihiensis GSL 199	4.571305455074545e-05	0.0001781540654203882	96.5	0.0003563081308407764	0.0	4.571305455074545e-05	0.0001781540654203882	96.5	0.0003563081308407764	0.0
ti|523791	Kangiella koreensis DSM 16069	4.543740077256603e-05	0.0003636927553141604	197.0	0.0003636927553141604	0.0	4.543740077256603e-05	0.0003636927553141604	197.0	0.0003636927553141604	0.0
ti|290434	Borreliella bavariensis PBi	4.530764223340863e-05	0.0003636927553141604	197.0	0.0003544619747224304	9.23078059172996e-06	4.1907192497125435e-05	0.00014953864558602537	81.00000000000001	6.461546414210972e-05	0.00016984636288783125
ti|390236	Borrelia afzelii PKo	4.4956196600998605e-05	0.0004763082785332659	258.0	0.0004763082785332659	0.0	1.1235034093208281e-05	0.00012907708194102396	69.91666666666669	3.876927848526583e-05	0.0002787695738702448
ti|419665	Methanococcus aeolicus Nankai-3	4.4863599643689555e-05	0.0001827694557162532	99.0	0.0001827694557162532	0.0	4.4863599643459304e-05	0.0001827694557162532	99.0	0.0001827694557162532	0.0
ti|480224	Chloroflexus sp. Y-400-fl	4.248983198623565e-05	0.0027258495087378568	1476.5	0.0054516990174757135	0.0	4.248983198623565e-05	0.0027258495087378568	1476.5	0.005449852861357368	1.8461561183459918e-06
ti|324602	Chloroflexus aurantiacus J-10-fl	4.248983198623565e-05	0.0027258495087378568	1476.5	0.0054516990174757135	0.0	4.248983198623565e-05	0.0027258495087378568	1476.5	0.005449852861357368	1.8461561183459918e-06
ti|243275	Treponema denticola ATCC 35405	4.1764009299008526e-05	0.0012609246288303123	683.0	0.0012609246288303123	0.0	4.176399605220249e-05	0.0012609246288303123	683.0	0.0012609246288303123	0.0
ti|589865	Desulfurivibrio alkaliphilus AHT 2	4.162176119581886e-05	0.0007643086329952406	414.0	0.0007643086329952406	0.0	4.162176119581886e-05	0.0007643086329952406	414.0	0.0007643086329952406	0.0
ti|338969	Rhodoferax ferrireducens T118	4.109023908219103e-05	0.0018830792407129116	1020.0	0.0018830792407129116	0.0	4.109023908219103e-05	0.0018830792407129116	1020.0	0.0018830792407129116	0.0
ti|402626	Ralstonia pickettii 12J	3.9855751338809315e-05	0.0005760007089239494	312.0	0.0005760007089239494	0.0	3.7577264011674836e-05	0.0003996927996219072	216.5	0.0005335391182019917	3.138465401188186e-05
ti|221988	Mannheimia succiniciproducens MBEL55E	3.975525399492696e-05	0.000659077734249519	357.0	0.000659077734249519	0.0	3.975525399492696e-05	0.000659077734249519	357.0	0.000659077734249519	0.0
ti|561304	Mycobacterium leprae Br4923	3.9122998812446816e-05	0.0019107715824881015	1035.0	0.0019107715824881015	0.0	1.9692649914709087e-05	0.0009775396646642027	529.5	0.0006480007975394432	0.0012627707849486585
ti|381764	Fervidobacterium nodosum Rt17-B1	3.829698819736504e-05	0.0008196933165456204	444.0	0.0008196933165456204	0.0	3.829698819736504e-05	0.0008196933165456204	444.0	0.0008196933165456204	0.0
ti|388396	Vibrio fischeri MJ11	3.8288253328810135e-05	0.0005390775865570296	292.0	0.0005390775865570296	0.0	3.992464040962824e-05	0.0008695395317409621	471.0	0.0008695395317409621	0.0
ti|507522	Klebsiella pneumoniae 342	3.7738742300600914e-05	0.0016541558820380086	896.0	0.0016541558820380086	0.0	0.0013989977800491172	0.0007090196760584033	384.0518518518511	0.00036738506755085236	0.0006664623587229031
ti|196162	Nocardioides sp. JS614	3.6825676077366834e-05	0.0011501552617295529	623.0	0.0011501552617295529	0.0	3.682567607736649e-05	0.0011501552617295529	623.0	0.0011501552617295529	0.0
ti|331272	Burkholderia cenocepacia HI2424	3.594554777472628e-05	0.0017206175022984643	932.0	0.0017187713461801184	1.8461561183459918e-06	3.0333473149635122e-05	0.0018544022823413014	1004.4666666666834	0.0	0.004224005198775629
ti|167879	Colwellia psychrerythraea 34H	3.540372580996087e-05	0.000668308514841249	362.0	0.000668308514841249	0.0	3.540372580996087e-05	0.000668308514841249	362.0	0.000668308514841249	0.0
ti|397945	Acidovorax citrulli AAC00-1	3.473229864399411e-05	0.0018609253672927598	1008.0	0.0018609253672927598	0.0	3.479052134772379e-05	0.0019015408018963715	1030.0	0.0019015408018963715	0.0
ti|446465	Brachybacterium faecium DSM 4810	3.413525428455402e-05	0.0005298468059652996	287.0	0.0005298468059652996	0.0	3.413525428455402e-05	0.0005298468059652996	287.0	0.0005298468059652996	0.0
ti|521007	Borrelia burgdorferi N40	3.3762986551731495e-05	0.0014252325233631057	772.0	0.0014252325233631057	0.0	9.886496929689099e-06	0.0002564794365461202	138.92619047619075	0.0	0.0009175395908179579
ti|216591	Burkholderia cenocepacia J2315	3.3373314247411906e-05	0.0008547702827941942	463.0	0.0008492318144391562	5.538468355037975e-06	3.285709454062932e-05	0.0007493547684366379	405.8999999999999	0.0005593853038588355	0.0004098466582728102
ti|187272	Alkalilimnicola ehrlichii MLHE-1	3.324734279625912e-05	0.0012073861013982786	654.0	0.0012073861013982786	0.0	3.324734279625912e-05	0.0012073861013982786	654.0	0.0012073861013982786	0.0
ti|582402	Hirschia baltica ATCC 49814	3.2749584335458256e-05	0.0002787695738702448	151.0	0.0002787695738702448	0.0	3.2749584335458256e-05	0.0002787695738702448	151.0	0.0002787695738702448	0.0
ti|99287	Salmonella enterica subsp. enterica serovar Typhimurium str. LT2	3.245826059539682e-05	0.0021673872829381944	1174.0	0.0021673872829381944	0.0	2.598950789079566e-05	0.0002330946676044492	126.25945622263158	0.0	0.0029667728821820088
ti|498761	Heliobacterium modesticaldum Ice1	3.245560520416636e-05	0.00048369290300664985	262.0	0.00048369290300664985	0.0	3.245560520416636e-05	0.00048369290300664985	262.0	0.00048369290300664985	0.0
ti|272942	Rhodobacter capsulatus SB 1003	3.205422219265398e-05	0.00016061558229610128	87.0	0.00016061558229610128	0.0	3.2054208088368275e-05	0.00014953864558602534	81.0	0.00016061558229610128	0.0
ti|446462	Actinosynnema mirum DSM 43827	3.194656669386217e-05	0.0007772317258236625	421.0	0.0007772317258236625	0.0	3.194656671889041e-05	0.0007790778819420086	422.0	0.0007790778819420086	0.0
ti|391009	Thermosipho melanesiensis BI429	3.181633367718135e-05	0.00041907743886454015	227.0	0.00041907743886454015	0.0	3.181633367718135e-05	0.00041907743886454015	227.0	0.00041907743886454015	0.0
ti|640510	Burkholderia sp. CCGE1001	3.17343566583443e-05	0.0005686160844505654	308.0	0.0005667699283322195	1.8461561183459918e-06	3.171342357069998e-05	0.00039138509708935024	212.0	0.00038769278485265826	7.384624473383968e-05
ti|360107	Campylobacter hominis ATCC BAA-381	3.173407086783336e-05	0.00012000014769248947	65.0	0.00012000014769248947	0.0	3.173407086783336e-05	0.00012000014769248947	65.0	0.00012000014769248947	0.0
ti|246196	Mycobacterium smegmatis str. MC2 155	3.0672151679384446e-05	0.0010144627870311224	549.5	0.0019569254854467514	7.200008861549367e-05	3.067214973411934e-05	0.0010153858650902956	550.0	0.0011981553208065487	0.0008326164093740423
ti|1772	Mycobacterium smegmatis	3.0672151679384446e-05	0.0010144627870311224	549.5	0.0019569254854467514	7.200008861549367e-05	3.067214973411934e-05	0.0010153858650902956	550.0	0.0011981553208065487	0.0008326164093740423
ti|1311759	Mannheimia haemolytica D171	3.0476698997435872e-05	0.0011649245106763208	631.0	0.001163078354557975	1.8461561183459918e-06	6.141684756313006e-06	0.00017887934103831085	96.89285714285768	0.0	0.0008603087511492322
ti|266117	Rubrobacter xylanophilus DSM 9941	2.9531235006241344e-05	0.000904616497989536	490.0	0.000904616497989536	0.0	2.9531235006241344e-05	0.000904616497989536	490.0	0.000904616497989536	0.0
ti|640511	Burkholderia sp. CCGE1002	2.89071085866171e-05	0.0018295407132808779	991.0	0.0018295407132808779	0.0	2.890710968128356e-05	0.001846156118345992	1000.0	0.0018443099622276458	1.8461561183459918e-06
ti|551115	'Nostoc azollae' 0708	2.8601996666038744e-05	0.0010726167047590213	581.0	0.0010726167047590213	0.0	2.8601996665292248e-05	0.0010726167047590213	581.0	0.0010726167047590213	0.0
ti|572264	Bacillus cereus 03BB102	2.72468721962674e-05	0.0006627700464862111	359.0	0.0006166161435275613	4.6153902958649797e-05	3.804211150772248e-05	0.0004638451481714002	251.24914602940967	0.00020676948525475108	0.001774156029730498
ti|216595	Pseudomonas fluorescens SBW25	2.7230752183511022e-05	0.0013329247174458062	722.0	0.0013329247174458062	0.0	2.7227372068083204e-05	0.0013329247174458062	722.0	0.0013329247174458062	0.0
ti|428406	Ralstonia pickettii 12D	2.6513465231203715e-05	0.00024553876374001693	133.0	0.00024553876374001693	0.0	2.8791545337291823e-05	0.0004107697363319832	222.5	0.0005446160549120676	3.138465401188186e-05
ti|398580	Dinoroseobacter shibae DFL 12 = DSM 16493	2.6306252539099626e-05	0.0015083095486886752	817.0	0.0015083095486886752	0.0	1.6458525432666608e-05	0.0011024628953389488	597.1666666666671	0.0007440009156934347	0.0007513855401668186
ti|1344042	Enterococcus faecium T110	2.6272700101218106e-05	0.0010689243925223293	579.0	0.0010689243925223293	0.0	2.628443861280116e-05	0.0011895399255876006	644.3333333333333	0.0011649245106763208	5.3538527432033766e-05
ti|425104	Shewanella sediminis HAW-EB3	2.6161364930618082e-05	0.0012978477511972322	703.0	0.0012978477511972322	0.0	2.6161364930618082e-05	0.0012978477511972322	703.0	0.0012978477511972322	0.0
ti|38300	Streptomyces pristinaespiralis	2.602404562945315e-05	0.0004006158776810802	217.0	0.0004006158776810802	0.0	2.602402459301899e-05	0.0003840004726159663	208.0	0.0003858466287343123	0.0
ti|596154	Alicycliphilus denitrificans K601	2.6022021871574653e-05	0.0004966159958350718	269.0	0.0004966159958350718	0.0	9.296388551556837e-06	0.000224513096836632	121.61111111111111	0.0004320005316929621	1.846156118345992e-05
ti|228405	Hyphomonas neptunium ATCC 15444	2.556953129195366e-05	0.000688616232143055	373.0	0.000688616232143055	0.0	2.556953129195366e-05	0.000688616232143055	373.0	0.000688616232143055	0.0
ti|266265	Paraburkholderia xenovorans LB400	2.5222729131680366e-05	0.0020012332322870553	1084.0	0.0019938486078136712	7.384624473383967e-06	2.5203607572943527e-05	0.0018960023335413336	1027.0	0.0018960023335413336	1.8461561183459918e-06
ti|452638	Polynucleobacter necessarius subsp. necessarius STIR1	2.4453702258088372e-05	4.984621519534178e-05	27.0	4.984621519534178e-05	0.0	2.4453702258088372e-05	4.984621519534178e-05	27.0	4.984621519534178e-05	0.0
ti|455488	Anaeromyxobacter dehalogenans 2CP-1	2.439087685205173e-05	0.0010061550844985656	545.0	0.0009969243039068356	9.23078059172996e-06	2.038690493614951e-05	0.0007763086477644896	420.5	0.0007107701055632068	0.00013107708440256543
ti|267608	Ralstonia solanacearum GMI1000	2.430794880000636e-05	0.0011501552617295529	623.0	0.0011501552617295529	0.0	1.0436593714194754e-05	0.0005901545724979339	319.66666666666583	0.00041907743886454015	0.00039323125320769625
ti|323259	Methanospirillum hungatei JF-1	2.3919612153337863e-05	0.00026030801268678484	141.0	0.00026030801268678484	0.0	2.3919612153337863e-05	0.00026030801268678484	141.0	0.00026030801268678484	0.0
ti|1193292	Klebsiella pneumoniae subsp. pneumoniae 1084	2.352992631959227e-05	0.0014307709917181436	775.0	0.0014270786794814516	3.6923122366919837e-06	3.840305832013458e-05	0.00014187612277294658	76.84947191793088	0.0	0.0009581550254215697
ti|349102	Rhodobacter sphaeroides ATCC 17025	2.3482364775470378e-05	0.0007163085739182448	388.0	0.0007163085739182448	0.0	2.3482364684753075e-05	0.0007163085739182448	388.0	0.0007163085739182448	0.0
ti|1454584	Salmonella enterica subsp. enterica serovar Anatum str. USDA-ARS-USMARC-1727	2.2986219300832542e-05	0.00035261581860408445	191.0	0.00035261581860408445	0.0	7.670067321617254e-05	5.7877467141652924e-05	31.350256116750572	0.0	0.0004947698397167258
ti|326424	Frankia alni ACN14a	2.2782329165706553e-05	0.0018941561774229877	1026.0	0.0018941561774229877	0.0	2.2782329193252034e-05	0.0019089254263697556	1034.0	0.0019089254263697556	0.0
ti|86662	Bacillus weihenstephanensis	2.2644736693727236e-05	0.0004006158776810802	217.0	0.00039876972156273425	1.8461561183459918e-06	2.9061226936882845e-05	0.0010323089628418004	559.1666666666666	0.0008178471604272743	0.0004892313713616878
ti|203122	Saccharophagus degradans 2-40	2.2219543087374326e-05	0.0014824633630318314	803.0	0.0014824633630318314	0.0	2.2219543087374326e-05	0.0014824633630318314	803.0	0.0014824633630318314	0.0
ti|223283	[Pseudomonas syringae] pv. tomato str. DC3000	2.2216357740574657e-05	0.0018775407723578736	1017.0	0.0018775407723578736	0.0	2.2313335529044176e-05	0.0018763100016123096	1016.3333333333333	0.0018701561478844898	1.4769248946767935e-05
ti|439292	[Bacillus] selenitireducens MLS10	2.208767202554898e-05	0.0007089239494448608	384.0	0.0007089239494448608	0.0	2.208767202554898e-05	0.0007089239494448608	384.0	0.0007089239494448608	0.0
ti|85643	Thauera sp. MZ1T	2.184137902349989e-05	0.00039692356544438823	215.0	0.00039692356544438823	0.0	2.1841379023499862e-05	0.00039692356544438823	215.0	0.00039692356544438823	0.0
ti|160488	Pseudomonas putida KT2440	2.1575313328273215e-05	0.0011760014473863967	637.0	0.0011760014473863967	0.0	1.7111835746511102e-05	0.000988985832597947	535.6999999999995	0.0007993855992438144	0.00029169266669866673
ti|393595	Alcanivorax borkumensis SK2	2.1464403433289393e-05	0.0007864625064153925	426.0	0.0007864625064153925	0.0	1.6668572449646303e-05	0.0005436929768528946	294.5	0.0007864625064153925	0.0
ti|380394	Acidithiobacillus ferrooxidans ATCC 53993	2.1367370884571837e-05	0.00032861578906558656	178.0	0.0006572315781311731	0.0	2.1023775901642363e-05	0.0003126157693732547	169.33333333333337	0.0003895389409710043	0.0002676926371601688
ti|243159	Acidithiobacillus ferrooxidans ATCC 23270	2.1367370884571837e-05	0.00032861578906558656	178.0	0.0006572315781311731	0.0	2.1023775901642363e-05	0.0003126157693732547	169.33333333333337	0.0003895389409710043	0.0002676926371601688
ti|204773	Herminiimonas arsenicoxydans	2.0873797582279442e-05	0.0011704629790313587	634.0	0.0011704629790313587	0.0	2.089402613419071e-05	0.001193232237824295	646.3333333333346	0.0011686168229130128	7.200008861549367e-05
ti|395019	Burkholderia multivorans ATCC 17616	2.076632300769952e-05	0.0036535429582067176	1979.0	0.003649850645970026	3.6923122366919837e-06	1.4368110108506169e-05	0.0026498494151992766	1435.3333333333314	0.002475695354701975	0.00045600056123146
ti|205922	Pseudomonas fluorescens Pf0-1	2.0200690954601528e-05	0.0014473863967832577	784.0	0.0014473863967832577	0.0	1.581814892245072e-05	0.0014270786794814516	773.0	0.0014067709621796457	4.061543460361182e-05
ti|479431	Nakamurella multipartita DSM 44233	2.0175597013173123e-05	0.0010320012701554094	559.0	0.0010320012701554094	0.0	2.017559701312988e-05	0.0010320012701554094	559.0	0.0010320012701554094	0.0
ti|316275	Aliivibrio salmonicida LFI1238	2.009023534379221e-05	0.0008030779114805064	435.0	0.0008030779114805064	0.0	2.0090235343792207e-05	0.0008030779114805064	435.0	0.0008030779114805064	0.0
ti|272568	Gluconacetobacter diazotrophicus PA1 5	1.998142241943635e-05	0.00034153888189400846	185.0	0.00034153888189400846	0.0	1.998142241943635e-05	0.00034153888189400846	185.0	0.00034153888189400846	0.0
ti|391626	Octadecabacter antarcticus 307	1.9667206447875363e-05	0.00021230795360978905	115.0	0.00021230795360978905	0.0	1.966720645190526e-05	0.00021230795360978905	115.0	0.00021230795360978905	0.0
ti|485916	Desulfotomaculum acetoxidans DSM 771	1.9115406322859987e-05	0.0006941547004980929	376.0	0.0006941547004980929	0.0	1.9115406322859987e-05	0.0006941547004980929	376.0	0.0006941547004980929	0.0
ti|349161	Desulfotomaculum reducens MI-1	1.882157525167974e-05	0.0018387714938726079	996.0	0.0018387714938726079	0.0	1.882157525167974e-05	0.0018387714938726079	996.0	0.0018387714938726079	0.0
ti|323097	Nitrobacter hamburgensis X14	1.8654939253054474e-05	0.000904616497989536	490.0	0.000904616497989536	0.0	1.8654939254264688e-05	0.000904616497989536	490.0	0.000904616497989536	0.0
ti|83331	Mycobacterium tuberculosis CDC1551	1.8277933448952453e-05	0.0017113867217067344	927.0	0.0017113867217067344	0.0	0.0003700369172802554	0.0011574200027801922	626.9350632259357	0.0	0.04139451248555383
ti|1392837	Bacillus anthracis str. SVA11	1.7516712946879582e-05	0.00019753870466302114	107.0	0.0001809232995979072	1.6615405065113927e-05	7.438543148193263e-06	0.00011763859578087051	63.720827622241	0.0	0.0016338481647362028
ti|319224	Shewanella putrefaciens CN-32	1.7170831336086573e-05	0.0027507726163355276	1490.0	0.0027507726163355276	0.0	9.746813331655654e-06	0.001049847445966086	568.6666666666658	0.0005095390886634937	0.0013827709326411479
ti|262728	Haemophilus influenzae R2866	1.710396740631737e-05	7.200008861549367e-05	39.0	7.200008861549367e-05	0.0	0.00015895099065884404	0.0013171649910895139	713.4634920634926	0.000690462388261401	0.0021396949411630044
ti|394221	Maricaulis maris MCS10	1.6692022852268714e-05	0.001574771168949131	853.0	0.001574771168949131	0.0	1.6692022852268714e-05	0.001574771168949131	853.0	0.001574771168949131	0.0
ti|640132	Segniliparus rotundus DSM 44985	1.6622253046982946e-05	0.0005630776160955275	305.0	0.0005630776160955275	0.0	1.6622253046982946e-05	0.0005630776160955275	305.0	0.0005630776160955275	0.0
ti|446466	Cellulomonas flavigena DSM 20109	1.657534067447069e-05	0.0005815391772789874	315.0	0.0005815391772789874	0.0	1.657534067447069e-05	0.0005815391772789874	315.0	0.0005815391772789874	0.0
ti|338187	Vibrio campbellii ATCC BAA-1116	1.6524956350538688e-05	0.0015175403292804052	822.0	0.0015175403292804052	0.0	1.6484674495341663e-05	0.0012960015950788863	702.0	0.0013070785317889622	0.0
ti|349106	Psychrobacter sp. PRwf-1	1.6259744659318513e-05	0.0004910775274800339	266.0	0.0004910775274800339	0.0	1.6259744659318513e-05	0.0004910775274800339	266.0	0.0004910775274800339	0.0
ti|269797	Methanosarcina barkeri str. Fusaro	1.6081036254668122e-05	0.00032215424265137556	174.5	0.0006276930802376372	1.6615405065113927e-05	1.6078263263701357e-05	0.0003216927036217891	174.25	0.00011076936710075951	0.0005335391182019917
ti|1434109	Methanosarcina barkeri str. Wiesmoor	1.6081036254668122e-05	0.00032215424265137556	174.5	0.0006276930802376372	1.6615405065113927e-05	1.6078263263701357e-05	0.0003216927036217891	174.25	0.00011076936710075951	0.0005335391182019917
ti|595494	Tolumonas auensis DSM 9187	1.6013429459722244e-05	0.0003544619747224304	192.0	0.0003544619747224304	0.0	1.6013429459722244e-05	0.0003544619747224304	192.0	0.0003544619747224304	0.0
ti|624	Shigella sonnei	1.5940791328194615e-05	0.00010153858650902955	55.0	0.00010153858650902955	0.0	0.0010382333798970166	0.0008418377800446476	455.9949029656641	9.784627427233756e-05	0.010190781773269875
ti|440085	Methylobacterium extorquens CM4	1.590130518129287e-05	8.676933756226161e-05	47.0	8.676933756226161e-05	0.0	0.00010886479943277881	0.0007981548284982505	432.33333333333337	0.0007052316372081689	0.0001772309873612152
ti|395491	Rhizobium leguminosarum bv. trifolii WSM1325	1.589482033598241e-05	0.002920618979223359	1582.0	0.0028781573885014013	4.246159072195781e-05	2.2493063966949792e-05	0.0035520043716976884	1924.0	0.0035372351227509202	2.7692341775189877e-05
ti|349163	Acidiphilium cryptum JF-5	1.5639007610404542e-05	0.0008658472195042701	469.0	0.0008658472195042701	0.0	1.3871719683558282e-05	0.0007043085591489958	381.5	0.0008547702827941942	0.0
ti|335283	Nitrosomonas eutropha C91	1.5417524592860225e-05	0.0012092322575166245	655.0	0.0012092322575166245	0.0	1.5417524592660332e-05	0.0012092322575166245	655.0	0.0012092322575166245	0.0
ti|521008	Borrelia burgdorferi JD1	1.5377149574247057e-05	5.169237131368777e-05	28.0	5.169237131368777e-05	0.0	6.831900032872237e-06	0.00010494078849855305	56.84285714285724	1.846156118345992e-05	0.00034153888189400846
ti|526227	Meiothermus silvanus DSM 9946	1.52826589623723e-05	0.0009470780887114938	513.0	0.0009470780887114938	0.0	1.52826589623723e-05	0.0009470780887114938	513.0	0.0009470780887114938	0.0
ti|316067	Geobacter daltonii FRC-32	1.5120554899853027e-05	0.0009784627427233757	530.0	0.0009784627427233757	0.0	1.5120554899886243e-05	0.0009784627427233757	530.0	0.0009784627427233757	0.0
ti|1430440	Magnetospirillum gryphiswaldense MSR-1 v2	1.4577312032419649e-05	0.001104001358770903	598.0	0.001104001358770903	0.0	1.4556933014521917e-05	0.0010292320359778905	557.5	0.0010541551435755614	0.0
ti|497965	Cyanothece sp. PCC 7822	1.4369101405658151e-05	0.0005630776160955275	305.0	0.0005630776160955275	0.0	1.4369101405658151e-05	0.0005630776160955275	305.0	0.0005630776160955275	0.0
ti|583345	Methylotenera mobilis JLW8	1.429019623868244e-05	0.0004966159958350718	269.0	0.0004966159958350718	0.0	1.429019623868244e-05	0.0004966159958350718	269.0	0.0004966159958350718	0.0
ti|350701	Burkholderia dolosa AU0158	1.4027442516957447e-05	0.0009710781182499917	526.0	0.0009710781182499917	0.0	7.322798380337541e-06	0.0006849239199063629	371.0	0.000672000827077941	0.0002990772911720507
ti|485917	Pedobacter heparinus DSM 2366	1.3676930886559531e-05	0.0004873852152433418	264.0	0.0004873852152433418	0.0	1.3676930886559531e-05	0.0004873852152433418	264.0	0.0004873852152433418	0.0
ti|465541	Streptomyces sp. Mg1	1.3198835415780365e-05	0.00039507740932604227	214.0	0.00039507740932604227	0.0	1.3198850204142508e-05	0.00039903345815106936	216.14285714285714	0.00039507740932604227	5.538468355037975e-06
ti|342108	Magnetospirillum magneticum AMB-1	1.3190095888232243e-05	0.002691695620548456	1458.0	0.002691695620548456	0.0	1.3190094426336595e-05	0.002691695620548456	1458.0	0.002691695620548456	0.0
ti|391165	Granulibacter bethesdensis CGDNIH1	1.2977700977102264e-05	0.0007532316962851647	408.0	0.0007532316962851647	0.0	6.549281072473447e-06	0.0004540005587699189	245.91666666666688	0.00017538483124286921	0.0005778468650422954
ti|269800	Thermobifida fusca YX	1.2782549489826703e-05	0.0002473849198583629	134.0	0.0002473849198583629	0.0	1.2782549489826703e-05	0.0002473849198583629	134.0	0.0002473849198583629	0.0
ti|471856	Jonesia denitrificans DSM 20603	1.2687609745021457e-05	0.00024553876374001693	133.0	0.00024553876374001693	0.0	1.268760974505277e-05	0.00024553876374001693	133.0	0.00024553876374001693	0.0
ti|391616	Octadecabacter arcticus 238	1.2472174864180407e-05	0.00025661570045009286	139.0	0.00025661570045009286	0.0	1.2472174860162715e-05	0.00025661570045009286	139.0	0.00025661570045009286	0.0
ti|324057	Paenibacillus sp. JDR-2	1.2416683217686433e-05	0.0004320005316929621	234.0	0.0004320005316929621	0.0	1.2416683217686433e-05	0.0004320005316929621	234.0	0.0004320005316929621	0.0
ti|298386	Photobacterium profundum SS9	1.2407662991483284e-05	0.0019070792702514095	1033.0	0.0019070792702514095	0.0	1.2407662991483284e-05	0.0019070792702514095	1033.0	0.0019070792702514095	0.0
ti|395965	Methylocella silvestris BL2	1.2358617546239095e-05	0.001390155557114532	753.0	0.001390155557114532	0.0	1.2358617546239095e-05	0.001390155557114532	753.0	0.001390155557114532	0.0
ti|405948	Saccharopolyspora erythraea NRRL 2338	1.2195025467075913e-05	0.002027079417943899	1098.0	0.002027079417943899	0.0	1.2195025471399584e-05	0.002027079417943899	1098.0	0.002027079417943899	0.0
ti|227882	Streptomyces avermitilis MA-4680 = NBRC 14893	1.2138479144580355e-05	0.0007753855697053165	420.0	0.0007735394135869706	1.8461561183459918e-06	1.2121110961499449e-05	0.0007227701203324558	391.5	0.0007735394135869706	0.0
ti|387093	Sulfurovum sp. NBC37-1	1.1890946020751385e-05	0.0005187698692552237	281.0	0.0005187698692552237	0.0	1.1890938548065053e-05	0.0005187698692552237	281.0	0.0005187698692552237	0.0
ti|611301	Xanthomonas citri subsp. citri	1.1658914776554413e-05	0.0012480015360018905	676.0	5.538468355037975e-06	0.0012424630676468524	4.99838592647208e-06	0.00016297932146905485	88.28035714285707	0.0	0.0010892321098241351
ti|290512	Prosthecochloris aestuarii DSM 271	1.164059618552215e-05	0.0003304619451839325	179.0	0.0003304619451839325	0.0	1.164059618552215e-05	0.0003304619451839325	179.0	0.0003304619451839325	0.0
ti|653733	Desulfurispirillum indicum S5	1.1637751730674354e-05	0.0006480007975394432	351.0	0.0006480007975394432	0.0	1.1637751730674354e-05	0.0006480007975394432	351.0	0.0006480007975394432	0.0
