Total Number of Aligned Reads:	533694	Total Number of Mapped Genomes:	1958
Genome	Tax Names	Final Guess	Final Best Hit	Final Best Hit Read Numbers	Final High Confidence Hits	Final Low Confidence Hits	Initial Guess	Initial Best Hit	Initial Best Hit Read Numbers	Initial High Confidence Hits	Initial Low Confidence Hits
ti|1206105	Enterococcus faecalis D32	0.4628878113927648	0.03597379771929233	19199.0	0.03597379771929233	0.0	0.0977978980898518	0.006622155695782185	3534.204761904777	0.0011860729181890747	0.01659377845731824
ti|684738	Lactococcus lactis subsp. lactis KF147	0.08370799072932807	0.0014952388447312505	798.0	0.0	0.002990477689462501	0.0587552271520883	0.0004334881036698928	231.34999999999977	0.0	0.0012928756928127353
ti|1117941	Lactococcus lactis subsp. lactis NCDO 2118	0.08370799072932807	0.0014952388447312505	798.0	0.0	0.002990477689462501	0.0587552271520883	0.0004334881036698928	231.34999999999977	0.0	0.0012928756928127353
ti|272621	Lactobacillus acidophilus NCFM	0.07822322925925372	0.0010199352687744762	544.3333333333253	0.0	0.0030598058063234738	0.07822322925925372	0.0010199352687744762	544.3333333333253	0.0	0.0030598058063234738
ti|1579	Lactobacillus acidophilus	0.07822322925925372	0.0010199352687744762	544.3333333333253	0.0	0.0030598058063234738	0.07822322925925372	0.0010199352687744762	544.3333333333253	0.0	0.0030598058063234738
ti|1314884	Lactobacillus acidophilus La-14	0.07822322925925372	0.0010199352687744762	544.3333333333253	0.0	0.0030598058063234738	0.07822322925925372	0.0010199352687744762	544.3333333333253	0.0	0.0030598058063234738
ti|1193576	Staphylococcus aureus subsp. aureus CN1	0.017876552426439204	0.0680277462366075	36306.0	0.0680277462366075	0.0	0.0019083115101730338	0.0014250544250382245	760.5429963163501	0.0	0.02167159458416246
ti|1267753	Salmonella enterica subsp. enterica serovar Javiana str. CFSAN001992	0.013196049993490139	0.021259373348772894	11346.0	0.021259373348772894	0.0	0.0009831530858279668	0.00031214733688046393	166.5911608090823	0.0	0.0010942600066704891
ti|212717	Clostridium tetani E88	0.011151312217444047	0.002552024193639052	1362.0	0.002552024193639052	0.0	0.010095612182140905	0.0024995596727712885	1334.0	0.002552024193639052	0.0
ti|698965	Corynebacterium diphtheriae CDCE 8392	0.01110460642723443	0.0013022443572534073	695.0	0.0013022443572534073	0.0	0.0017783682184652982	8.988342316991325e-05	47.970243645243684	0.0	0.0006164581201962173
ti|370551	Streptococcus pyogenes MGAS9429	0.0060590776710049785	0.02329424726528685	12432.0	0.02329424726528685	0.0	0.0008536788395718502	0.0011798388016026457	629.6728893825224	0.0	0.012259834287063374
ti|195103	Clostridium perfringens ATCC 13124	0.0057681874094868465	0.01496737831041758	7988.0	0.01496737831041758	0.0	0.0024004052835820966	0.005417274068411294	2891.166666666697	0.0031703560467234034	0.005218346093454301
ti|1392	Bacillus anthracis	0.0053431563882177105	0.056545511098119894	30178.0	0.05604709814987614	0.0004984129482437502	0.00034689061918548645	0.002421104158428995	1292.128762728604	0.0	0.035572818881231566
ti|523794	Leptotrichia buccalis C-1013-b	0.004021006613893411	0.0021023283004867957	1122.0	0.0021023283004867957	0.0	0.004021006613893405	0.0021023283004867957	1122.0	0.0021023283004867957	0.0
ti|406818	Xenorhabdus bovienii SS-2004	0.004016274412611898	0.0002098580834710527	112.0	0.0002098580834710527	0.0	0.004012636079215033	0.0002098580834710527	112.0	0.0002098580834710527	0.0
ti|404380	Geobacter bemidjiensis Bem	0.0028622713646530244	0.0010286793555857852	549.0	0.0010286793555857852	0.0	0.002862177569310622	0.0009406139098434683	502.0	0.0009406139098434683	0.0
ti|591001	Acidaminococcus fermentans DSM 20731	0.0028618765973679417	0.00101368949248071	541.0	0.00101368949248071	0.0	0.0028618765973679417	0.00101368949248071	541.0	0.00101368949248071	0.0
ti|243275	Treponema denticola ATCC 35405	0.002201133923233027	0.0053551285942881124	2858.0	0.0053551285942881124	0.0	0.0021995609773428726	0.005293295408979677	2825.0	0.005282053011650871	7.307558263724157e-05
ti|243273	Mycoplasma genitalium G37	0.002046503826903704	0.0028143467979778675	1502.0	0.0028143467979778675	0.0	0.0005419908912367093	0.0007376574091770341	393.68333333332805	0.0	0.0028143467979778675
ti|714359	Bacillus thuringiensis BMB171	0.001690627059720816	0.020811551188508772	11107.0	0.019897169539099185	0.0009143816494095868	0.0002346108910354079	0.0025498259456926044	1360.8268082604689	0.00015926729549142394	0.009083857041675567
ti|292459	Symbiobacterium thermophilum IAM 14863	0.00147200464579533	0.0018137734357140983	968.0	0.0018137734357140983	0.0	0.00147200464579533	0.0018137734357140983	968.0	0.0018137734357140983	0.0
ti|1901	Streptomyces clavuligerus	0.0014551626207106117	0.000985583499158694	526.0	0.000985583499158694	0.0	0.0014551626207105206	0.0009837097662705595	525.0	0.0009837097662705595	0.0
ti|222523	Bacillus cereus ATCC 10987	0.0010947355701758463	0.005606208801298122	2992.0	0.005413214313820279	0.0001929944874778431	0.0007425351410778246	0.0023521833946353286	1255.3461646165072	0.0015177236393888634	0.0030429422103302644
ti|339860	Methanosphaera stadtmanae DSM 3091	0.0010398796156974525	0.0007682304841351036	410.0	0.0007682304841351036	0.0	0.0010398796156974525	0.0007682304841351036	410.0	0.0007682304841351036	0.0
ti|223926	Vibrio parahaemolyticus RIMD 2210633	0.0010380277246211846	0.003917975469089029	2091.0	0.003917975469089029	0.0	0.0007704263362318077	0.0015487339186874883	826.5500000000004	0.0008206950050028668	0.001150471993314521
ti|2107	Mycoplasma pulmonis	0.0010360225004148683	0.0008431797996604797	450.0	0.0008431797996604797	0.0	0.0010360225004148683	0.0008431797996604797	450.0	0.0008431797996604797	0.0
ti|69014	Thermococcus kodakarensis KOD1	0.0010349887374807435	0.0002979235292133695	159.0	0.0002979235292133695	0.0	0.0010349887374807415	0.0002979235292133695	159.0	0.0002979235292133695	0.0
ti|189423	Streptococcus pneumoniae 670-6B	0.0009668070981125695	0.048387278103182725	25824.0	0.04838540437029459	1.8737328881343992e-06	7.53198114905601e-05	0.001746935125359061	932.3287947933787	0.0	0.02360903439049343
ti|211110	Streptococcus agalactiae NEM316	0.0008883390305728571	0.01462635892477712	7806.0	0.01462635892477712	0.0	0.00010684401670441873	0.003019219413585834	1611.339285714278	0.00110737613688743	0.00731317946238856
ti|362242	Mycobacterium ulcerans Agy99	0.0007481512700942761	0.0007082710317148029	378.0	0.0007082710317148029	0.0	0.00024792928291586053	0.000259512005006614	138.49999999999983	4.684332220335998e-05	0.0005658673322165885
ti|394503	[Clostridium] cellulolyticum H10	0.0007417079578915861	0.0021435504240257526	1144.0	0.0021435504240257526	0.0	0.0007417079573408516	0.002136055492473215	1140.0	0.002136055492473215	0.0
ti|321967	Lactobacillus paracasei ATCC 334	0.0007239427114627642	0.004438873211990392	2369.0	0.004438873211990392	0.0	0.00020021059093411984	0.0008939693168858176	477.10606060605954	0.0002248479465761279	0.0016039153522430457
ti|38504	Ureaplasma parvum serovar 3	0.0006544890797092314	0.005969712981596195	3186.0	0.005969712981596195	0.0	0.00021896127926921669	0.001926821986631616	1028.3333333333737	0.0001911207545897087	0.005184618901467882
ti|220668	Lactobacillus plantarum WCFS1	0.0006074423721132378	0.0058760263371894755	3136.0	0.0058760263371894755	0.0	0.00014721432628724248	0.0014801597562505474	789.9523809523796	0.00029979726210150383	0.004208404066749861
ti|321956	Lactobacillus delbrueckii subsp. bulgaricus ATCC BAA-365	0.0005962331276860135	0.005786087158559024	3088.0	0.005786087158559024	0.0	0.00031825340542216324	0.001905117914010669	1016.75000000001	0.00046655948914546536	0.0037062436527298417
ti|368407	Methanoculleus marisnigri JR1	0.0005267015359269711	0.0010061945609281724	537.0	0.0010061945609281724	0.0	0.0005267015359266943	0.0010061945609281724	537.0	0.0010061945609281724	0.0
ti|394	Sinorhizobium fredii NGR234	0.0005254146025989714	0.0001723834257083647	92.0	0.0001723834257083647	0.0	0.0005253271391343342	0.0001723834257083647	92.0	0.0001723834257083647	0.0
ti|529122	Bacillus thuringiensis YBT-1518	0.0004970144362748065	0.004208404066749861	2246.0	0.003811172694465368	0.0003972313722844926	0.0002369105881513105	0.000706485253478067	377.04694086972347	3.7474657762687983e-06	0.004094106360573662
ti|192952	Methanosarcina mazei Go1	0.00048176918525889856	0.0016039153522430457	856.0	0.0016039153522430457	0.0	0.00010619252823937455	0.0005873215737857288	313.4500000000007	9.368664440671996e-05	0.0015102287078363258
ti|441771	Clostridium botulinum A str. Hall	0.0004685738486810383	0.007897784123486492	4215.0	5.621198664403198e-06	0.01578994704830858	0.00019654488614280634	0.002490750289207726	1329.298484848428	0.0	0.010459176981566216
ti|441770	Clostridium botulinum A str. ATCC 19397	0.0004685738486810383	0.007897784123486492	4215.0	5.621198664403198e-06	0.01578994704830858	0.00019654488614280634	0.002490750289207726	1329.298484848428	0.0	0.010459176981566216
ti|568813	Streptococcus suis SC84	0.0004499067176207756	0.0130674131618493	6974.0	0.0130674131618493	0.0	4.234083180101719e-05	0.0011991465449987457	639.9773161865605	0.0	0.012048102470704185
ti|47715	Lactobacillus rhamnosus	0.00040066062325820395	0.004498832664410693	2401.0	0.004498832664410693	0.0	0.00014230322816126992	0.000719357284636259	383.9166666666636	0.0	0.0022372370684324724
ti|395961	Cyanothece sp. PCC 7425	0.00038308007877800555	0.0011261134657687738	601.0	0.0011261134657687738	0.0	0.00038308007877800555	0.0011261134657687738	601.0	0.0011261134657687738	0.0
ti|998092	Mycobacterium bovis BCG str. ATCC 35743	0.00037792166807129124	0.00029286445041539475	156.2999999999937	0.0	0.008785933512462197	0.00027083939663551256	0.00021327000518998133	113.8209221498619	0.0	0.008690373135167344
ti|83331	Mycobacterium tuberculosis CDC1551	0.00037792166807129124	0.00029286445041539475	156.2999999999937	0.0	0.008785933512462197	0.00027083939663551256	0.00021327000518998133	113.8209221498619	0.0	0.008690373135167344
ti|717522	Mycobacterium bovis BCG str. Mexico	0.00037792166807129124	0.00029286445041539475	156.2999999999937	0.0	0.008785933512462197	0.00027083939663551256	0.00021327000518998133	113.8209221498619	0.0	0.008690373135167344
ti|707235	Mycobacterium tuberculosis CTRI-2	0.00037792166807129124	0.00029286445041539475	156.2999999999937	0.0	0.008785933512462197	0.00027083939663551256	0.00021327000518998133	113.8209221498619	0.0	0.008690373135167344
ti|659019	Mycobacterium tuberculosis W-148	0.00037792166807129124	0.00029286445041539475	156.2999999999937	0.0	0.008785933512462197	0.00027083939663551256	0.00021327000518998133	113.8209221498619	0.0	0.008690373135167344
ti|652616	Mycobacterium tuberculosis str. Erdman = ATCC 35801	0.00037792166807129124	0.00029286445041539475	156.2999999999937	0.0	0.008785933512462197	0.00027083939663551256	0.00021327000518998133	113.8209221498619	0.0	0.008690373135167344
ti|561275	Mycobacterium bovis BCG str. Tokyo 172	0.00037792166807129124	0.00029286445041539475	156.2999999999937	0.0	0.008785933512462197	0.00027083939663551256	0.00021327000518998133	113.8209221498619	0.0	0.008690373135167344
ti|478435	Mycobacterium tuberculosis KZN 605	0.00037792166807129124	0.00029286445041539475	156.2999999999937	0.0	0.008785933512462197	0.00027083939663551256	0.00021327000518998133	113.8209221498619	0.0	0.008690373135167344
ti|478434	Mycobacterium tuberculosis KZN 1435	0.00037792166807129124	0.00029286445041539475	156.2999999999937	0.0	0.008785933512462197	0.00027083939663551256	0.00021327000518998133	113.8209221498619	0.0	0.008690373135167344
ti|478433	Mycobacterium tuberculosis KZN 4207	0.00037792166807129124	0.00029286445041539475	156.2999999999937	0.0	0.008785933512462197	0.00027083939663551256	0.00021327000518998133	113.8209221498619	0.0	0.008690373135167344
ti|443150	Mycobacterium tuberculosis CCDC5180	0.00037792166807129124	0.00029286445041539475	156.2999999999937	0.0	0.008785933512462197	0.00027083939663551256	0.00021327000518998133	113.8209221498619	0.0	0.008690373135167344
ti|413996	Mycobacterium bovis BCG str. Moreau RDJ	0.00037792166807129124	0.00029286445041539475	156.2999999999937	0.0	0.008785933512462197	0.00027083939663551256	0.00021327000518998133	113.8209221498619	0.0	0.008690373135167344
ti|410289	Mycobacterium bovis BCG str. Pasteur 1173P2	0.00037792166807129124	0.00029286445041539475	156.2999999999937	0.0	0.008785933512462197	0.00027083939663551256	0.00021327000518998133	113.8209221498619	0.0	0.008690373135167344
ti|395095	Mycobacterium tuberculosis str. Haarlem	0.00037792166807129124	0.00029286445041539475	156.2999999999937	0.0	0.008785933512462197	0.00027083939663551256	0.00021327000518998133	113.8209221498619	0.0	0.008690373135167344
ti|33892	Mycobacterium bovis BCG	0.00037792166807129124	0.00029286445041539475	156.2999999999937	0.0	0.008785933512462197	0.00027083939663551256	0.00021327000518998133	113.8209221498619	0.0	0.008690373135167344
ti|336982	Mycobacterium tuberculosis F11	0.00037792166807129124	0.00029286445041539475	156.2999999999937	0.0	0.008785933512462197	0.00027083939663551256	0.00021327000518998133	113.8209221498619	0.0	0.008690373135167344
ti|233413	Mycobacterium bovis AF2122/97	0.00037792166807129124	0.00029286445041539475	156.2999999999937	0.0	0.008785933512462197	0.00027083939663551256	0.00021327000518998133	113.8209221498619	0.0	0.008690373135167344
ti|1806	Mycobacterium microti	0.00037792166807129124	0.00029286445041539475	156.2999999999937	0.0	0.008785933512462197	0.00027083939663551256	0.00021327000518998133	113.8209221498619	0.0	0.008690373135167344
ti|1773	Mycobacterium tuberculosis	0.00037792166807129124	0.00029286445041539475	156.2999999999937	0.0	0.008785933512462197	0.00027083939663551256	0.00021327000518998133	113.8209221498619	0.0	0.008690373135167344
ti|1765	Mycobacterium bovis	0.00037792166807129124	0.00029286445041539475	156.2999999999937	0.0	0.008785933512462197	0.00027083939663551256	0.00021327000518998133	113.8209221498619	0.0	0.008690373135167344
ti|1452723	Mycobacterium tuberculosis 18b	0.00037792166807129124	0.00029286445041539475	156.2999999999937	0.0	0.008785933512462197	0.00027083939663551256	0.00021327000518998133	113.8209221498619	0.0	0.008690373135167344
ti|1427516	Mycobacterium tuberculosis 49-02	0.00037792166807129124	0.00029286445041539475	156.2999999999937	0.0	0.008785933512462197	0.00027083939663551256	0.00021327000518998133	113.8209221498619	0.0	0.008690373135167344
ti|1306414	Mycobacterium tuberculosis EAI5	0.00037792166807129124	0.00029286445041539475	156.2999999999937	0.0	0.008785933512462197	0.00027083939663551256	0.00021327000518998133	113.8209221498619	0.0	0.008690373135167344
ti|1306400	Mycobacterium tuberculosis str. Beijing/NITR203	0.00037792166807129124	0.00029286445041539475	156.2999999999937	0.0	0.008785933512462197	0.00027083939663551256	0.00021327000518998133	113.8209221498619	0.0	0.008690373135167344
ti|1249615	Mycobacterium tuberculosis K	0.00037792166807129124	0.00029286445041539475	156.2999999999937	0.0	0.008785933512462197	0.00027083939663551256	0.00021327000518998133	113.8209221498619	0.0	0.008690373135167344
ti|1206780	Mycobacterium bovis BCG str. Korea 1168P	0.00037792166807129124	0.00029286445041539475	156.2999999999937	0.0	0.008785933512462197	0.00027083939663551256	0.00021327000518998133	113.8209221498619	0.0	0.008690373135167344
ti|1138877	Mycobacterium tuberculosis 7199-99	0.00037792166807129124	0.00029286445041539475	156.2999999999937	0.0	0.008785933512462197	0.00027083939663551256	0.00021327000518998133	113.8209221498619	0.0	0.008690373135167344
ti|1010836	Mycobacterium tuberculosis BT1	0.00037792166807129124	0.00029286445041539475	156.2999999999937	0.0	0.008785933512462197	0.00027083939663551256	0.00021327000518998133	113.8209221498619	0.0	0.008690373135167344
ti|1010835	Mycobacterium tuberculosis BT2	0.00037792166807129124	0.00029286445041539475	156.2999999999937	0.0	0.008785933512462197	0.00027083939663551256	0.00021327000518998133	113.8209221498619	0.0	0.008690373135167344
ti|1010834	Mycobacterium tuberculosis HKBS1	0.00037792166807129124	0.00029286445041539475	156.2999999999937	0.0	0.008785933512462197	0.00027083939663551256	0.00021327000518998133	113.8209221498619	0.0	0.008690373135167344
ti|991791	Clostridium acetobutylicum DSM 1731	0.0003754500890212401	0.0026250997762762933	1401.0	0.0026250997762762933	0.0	0.00012515142113631193	0.0008759701252028148	467.499999999991	0.0	0.002596993782954277
ti|1423	Bacillus subtilis	0.00035839767480911884	0.006333217161894269	3380.0	0.0063126061001247905	2.061106176947839e-05	2.290093233948756e-05	0.00037701716715339497	201.21180000676398	0.0	0.004766776467413912
ti|557436	Lactobacillus reuteri DSM 20016	0.0003515554505323962	0.007553017272069763	4031.0	0.007553017272069763	0.0	0.00012959896394026504	0.0027878602452234224	1487.8642857142693	0.00014802489816261754	0.006074642023331722
ti|864803	Clostridium beijerinckii ATCC 35702	0.00031804465097683	0.0017538139832937976	936.0	0.0035076279665875953	0.0	0.00029962037321351414	0.0017058776502390245	910.416666666666	0.0009986996293756348	0.0025089283372119603
ti|290402	Clostridium beijerinckii NCIMB 8052	0.00031804465097683	0.0017538139832937976	936.0	0.0035076279665875953	0.0	0.00029962037321351414	0.0017058776502390245	910.416666666666	0.0009986996293756348	0.0025089283372119603
ti|405566	Lactobacillus helveticus DPC 4571	0.0003129758765117833	0.006102748016653738	3257.0	0.0060352936326809	6.745438397283837e-05	0.00013134791906423265	0.0017691638572705525	944.1921356421502	0.0002960497963252351	0.0035432288914621487
ti|1377	Aerococcus viridans	0.0002828156290545877	0.0014577641869685624	778.0	0.0014577641869685624	0.0	0.00028279263175231715	0.0014483955225278904	773.0	0.0014577641869685624	0.0
ti|323259	Methanospirillum hungatei JF-1	0.00028013624280251876	0.0010324268213620538	551.0	0.0010324268213620538	0.0	0.00028013624280251876	0.0010324268213620538	551.0	0.0010324268213620538	0.0
ti|491915	Anoxybacillus flavithermus WK1	0.00027428368658465057	0.002076096040052914	1108.0	0.002076096040052914	0.0	0.00027428368651999103	0.002076096040052914	1108.0	0.002076096040052914	0.0
ti|565575	Ureaplasma urealyticum serovar 10 str. ATCC 33699	0.00027185169944963876	0.01210056699157195	6458.0	0.01210056699157195	0.0	0.0002718518283122676	0.01210056699157195	6458.0	0.01210056699157195	0.0
ti|298653	Frankia sp. EAN1pec	0.000271649160921933	0.0005208977429013629	278.0	0.0005208977429013629	0.0	0.000271649160921933	0.0005208977429013629	278.0	0.0005208977429013629	0.0
ti|699246	Mageeibacillus indolicus UPII9-5	0.00026908260905445663	0.0031759772453878064	1695.0	0.0031759772453878064	0.0	0.0002673884793132123	0.001663562515848658	887.8333333333337	0.0016095365509074487	8.619171285418236e-05
ti|455632	Streptomyces griseus subsp. griseus NBRC 13350	0.00026687292826703944	0.0027768721402151794	1482.0	0.0027768721402151794	0.0	0.00026671363265228166	0.0019449347378835062	1038.0	0.0019130812787852215	9.368664440671996e-05
ti|562	Escherichia coli	0.00025037947530897334	0.02028690597983114	10827.0	0.019752892106712834	0.0005340138731183037	9.050586435042586e-06	0.0010101340961850799	539.1025063294001	0.0	0.012741383639313915
ti|568706	Bordetella pertussis 18323	0.00022562903779697289	0.0010436692186908602	557.0	0.0010436692186908602	0.0	3.0481087430403976e-05	5.99268716392011e-05	31.98261183261179	0.0	0.00048717055091494375
ti|1352	Enterococcus faecium	0.00021615700042205442	0.01896217682792012	10120.0	0.01896217682792012	0.0	4.7453901741796746e-05	0.003033448630363894	1618.9333333334282	0.0	0.01293625185967989
ti|580327	Thermoanaerobacterium thermosaccharolyticum DSM 571	0.00021016635988084788	0.0013172342203584826	703.0	0.0013172342203584826	0.0	0.00013248019034944235	0.0012123051786229562	647.0	0.0013172342203584826	0.0
ti|322159	Streptococcus thermophilus LMD-9	0.0002076222962761498	0.007761001622652681	4142.0	0.007761001622652681	0.0	3.1767323876535396e-05	0.0012280177672705996	655.3857142857154	0.00014427743238634873	0.004234636327183742
ti|515621	Clostridium botulinum Ba4 str. 657	0.00020502904685622194	0.003224694300479301	1721.0	0.002891169846391378	0.00033352445408792305	0.00010273005857304763	0.0012904680947604446	688.7150793650808	7.494931552537597e-06	0.0032115781702623603
ti|446469	Sanguibacter keddieii DSM 10542	0.00020159747458643504	0.002029252717849554	1083.0	0.002029252717849554	0.0	0.00020159747458643504	0.002029252717849554	1083.0	0.002029252717849554	0.0
ti|645462	Peptoclostridium difficile CD196	0.0001994979184099114	0.012919388263686682	6895.0	0.012919388263686682	0.0	7.571202314705544e-05	0.004894283990451456	2612.0499999999993	0.002698175358913535	0.006029672434016496
ti|196627	Corynebacterium glutamicum ATCC 13032	0.00019789215072539855	0.0019215130767818262	1025.5	0.0	0.0038430261535636525	0.00011271418344419333	0.0008284144870840555	442.1198412698379	0.0	0.0031516187178420594
ti|1310161	Corynebacterium glutamicum MB001	0.00019789215072539855	0.0019215130767818262	1025.5	0.0	0.0038430261535636525	0.00011271418344419333	0.0008284144870840555	442.1198412698379	0.0	0.0031516187178420594
ti|266117	Rubrobacter xylanophilus DSM 9941	0.00019287530896918852	0.001150471993314521	614.0	0.001150471993314521	0.0	0.00019287530896918852	0.001150471993314521	614.0	0.001150471993314521	0.0
ti|550542	Geobacillus sp. Y412MC52	0.0001924511961177602	0.0016310844791209945	870.5	0.0002567014056744127	0.0030054675525675763	0.0001804234469753824	0.000713460230852216	380.76944444444257	0.0	0.0023028177195171767
ti|544556	Geobacillus sp. Y412MC61	0.0001924511961177602	0.0016310844791209945	870.5	0.0002567014056744127	0.0030054675525675763	0.0001804234469753824	0.000713460230852216	380.76944444444257	0.0	0.0023028177195171767
ti|266940	Kineococcus radiotolerans SRS30216 = ATCC BAA-149	0.00019108750636765302	0.000854422196989286	456.0	0.000854422196989286	0.0	0.00019108750636765302	0.000854422196989286	456.0	0.000854422196989286	0.0
ti|412694	Bacillus thuringiensis str. Al Hakam	0.00019060088254766665	0.005092805989949297	2718.0	0.005032846537528996	5.9959452420300774e-05	0.00011676791593775297	0.003003142476779751	1602.7591210024925	0.0026644481669271156	0.014761267692722796
ti|398580	Dinoroseobacter shibae DFL 12 = DSM 16493	0.00019025160836046523	0.0004047263038370302	216.0	0.0004047263038370302	0.0	0.00019025160836046523	0.0004047263038370302	216.0	0.0004047263038370302	0.0
ti|935198	Clostridium botulinum B str. Eklund 17B (NRP)	0.00016737252080888926	0.002051737512507167	1095.0	0.002051737512507167	0.0	0.00014629972411454333	0.0015498893873018417	827.1666666666691	0.001446521789639756	0.0002454590083456063
ti|29339	Bacillus thuringiensis serovar kurstaki	0.00015869858755322407	0.0004112843689455006	219.5	1.4989863105075193e-05	0.000807578874785926	0.000124970788886286	0.0008532192707946663	455.35800550748866	0.0	0.006102748016653738
ti|1279365	Bacillus thuringiensis serovar kurstaki str. HD73	0.00015869858755322407	0.0004112843689455006	219.5	1.4989863105075193e-05	0.000807578874785926	0.000124970788886286	0.0008532192707946663	455.35800550748866	0.0	0.006102748016653738
ti|218496	Tropheryma whipplei TW08/27	0.00014696156675260216	0.001755687716181932	937.0	0.001755687716181932	0.0	7.366324378365772e-05	0.0008815913238672348	470.5	0.0014352793923109498	0.0
ti|203120	Leuconostoc mesenteroides subsp. mesenteroides ATCC 8293	0.00014476171731198634	0.0031328813889607153	1672.0	0.0031328813889607153	0.0	3.2714346419430236e-05	0.0012442210954841904	664.0333333333396	0.00016114102837955831	0.002591372584289874
ti|243231	Geobacter sulfurreducens PCA	0.00014082793987166037	0.0009687199031654843	517.0	0.0009687199031654843	0.0	4.736008109444502e-05	0.0004347060300471822	232.00000000000088	7.120184974910716e-05	0.0008975180534163772
ti|633699	Lactobacillus johnsonii FI9785	0.00014058043469964804	0.0019299448747784312	1030.0	0.0019280711418902968	1.8737328881343992e-06	0.00011252581264802037	0.0017605281928096126	939.5833333333334	0.001643263742893868	0.0001948682203659775
ti|479436	Veillonella parvula DSM 2008	0.00013800213667330123	0.0032921486844521394	1757.0	0.0032921486844521394	0.0	0.0001380012664133638	0.003154429317174261	1683.5	0.003159113649394597	0.0
ti|100226	Streptomyces coelicolor A3(2)	0.00013730171931900079	0.00336897173286565	1798.0	0.00336897173286565	0.0	6.906296723899427e-05	0.001623589547568457	866.5000000000001	0.0008675383272062268	0.0015195973722769978
ti|272943	Rhodobacter sphaeroides 2.4.1	0.00013507929036749724	0.0009846466327146268	525.5	0.0010905125408942203	0.0008787807245350332	0.00013344882748284997	0.00042471278797713086	226.66666666666688	0.0	0.0008694120600943612
ti|1063	Rhodobacter sphaeroides	0.00013507929036749724	0.0009846466327146268	525.5	0.0010905125408942203	0.0008787807245350332	0.00013344882748284997	0.00042471278797713086	226.66666666666688	0.0	0.0008694120600943612
ti|272626	Listeria innocua Clip11262	0.00013482332368742504	0.0017538139832937976	936.0	0.0017163393255311095	3.747465776268798e-05	0.00013429206954655143	0.0015327135024939384	818.0	0.001487743913178713	5.808571953216637e-05
ti|1639	Listeria monocytogenes	0.00013420493465417528	0.01667434897150802	8899.0	0.01440525844397726	0.0022690905275307574	8.301493798318698e-06	0.0013247336502101325	707.0024007152465	3.560092487455358e-05	0.012610222337144506
ti|932919	Listeria monocytogenes SLCC2755	0.00013025752910003077	0.005229588490783108	2791.0	0.0	0.010459176981566216	2.170237711001507e-05	0.0010462040616960847	558.3528305028302	0.0	0.007393749976578339
ti|863767	Listeria monocytogenes serotype 7 str. SLCC2482	0.00013025752910003077	0.005229588490783108	2791.0	0.0	0.010459176981566216	2.170237711001507e-05	0.0010462040616960847	558.3528305028302	0.0	0.007393749976578339
ti|391037	Salinispora arenicola CNS-205	0.00011088182917527862	0.0015233448380532666	813.0	0.0015233448380532666	0.0	0.0001108816533213164	0.0015042952203572332	802.8333333333333	0.0015008600433956537	5.621198664403198e-06
ti|269797	Methanosarcina barkeri str. Fusaro	0.00010549128567493546	0.0010745858113450778	573.5	0.0021023283004867957	4.684332220335998e-05	0.0001054603521711847	0.0010717752120128763	572.0	0.0002735650016676223	0.0018756066210225335
ti|1434109	Methanosarcina barkeri str. Wiesmoor	0.00010549128567493546	0.0010745858113450778	573.5	0.0021023283004867957	4.684332220335998e-05	0.0001054603521711847	0.0010717752120128763	572.0	0.0002735650016676223	0.0018756066210225335
ti|218495	Streptococcus uberis 0140J	0.00010137111708826853	0.0019449347378835062	1038.0	0.0019449347378835062	0.0	0.00010137111708826853	0.0019449347378835062	1038.0	0.0019449347378835062	0.0
ti|748671	Lactobacillus crispatus ST1	9.990073622123109e-05	0.005600587602633719	2989.0	0.005600587602633719	0.0	9.990073622123109e-05	0.005600587602633719	2989.0	0.005600587602633719	0.0
ti|272569	Haloarcula marismortui ATCC 43049	9.83614492473276e-05	0.0004290848313827774	229.0	0.0004290848313827774	0.0	9.83614128255023e-05	0.0004290848313827774	229.0	0.0004290848313827774	0.0
ti|762051	Leuconostoc kimchii IMSNU 11154	9.715731293450023e-05	0.0010642802804603387	568.0	0.0010642802804603387	0.0	4.879778732756288e-05	0.0006829756377249884	364.5	0.001056785348907801	7.494931552537597e-06
ti|257314	Lactobacillus johnsonii NCC 533	9.525859363010146e-05	0.002008641656080076	1072.0	0.002008641656080076	0.0	9.588213035796733e-05	0.0016179683489040571	863.5000000000018	0.0012516535692737786	0.0008338111352198076
ti|338966	Pelobacter propionicus DSM 2379	9.146754752318079e-05	0.0014896176460668473	795.0	0.0014896176460668473	0.0	9.146754752318079e-05	0.0014896176460668473	795.0	0.0014896176460668473	0.0
ti|273068	Caldanaerobacter subterraneus subsp. tengcongensis MB4	8.785378809100737e-05	0.0037774455024789486	2016.0	0.0037156123171705135	6.183318530843517e-05	8.78426902232192e-05	0.003705619075100463	1977.6666666666665	0.003704369919841707	3.7474657762687983e-06
ti|350058	Mycobacterium vanbaalenii PYR-1	8.695254793080955e-05	0.0013228554190228858	706.0	0.0013228554190228858	0.0	8.695254793081373e-05	0.0013228554190228858	706.0	0.0013228554190228858	0.0
ti|373903	Halothermothrix orenii H 168	7.867460515612783e-05	0.001356582611009305	724.0	0.001356582611009305	0.0	7.867460515612783e-05	0.001356582611009305	724.0	0.001356582611009305	0.0
ti|522772	Denitrovibrio acetiphilus DSM 12809	7.747962070070163e-05	0.001004320828040038	536.0	0.001004320828040038	0.0	7.747962070070163e-05	0.001004320828040038	536.0	0.001004320828040038	0.0
ti|588	Providencia stuartii	7.725227811934103e-05	0.00026607007011508467	142.0	0.00026607007011508467	0.0	5.163046670959857e-05	0.00011710830550839994	62.5	0.0001705096928202303	0.0
ti|388919	Streptococcus sanguinis SK36	7.397754733636276e-05	0.0023871356994832247	1274.0	0.0023871356994832247	0.0	7.397754710533287e-05	0.0023871356994832247	1274.0	0.0023871356994832247	0.0
ti|324831	Lactobacillus gasseri ATCC 33323 = JCM 1131	7.353203550257228e-05	0.005482542430681252	2926.0	0.005482542430681252	0.0	7.35320355449982e-05	0.0054900373622337895	2930.0	0.0054900373622337895	0.0
ti|478801	Kytococcus sedentarius DSM 20547	7.215678824960366e-05	0.0010867650751179515	580.0	0.0010867650751179515	0.0	7.215678824960366e-05	0.0010867650751179515	580.0	0.0010867650751179515	0.0
ti|568816	Acidaminococcus intestini RyC-MR95	7.15753224606428e-05	0.0004946654824674814	264.0	0.0004946654824674814	0.0	7.15753224606428e-05	0.0004946654824674814	264.0	0.0004946654824674814	0.0
ti|517418	Chloroherpeton thalassium ATCC 35110	6.922446982675209e-05	0.0007494931552537597	400.0	0.0007494931552537597	0.0	6.922446982675209e-05	0.0007494931552537597	400.0	0.0007494931552537597	0.0
ti|269796	Rhodospirillum rubrum ATCC 11170	6.811245001589407e-05	0.0005602461335521853	299.0	0.0011204922671043706	0.0	6.811245001589407e-05	0.0005602461335521853	299.0	0.0011204922671043706	0.0
ti|1036743	Rhodospirillum rubrum F11	6.811245001589407e-05	0.0005602461335521853	299.0	0.0011204922671043706	0.0	6.811245001589407e-05	0.0005602461335521853	299.0	0.0011204922671043706	0.0
ti|265311	Mesoplasma florum L1	6.462414488579902e-05	0.0011354821302094458	606.0	0.0011354821302094458	0.0	6.105068936998809e-05	0.0009724673689417531	519.0	0.0011354821302094458	0.0
ti|708616	Mycoplasma gallisepticum str. F	6.23015471044163e-05	0.001380941138555052	737.0	0.0013753199398906489	5.621198664403198e-06	2.5528895518566007e-05	0.0004529138874381681	241.71742424242566	8.244424707791356e-05	0.0012928756928127353
ti|357809	Lachnoclostridium phytofermentans ISDg	5.906444219179569e-05	0.0022484794657612788	1200.0	0.0022484794657612788	0.0	5.906444219179569e-05	0.0022484794657612788	1200.0	0.0022484794657612788	0.0
ti|293826	Alkaliphilus metalliredigens QYMF	5.875989400086303e-05	0.0026063624473949493	1391.0	0.0026063624473949493	0.0	5.875989400086303e-05	0.0026063624473949493	1391.0	0.0026063624473949493	0.0
ti|441772	Clostridium botulinum F str. Langeland	5.846903224411014e-05	0.0007551143539181629	403.0	0.0005190240100132285	0.00023609034390493429	5.74562132124642e-05	0.0014067824296157324	750.7913419913386	1.6863595993209592e-05	0.005819814350545444
ti|196164	Corynebacterium efficiens YS-314	5.5984060891240764e-05	0.0016114102837955831	860.0	0.0016114102837955831	0.0	5.5984060891240764e-05	0.0016114102837955831	860.0	0.0016114102837955831	0.0
ti|203123	Oenococcus oeni PSU-1	5.3083801103777803e-05	0.006040914831345303	3224.0	0.006040914831345303	0.0	5.3083801103777803e-05	0.006040914831345303	3224.0	0.006040914831345303	0.0
ti|583358	Thermoanaerobacter mathranii subsp. mathranii str. A3	5.177866696612716e-05	0.0033183809448860207	1771.0	0.003112270327191237	0.0002061106176947839	4.458627414297695e-05	0.0017266448564158493	921.5000000000003	0.0012460323706093754	0.0010624065475722043
ti|1415784	Bacillus toyonensis BCT-7112	5.165309437880153e-05	0.002548276727862783	1360.0	0.002475201145225541	7.307558263724157e-05	3.7556507097234345e-05	0.002063075827114771	1101.0511904761906	0.000957477505836678	0.0022072573422223223
ti|471856	Jonesia denitrificans DSM 20603	5.082095156494275e-05	0.0011560931919789243	617.0	0.0011560931919789243	0.0	5.082095156494275e-05	0.0011560931919789243	617.0	0.0011560931919789243	0.0
ti|1299331	Mycobacterium intracellulare 1956	4.992456502999086e-05	0.00013209816861347513	70.5	0.0001948682203659775	6.932811686097277e-05	2.4154020873915314e-05	4.1940387812741605e-05	22.38333333333332	0.0	0.00018737328881343992
ti|1138871	Mycobacterium yongonense 05-1390	4.992456502999086e-05	0.00013209816861347513	70.5	0.0001948682203659775	6.932811686097277e-05	2.4154020873915314e-05	4.1940387812741605e-05	22.38333333333332	0.0	0.00018737328881343992
ti|485915	Desulfohalobium retbaense DSM 5692	4.899464222532039e-05	0.00020048941903038072	107.0	0.00020048941903038072	0.0	4.899464222532039e-05	0.00020048941903038072	107.0	0.00020048941903038072	0.0
ti|691437	Geobacillus sp. C56-T3	4.7128814642024845e-05	0.0008469272654367484	452.0	0.0008319374023316732	1.4989863105075193e-05	3.091441291746727e-05	0.000796096312487727	424.871825396825	0.00035038805008113263	0.0012235475759517626
ti|686990	Treponema pallidum subsp. pallidum str. Mexico A	4.460913701611469e-05	6.495607345532592e-05	34.666666666666714	0.0	0.000389736440731955	2.7338201653891056e-05	3.766073634762424e-05	20.099309024308972	0.0	0.000389736440731955
ti|666714	Treponema pallidum subsp. pallidum str. Chicago	4.460913701611469e-05	6.495607345532592e-05	34.666666666666714	0.0	0.000389736440731955	2.7338201653891056e-05	3.766073634762424e-05	20.099309024308972	0.0	0.000389736440731955
ti|455434	Treponema pallidum subsp. pallidum SS14	4.460913701611469e-05	6.495607345532592e-05	34.666666666666714	0.0	0.000389736440731955	2.7338201653891056e-05	3.766073634762424e-05	20.099309024308972	0.0	0.000389736440731955
ti|243276	Treponema pallidum subsp. pallidum str. Nichols	4.460913701611469e-05	6.495607345532592e-05	34.666666666666714	0.0	0.000389736440731955	2.7338201653891056e-05	3.766073634762424e-05	20.099309024308972	0.0	0.000389736440731955
ti|161	Treponema pallidum subsp. pallidum	4.460913701611469e-05	6.495607345532592e-05	34.666666666666714	0.0	0.000389736440731955	2.7338201653891056e-05	3.766073634762424e-05	20.099309024308972	0.0	0.000389736440731955
ti|1095955	Treponema pallidum subsp. pallidum str. Sea 81-4	4.460913701611469e-05	6.495607345532592e-05	34.666666666666714	0.0	0.000389736440731955	2.7338201653891056e-05	3.766073634762424e-05	20.099309024308972	0.0	0.000389736440731955
ti|369723	Salinispora tropica CNB-440	4.431210694183122e-05	0.0019786619298699255	1056.0	0.0019786619298699255	0.0	4.431228276499495e-05	0.001965545799652985	1049.0	0.001965545799652985	0.0
ti|525904	Thermobaculum terrenum ATCC BAA-798	4.402295256608512e-05	0.001727581722859916	922.0	0.001727581722859916	0.0	4.402295256608512e-05	0.001727581722859916	922.0	0.001727581722859916	0.0
ti|456442	Methanoregula boonei 6A8	4.39860057334029e-05	0.0010436692186908602	557.0	0.0010436692186908602	0.0	4.39860057334029e-05	0.0010436692186908602	557.0	0.0010436692186908602	0.0
ti|710128	Mycoplasma gallisepticum str. R(high)	4.267759413786837e-05	0.000474054420698003	253.0	0.0	0.000948108841396006	1.929628674204352e-05	0.0004862038750840201	259.48409090909104	0.0	0.002023631519185151
ti|710127	Mycoplasma gallisepticum str. R(low)	4.267759413786837e-05	0.000474054420698003	253.0	0.0	0.000948108841396006	1.929628674204352e-05	0.0004862038750840201	259.48409090909104	0.0	0.002023631519185151
ti|279010	Bacillus licheniformis DSM 13 = ATCC 14580	4.2478817484001176e-05	0.0010099420267044412	539.0	0.0020198840534088824	0.0	2.8327158549269987e-05	0.0007254469165226957	387.16666666666356	0.0	0.0020198840534088824
ti|1126218	Bacillus licheniformis WX-02	4.2478817484001176e-05	0.0010099420267044412	539.0	0.0020198840534088824	0.0	2.8327158549269987e-05	0.0007254469165226957	387.16666666666356	0.0	0.0020198840534088824
ti|324602	Chloroflexus aurantiacus J-10-fl	4.1450277898485614e-05	0.002990477689462501	1596.0	0.002990477689462501	0.0	2.0750980679084132e-05	0.0015336503689380057	818.5	0.002975487826357426	0.0
ti|683837	Listeria seeligeri serovar 1/2b str. SLCC3954	4.116281771679327e-05	0.0007757254156876412	414.0	0.0007757254156876412	0.0	4.1162750942335275e-05	0.0007757254156876412	414.0	0.0007757254156876412	0.0
ti|264732	Moorella thermoacetica ATCC 39073	4.042338273943939e-05	0.0032996436160046766	1761.0	0.0032996436160046766	0.0	2.2933970687329417e-05	0.0018193946343785016	971.0	0.0032996436160046766	0.0
ti|138119	Desulfitobacterium hafniense Y51	4.015995691311448e-05	0.0059847028447012705	3194.0	0.0059847028447012705	0.0	1.4680608843724477e-05	0.002338730933206396	1248.1666666666542	0.0010455429515789946	0.004431378280437854
ti|197221	Thermosynechococcus elongatus BP-1	3.992554379617272e-05	0.0011654618564195963	622.0	0.0011654618564195963	0.0	3.992548055737065e-05	0.0011654618564195963	622.0	0.0011654618564195963	0.0
ti|479431	Nakamurella multipartita DSM 44233	3.9753415906755945e-05	0.001191694116853478	636.0	0.001191694116853478	0.0	3.9753415906755945e-05	0.001191694116853478	636.0	0.001191694116853478	0.0
ti|565655	Enterococcus casseliflavus EC20	3.859494900015599e-05	0.004309585642709118	2300.0	0.004309585642709118	0.0	3.794147248370166e-05	0.0038814376777704077	2071.5	0.0039760611886211945	0.0
ti|1344042	Enterococcus faecium T110	3.8105175346759805e-05	0.004401398554227704	2349.0	0.004401398554227704	0.0	3.8209150791020796e-05	0.00523802028877971	2795.499999999998	0.005032846537528996	0.00027918620033202544
ti|909952	Propionibacterium acnes 266	3.755162610069139e-05	0.00675105959594824	3603.0	0.00675105959594824	0.0	5.650128542727163e-06	0.0006531538133917075	348.58427128427394	0.0	0.004727428076763089
ti|469383	Conexibacter woesei DSM 14684	3.665163010530488e-05	0.0004309585642709118	230.0	0.0004309585642709118	0.0	3.665163010530488e-05	0.0004309585642709118	230.0	0.0004309585642709118	0.0
ti|420247	Methanobrevibacter smithii ATCC 35061	3.6593414003073394e-05	0.0008300636694435388	443.0	0.0008300636694435388	0.0	3.6593414003073394e-05	0.0008300636694435388	443.0	0.0008300636694435388	0.0
ti|637909	Streptococcus gallolyticus UCN34	3.611680713405002e-05	0.0016207789482362552	865.0	0.0016207789482362552	0.0	1.4266327790532063e-05	0.000825910228208166	440.783333333329	0.00035038805008113263	0.0012703908981551227
ti|383372	Roseiflexus castenholzii DSM 13941	3.574439686898119e-05	0.0018250158330429048	974.0	0.0018250158330429048	0.0	3.574439686898119e-05	0.0018250158330429048	974.0	0.0018250158330429048	0.0
ti|521096	Tsukamurella paurometabola DSM 20162	3.552771066340219e-05	0.0005171502771250941	276.0	0.0005171502771250941	0.0	3.552771066340219e-05	0.0005171502771250941	276.0	0.0005171502771250941	0.0
ti|290338	Citrobacter koseri ATCC BAA-895	3.527349420538589e-05	0.0009331189782909307	498.0	0.0009331189782909307	0.0	3.4775638737909994e-05	0.0008666014607621596	462.5	0.0009293715125146619	0.0
ti|96561	Desulfococcus oleovorans Hxd3	3.390321030600833e-05	0.000389736440731955	208.0	0.000389736440731955	0.0	3.390321030600833e-05	0.000389736440731955	208.0	0.000389736440731955	0.0
ti|281090	Leifsonia xyli subsp. xyli str. CTCB07	3.268427086907468e-05	0.0014708803171855033	785.0	0.0014708803171855033	0.0	3.267596614525449e-05	0.0014708803171855033	785.0	0.0014708803171855033	0.0
ti|262728	Haemophilus influenzae R2866	3.236776683261592e-05	0.0026419633722695028	1410.0	0.0024152416928052405	0.0002267216794642623	2.5880291674623554e-05	0.0007015746672741131	374.4261904761905	0.00046843322203359976	0.0003204083238709822
ti|189918	Mycobacterium sp. KMS	3.1749261046176866e-05	0.002240047667764674	1195.5	0.004478221602641214	1.8737328881343992e-06	2.5595488331611752e-05	0.0015049197979866344	803.1666666666789	0.0	0.003811172694465368
ti|164756	Mycobacterium sp. MCS	3.1749261046176866e-05	0.002240047667764674	1195.5	0.004478221602641214	1.8737328881343992e-06	2.5595488331611752e-05	0.0015049197979866344	803.1666666666789	0.0	0.003811172694465368
ti|467705	Streptococcus gordonii str. Challis substr. CH1	3.16485200984373e-05	0.0034907643705943854	1863.0	0.0034907643705943854	0.0	3.116726883372358e-05	0.003239187610850023	1728.7349927849923	0.0029192758397133937	0.0010923862737823547
ti|509193	Thermoanaerobacter brockii subsp. finnii Ako-1	3.163222229511759e-05	0.004361113297132814	2327.5	0.0	0.008722226594265628	1.750618003779613e-05	0.00226796628779788	1210.4000000000017	0.0	0.007813466143520444
ti|340099	Thermoanaerobacter pseudethanolicus ATCC 33223	3.163222229511759e-05	0.004361113297132814	2327.5	0.0	0.008722226594265628	1.750618003779613e-05	0.00226796628779788	1210.4000000000017	0.0	0.007813466143520444
ti|439235	Desulfatibacillum alkenivorans AK-01	3.156522453795973e-05	0.0010642802804603387	568.0	0.0010642802804603387	0.0	3.156522453795973e-05	0.0010642802804603387	568.0	0.0010642802804603387	0.0
ti|210007	Streptococcus mutans UA159	3.042063564595756e-05	0.0015420821669346104	823.0	0.003084164333869221	0.0	1.1419211700842578e-05	0.0006293556482428774	335.88333333333424	0.0	0.0024864435425543474
ti|1437447	Streptococcus mutans UA159-FR	3.042063564595756e-05	0.0015420821669346104	823.0	0.003084164333869221	0.0	1.1419211700842578e-05	0.0006293556482428774	335.88333333333424	0.0	0.0024864435425543474
ti|243272	Mycoplasma arthritidis 158L3-1	2.964806110571848e-05	0.0007045235659385341	376.0	0.0007045235659385341	0.0	2.964806110571848e-05	0.0007045235659385341	376.0	0.0007045235659385341	0.0
ti|221109	Oceanobacillus iheyensis HTE831	2.8825803074333063e-05	0.0018325107645954424	978.0	0.0018325107645954424	0.0	2.8825803074333063e-05	0.0018325107645954424	978.0	0.0018325107645954424	0.0
ti|269799	Geobacter metallireducens GS-15	2.847738227459925e-05	0.0009349927111790651	499.0	0.0009349927111790651	0.0	2.8477382315764884e-05	0.0009349927111790651	499.0	0.0009349927111790651	0.0
ti|316056	Rhodopseudomonas palustris BisB18	2.825170069642436e-05	0.000994952163599366	531.0	0.000994952163599366	0.0	2.8251700697539217e-05	0.000994952163599366	531.0	0.000994952163599366	0.0
ti|520450	Brucella abortus bv. 2 str. 86/8/59	2.7425789541590665e-05	0.001527326520440552	815.125	0.0	0.012218612163524416	6.63841380393396e-06	0.00035614987113718685	190.0750493266898	0.0	0.009957016567546197
ti|430066	Brucella abortus S19	2.7425789541590665e-05	0.001527326520440552	815.125	0.0	0.012218612163524416	6.63841380393396e-06	0.00035614987113718685	190.0750493266898	0.0	0.009957016567546197
ti|359391	Brucella abortus 2308	2.7425789541590665e-05	0.001527326520440552	815.125	0.0	0.012218612163524416	6.63841380393396e-06	0.00035614987113718685	190.0750493266898	0.0	0.009957016567546197
ti|262698	Brucella abortus bv. 1 str. 9-941	2.7425789541590665e-05	0.001527326520440552	815.125	0.0	0.012218612163524416	6.63841380393396e-06	0.00035614987113718685	190.0750493266898	0.0	0.009957016567546197
ti|235	Brucella abortus	2.7425789541590665e-05	0.001527326520440552	815.125	0.0	0.012218612163524416	6.63841380393396e-06	0.00035614987113718685	190.0750493266898	0.0	0.009957016567546197
ti|1891098	Brucella sp. 2002734562	2.7425789541590665e-05	0.001527326520440552	815.125	0.0	0.012218612163524416	6.63841380393396e-06	0.00035614987113718685	190.0750493266898	0.0	0.009957016567546197
ti|1210454	Brucella abortus 104M	2.7425789541590665e-05	0.001527326520440552	815.125	0.0	0.012218612163524416	6.63841380393396e-06	0.00035614987113718685	190.0750493266898	0.0	0.009957016567546197
ti|1104320	Brucella abortus A13334	2.7425789541590665e-05	0.001527326520440552	815.125	0.0	0.012218612163524416	6.63841380393396e-06	0.00035614987113718685	190.0750493266898	0.0	0.009957016567546197
ti|746361	Lactococcus lactis subsp. cremoris NZ9000	2.7197746283005584e-05	0.0008225687378910012	439.0	0.0	0.0016451374757820024	1.7516234709474546e-05	0.00044769724473824616	238.93333333333354	0.0	0.0010773964106772795
ti|416870	Lactococcus lactis subsp. cremoris MG1363	2.7197746283005584e-05	0.0008225687378910012	439.0	0.0	0.0016451374757820024	1.7516234709474546e-05	0.00044769724473824616	238.93333333333354	0.0	0.0010773964106772795
ti|315750	Bacillus pumilus SAFR-032	2.7177980060026716e-05	0.0030673007378760114	1637.0	0.0030673007378760114	0.0	2.7151659919043654e-05	0.002557333103488766	1364.8333333333335	0.0025370343305339766	4.684332220335998e-05
ti|319225	Chlorobium luteolum DSM 273	2.714206693997378e-05	0.000455317091816659	243.0	0.000455317091816659	0.0	2.714206693997378e-05	0.000455317091816659	243.0	0.000455317091816659	0.0
ti|272634	Mycoplasma pneumoniae M129	2.662360650759373e-05	0.0015364609682702072	820.0	0.0015364609682702072	0.0	1.4900182016375371e-06	0.000191056459833745	101.9656862745107	1.6863595993209592e-05	0.0015195973722769978
ti|536227	Clostridium carboxidivorans P7	2.520216465474846e-05	0.0032884012186758706	1755.0	0.0032884012186758706	0.0	2.5196339572412544e-05	0.0032884012186758706	1755.0	0.0032884012186758706	0.0
ti|314315	Lactobacillus sakei subsp. sakei 23K	2.518579972234603e-05	0.0009387401769553339	501.0	0.0009387401769553339	0.0	2.518579972234603e-05	0.0009387401769553339	501.0	0.0009387401769553339	0.0
ti|387344	Lactobacillus brevis ATCC 367	2.5038560770508747e-05	0.0008750332587587644	467.0	0.0008750332587587644	0.0	1.0460955334646858e-05	0.0005396350717827068	287.99999999999994	0.0002492064741218751	0.0006258267846368893
ti|290512	Prosthecochloris aestuarii DSM 271	2.497091100394423e-05	0.00018737328881343992	100.0	0.00018737328881343992	0.0	2.497091100394423e-05	0.00018737328881343992	100.0	0.00018737328881343992	0.0
ti|360105	Campylobacter curvus 525.92	2.4953187703992313e-05	0.00035226178296926704	188.0	0.00035226178296926704	0.0	2.4953187703992313e-05	0.00035226178296926704	188.0	0.00035226178296926704	0.0
ti|760570	Streptococcus parasanguinis ATCC 15912	2.4741268206872428e-05	0.0008094526076740604	432.0	0.0007944627445689853	1.4989863105075193e-05	2.007430576274239e-05	0.0007982675984845767	426.0306277056277	0.00077947288146391	0.00046843322203359976
ti|553482	Streptococcus equi subsp. equi 4047	2.4448087811196415e-05	0.0030391947445539956	1622.0	0.0030391947445539956	0.0	1.7369519194498547e-05	0.0019621106226914054	1047.166666666667	0.0018362582303717112	0.000788841545904582
ti|386415	Clostridium novyi NT	2.230357855122953e-05	0.0028780537161744372	1536.0	0.0028780537161744372	0.0	2.2303578464826393e-05	0.002812473065089733	1501.0	0.002812473065089733	0.0
ti|316067	Geobacter daltonii FRC-32	2.2065304375171412e-05	0.0006895337028334588	368.0	0.0006895337028334588	0.0	2.2065304375171412e-05	0.0006895337028334588	368.0	0.0006895337028334588	0.0
ti|552526	Streptococcus equi subsp. zooepidemicus MGCS10565	2.1174478477190853e-05	0.0019880305943105973	1061.0	0.0019880305943105973	0.0	2.0096524052890484e-05	0.001557228174447033	831.0833333333347	0.001066154013348473	0.0011055024039992956
ti|1491	Clostridium botulinum	2.0489684329113057e-05	0.0034720270417130414	1853.0	0.003470153308824907	1.8737328881343992e-06	0.00012954306581767518	0.0028275232905133037	1509.032215007207	0.0002679438030032191	0.008488009983248827
ti|583346	Clostridium kluyveri NBRC 12016	2.0440530711285696e-05	0.0024058730283645683	1284.0	0.004798629926512196	1.3116130216940794e-05	2.0293396856538145e-05	0.0023936937645916935	1277.4999999999993	0.004463231739536139	0.00034851431719299823
ti|431943	Clostridium kluyveri DSM 555	2.0440530711285696e-05	0.0024058730283645683	1284.0	0.004798629926512196	1.3116130216940794e-05	2.0293396856538145e-05	0.0023936937645916935	1277.4999999999993	0.004463231739536139	0.00034851431719299823
ti|643648	Syntrophothermus lipocalidus DSM 12680	1.9367494102632787e-05	0.0009986996293756348	533.0	0.0009986996293756348	0.0	1.9367494102632787e-05	0.0009986996293756348	533.0	0.0009986996293756348	0.0
ti|205913	Bifidobacterium longum DJO10A	1.8331739306638015e-05	0.006117737879758813	3265.0	0.006117737879758813	0.0	2.6289061744550097e-06	0.0008320603576030849	444.0656204906208	7.682304841351036e-05	0.004273984717834564
ti|457570	Natranaerobius thermophilus JW/NM-WN-LF	1.7255924541290687e-05	0.002136055492473215	1140.0	0.002136055492473215	0.0	1.7255924541290687e-05	0.002136055492473215	1140.0	0.002136055492473215	0.0
ti|86662	Bacillus weihenstephanensis	1.693353984104412e-05	0.0044238833488853165	2361.0	0.00436579762935315	5.808571953216637e-05	1.7149848393438917e-05	0.002205530437562606	1177.0783613445376	0.0009743411018298875	0.002801230667760927
ti|188937	Methanosarcina acetivorans C2A	1.6732653814700027e-05	0.002033000183625823	1085.0	0.002033000183625823	0.0	1.673262968865163e-05	0.002033000183625823	1085.0	0.002033000183625823	0.0
ti|227882	Streptomyces avermitilis MA-4680 = NBRC 14893	1.646044629272143e-05	0.0014371531251990842	767.0	0.0014371531251990842	0.0	1.6460446006227717e-05	0.0013013074908093402	694.5	0.001300370624365273	1.8737328881343992e-06
ti|399550	Staphylothermus marinus F1	1.622688343114976e-05	0.0008956443205282427	478.0	0.0008956443205282427	0.0	1.6226883426717752e-05	0.0008956443205282427	478.0	0.0008956443205282427	0.0
ti|1680	Bifidobacterium adolescentis	1.6066196283227053e-05	0.003576956083448568	1909.0	0.003576956083448568	0.0	9.108306355428684e-06	0.0011804517195246715	630.0	0.0018662379565818614	1.1242397328806395e-05
ti|267377	Methanococcus maripaludis S2	1.4437808388599271e-05	0.0005377613388945726	287.0	0.0005377613388945726	0.0	1.4417204155056097e-05	0.0005274558080098333	281.5	0.0005246452086776317	9.368664440671995e-06
ti|546269	Filifactor alocis ATCC 35896	1.4352894622743559e-05	0.002201636143557919	1175.0	0.002201636143557919	0.0	1.3782540233062767e-05	0.001807839948235009	964.833333333335	0.0020180103205207477	9.556037729485435e-05
ti|491916	Rhizobium etli CIAT 652	1.4338443522488807e-05	0.0001723834257083647	92.0	0.0001723834257083647	0.0	1.4322224663239822e-05	0.0001723834257083647	92.0	0.0001723834257083647	0.0
ti|267748	Mycoplasma mobile 163K	1.4157033771123707e-05	0.0009593512387248124	512.0	0.0009593512387248124	0.0	1.4157033771123707e-05	0.0009593512387248124	512.0	0.0009593512387248124	0.0
ti|458233	Macrococcus caseolyticus JCSC5402	1.3957680208054767e-05	0.0003841152420675518	205.0	0.0003841152420675518	0.0	1.3957680208054767e-05	0.0003841152420675518	205.0	0.0003841152420675518	0.0
ti|94624	Bordetella petrii	1.3808302326030274e-05	0.00016301476126769272	87.0	0.00016301476126769272	0.0	1.3808302401413976e-05	0.0001723834257083647	92.0	0.0001723834257083647	0.0
ti|357808	Roseiflexus sp. RS-1	1.3204371630290314e-05	0.0024377264874628534	1301.0	0.0024377264874628534	0.0	1.3204371630290314e-05	0.0024377264874628534	1301.0	0.0024377264874628534	0.0
ti|522306	Candidatus Accumulibacter phosphatis clade IIA str. UW-1	1.303354428361224e-05	0.0005808571953216637	310.0	0.0005808571953216637	0.0	1.303354428361224e-05	0.0005808571953216637	310.0	0.0005808571953216637	0.0
ti|469371	Thermobispora bispora DSM 43833	1.2827285079764834e-05	0.0005883521268742014	314.0	0.0005883521268742014	0.0	1.2827285081473711e-05	0.000595847058426739	318.0	0.000595847058426739	0.0
ti|362948	Lactobacillus salivarius UCC118	1.2623918788995063e-05	0.002111696964927468	1127.0	0.002111696964927468	0.0	4.180124082466652e-06	0.0008527358373899626	455.09999999999866	0.0004047263038370302	0.0010942600066704891
ti|498761	Heliobacterium modesticaldum Ice1	1.2318593756452733e-05	0.001995525525863135	1065.0	0.001995525525863135	0.0	1.2318593756452733e-05	0.001995525525863135	1065.0	0.001995525525863135	0.0
ti|420246	Geobacillus thermodenitrificans NG80-2	1.192663876836546e-05	0.0029005385108320497	1548.0	0.0029005385108320497	0.0	1.1580146789257569e-05	0.0025876251185136053	1381.0	0.0027899882704321205	8.057051418977916e-05
ti|485916	Desulfotomaculum acetoxidans DSM 771	1.1616329207523077e-05	0.0015833042904735673	845.0	0.0015833042904735673	0.0	1.1616329207523077e-05	0.0015833042904735673	845.0	0.0015833042904735673	0.0
ti|321332	Synechococcus sp. JA-2-3B'a(2-13)	1.1333940317070173e-05	0.0007401244908130876	395.0	0.0007401244908130876	0.0	1.1333940317070171e-05	0.0007401244908130876	395.0	0.0007401244908130876	0.0
ti|298386	Photobacterium profundum SS9	1.0997447077332356e-05	0.0011617143906433275	620.0	0.0011617143906433275	0.0	1.0997447077332356e-05	0.0011617143906433275	620.0	0.0011617143906433275	0.0
ti|28031	Lysinibacillus fusiformis	1.0156771843804159e-05	0.0019130812787852215	1021.0	0.0019130812787852215	0.0	1.0154920490046798e-05	0.0019118321235264653	1020.3333333333334	0.0019112075458970871	1.8737328881343992e-06
ti|218493	Salmonella bongori NCTC 12419	9.9197338356544e-06	0.0002473327412337407	132.0	0.0002473327412337407	0.0	4.1913796462818e-06	0.00017706775792870059	94.49999999999993	0.00011429770617619835	0.00013678250083381114
ti|349307	Methanosaeta thermophila PT	9.402347592037805e-06	0.0004122212353895678	220.0	0.0004122212353895678	0.0	9.402347592037805e-06	0.0004122212353895678	220.0	0.0004122212353895678	0.0
ti|469604	Fusobacterium nucleatum subsp. vincentii 3_1_36A2	9.323844798684572e-06	0.0006426903806300989	343.0	0.00063894291485383	3.7474657762687983e-06	9.213957989712934e-06	0.0003766203105150149	201.00000000000034	0.0002773124674438911	0.0002379640767930687
ti|477974	Candidatus Desulforudis audaxviator MP104C	9.319963218070927e-06	0.0010005733622637692	534.0	0.0010005733622637692	0.0	9.319963218070927e-06	0.0010005733622637692	534.0	0.0010005733622637692	0.0
ti|177437	Desulfobacterium autotrophicum HRM2	9.297848212367725e-06	0.00037849404340314864	202.0	0.00037849404340314864	0.0	9.297848212367725e-06	0.00037849404340314864	202.0	0.00037849404340314864	0.0
ti|512564	Mycoplasma crocodyli MP145	9.080796295845409e-06	0.0003916101736200894	209.0	0.0003916101736200894	0.0	9.080796295845409e-06	0.0003916101736200894	209.0	0.0003916101736200894	0.0
ti|999378	Lactobacillus casei LC2W	8.805360504636888e-06	0.0002164161485795231	115.5	0.0	0.0008656645943180924	3.5262387837205496e-05	0.0005218807091228346	278.5246031746021	0.0	0.002660700701150847
ti|998820	Lactobacillus casei BD-II	8.805360504636888e-06	0.0002164161485795231	115.5	0.0	0.0008656645943180924	3.5262387837205496e-05	0.0005218807091228346	278.5246031746021	0.0	0.002660700701150847
ti|543734	Lactobacillus casei BL23	8.805360504636888e-06	0.0002164161485795231	115.5	0.0	0.0008656645943180924	3.5262387837205496e-05	0.0005218807091228346	278.5246031746021	0.0	0.002660700701150847
ti|1215914	Lactobacillus casei W56	8.805360504636888e-06	0.0002164161485795231	115.5	0.0	0.0008656645943180924	3.5262387837205496e-05	0.0005218807091228346	278.5246031746021	0.0	0.002660700701150847
ti|262768	Onion yellows phytoplasma OY-M	8.167098220673917e-06	0.001182325452412806	631.0	0.001182325452412806	0.0	7.66660287155005e-06	0.0010727120784569434	572.5	0.001004320828040038	0.00015177236393888632
ti|1307427	Fusobacterium nucleatum subsp. vincentii ChDC F8	8.161592500379535e-06	0.00031478712520657907	168.0	0.00031478712520657907	0.0	8.122030755528732e-06	0.00018752943322078433	100.08333333333327	0.00010305530884739195	0.0002061106176947839
ti|350688	Alkaliphilus oremlandii OhILAs	8.000354672560614e-06	0.002008641656080076	1072.0	0.002008641656080076	0.0	8.000354672560614e-06	0.002008641656080076	1072.0	0.002008641656080076	0.0
ti|203119	Ruminiclostridium thermocellum ATCC 27405	7.924007816860392e-06	0.002267216794642623	1210.0	0.002267216794642623	0.0	2.2854564620503047e-06	0.0009916731310451307	529.25	0.0002154792821354559	0.0018343844974835768
ti|194439	Chlorobium tepidum TLS	7.575355685562919e-06	0.0005883521268742014	314.0	0.0005883521268742014	0.0	7.575355692106344e-06	0.0005883521268742014	314.0	0.0005883521268742014	0.0
ti|403833	Petrotoga mobilis SJ95	7.5470152147990556e-06	0.0009986996293756348	533.0	0.0009986996293756348	0.0	7.5470152147990556e-06	0.0009986996293756348	533.0	0.0009986996293756348	0.0
ti|235909	Geobacillus kaustophilus HTA426	7.379172137296174e-06	0.0006801650383927868	363.0	0.0006426903806300989	3.747465776268798e-05	1.872032719932758e-05	0.0009755954619022199	520.6694444444433	0.0001986156861422463	0.00219788867778165
ti|526225	Geodermatophilus obscurus DSM 43160	7.291161644274697e-06	0.0011767042537484027	628.0	0.0011767042537484027	0.0	7.291161644274691e-06	0.0011767042537484027	628.0	0.0011767042537484027	0.0
ti|521460	Caldicellulosiruptor bescii DSM 6725	7.029802486762504e-06	0.0006277005175250237	335.0	0.0006277005175250237	0.0	6.513849530898727e-06	0.0006211424524165533	331.5	0.0006145843873080829	1.3116130216940794e-05
ti|644283	Micromonospora aurantiaca ATCC 27029	7.017296075620179e-06	0.0013434664807923642	717.0	0.0013415927479042298	1.8737328881343992e-06	6.3105259873323015e-06	0.0006136475208640157	327.5	0.00048529681802680935	0.0002735650016676223
ti|262723	Mycoplasma synoviae 53	7.011092206024615e-06	0.0007925890116808509	423.0	0.0007925890116808509	0.0	5.591844147963241e-06	0.0006070894557555453	324.0	0.0007925890116808509	0.0
ti|309798	Coprothermobacter proteolyticus DSM 5265	6.799160611972579e-06	0.0006539327779589053	349.0	0.0006539327779589053	0.0	6.799160611972579e-06	0.0006539327779589053	349.0	0.0006539327779589053	0.0
ti|402880	Methanococcus maripaludis C5	6.786568528303348e-06	0.0007775991485757756	415.0	0.0007775991485757756	0.0	6.784444993515738e-06	0.0007775991485757756	415.0	0.0007775991485757756	0.0
ti|374847	Candidatus Korarchaeum cryptofilum OPF8	6.616605374683172e-06	0.0014015522003245305	748.0	0.0014015522003245305	0.0	6.616605374683172e-06	0.0014015522003245305	748.0	0.0014015522003245305	0.0
ti|273057	Sulfolobus solfataricus P2	6.545884615463176e-06	0.00033820878630825906	180.5	0.0006764175726165181	0.0	4.348156266126381e-06	0.00021453498024341877	114.49603174603114	0.0	0.0006764175726165181
ti|2287	Sulfolobus solfataricus	6.545884615463176e-06	0.00033820878630825906	180.5	0.0006764175726165181	0.0	4.348156266126381e-06	0.00021453498024341877	114.49603174603114	0.0	0.0006764175726165181
ti|378753	Kocuria rhizophila DC2201	6.484287216836649e-06	0.000474054420698003	253.0	0.000474054420698003	0.0	6.484287216836649e-06	0.000474054420698003	253.0	0.000474054420698003	0.0
ti|45361	Mycoplasma conjunctivae	6.446335985323045e-06	0.00033727191986419186	180.0	0.00033727191986419186	0.0	6.446335985323045e-06	0.00033727191986419186	180.0	0.00033727191986419186	0.0
ti|311403	Agrobacterium radiobacter K84	6.435326939746291e-06	0.00033165072119978865	177.0	0.00033165072119978865	0.0	6.43532693974629e-06	0.00033165072119978865	177.0	0.00033165072119978865	0.0
ti|479432	Streptosporangium roseum DSM 43021	6.322798628204158e-06	0.001422163262094009	759.0	0.001422163262094009	0.0	6.322798628237976e-06	0.001422163262094009	759.0	0.001422163262094009	0.0
ti|386043	Listeria welshimeri serovar 6b str. SLCC5334	6.151819970704578e-06	0.0015383347011583416	821.0	0.001530839769605804	7.494931552537597e-06	6.151951554270473e-06	0.0015477033655990136	826.0	0.0015477033655990136	0.0
ti|443144	Geobacter sp. M21	6.136495405315194e-06	0.00040097883806076144	214.0	0.00040097883806076144	0.0	6.2302875464395676e-06	0.00046468575625733096	248.0	0.00046468575625733096	0.0
ti|272632	Mycoplasma mycoides subsp. mycoides SC str. PG1	5.957253403379676e-06	0.0019093338130089527	1019.0	0.0019074600801208183	1.8737328881343992e-06	2.0727547830513157e-06	0.0005438821996624806	290.26666666666796	0.00013116130216940793	0.0010492904173552634
ti|405948	Saccharopolyspora erythraea NRRL 2338	5.954780771160341e-06	0.000788841545904582	421.0	0.000788841545904582	0.0	5.9547807711599825e-06	0.000788841545904582	421.0	0.000788841545904582	0.0
ti|246196	Mycobacterium smegmatis str. MC2 155	5.9532096492765535e-06	0.0007775991485757756	415.0	0.0015383347011583416	1.6863595993209592e-05	5.953209454595815e-06	0.0007775991485757756	415.0	0.0006202055859724861	0.0009349927111790651
ti|1772	Mycobacterium smegmatis	5.9532096492765535e-06	0.0007775991485757756	415.0	0.0015383347011583416	1.6863595993209592e-05	5.953209454595815e-06	0.0007775991485757756	415.0	0.0006202055859724861	0.0009349927111790651
ti|634956	Geobacillus thermoglucosidasius C56-YS93	5.841380129746882e-06	0.0023309237128391926	1244.0	0.0023309237128391926	0.0	2.841702362866754e-06	0.0008047682754537187	429.499999999997	0.0001817520901490367	0.001680738400656556
ti|759913	Streptococcus dysgalactiae subsp. equisimilis AC-2713	5.833826588309404e-06	0.0009912046978230971	529.0	0.0009893309649349627	1.8737328881343992e-06	1.1412435427353779e-05	0.00016012014137344459	85.45515873015914	0.0	0.000723260894819878
ti|96241	Bacillus subtilis subsp. spizizenii	5.737708675091292e-06	0.00030822906009810865	164.5	0.0	0.0006164581201962173	5.4134664867169665e-06	0.0003803677762912835	203.00000000000026	0.0	0.0007869678130164476
ti|655816	Bacillus subtilis subsp. spizizenii str. W23	5.737708675091292e-06	0.00030822906009810865	164.5	0.0	0.0006164581201962173	5.4134664867169665e-06	0.0003803677762912835	203.00000000000026	0.0	0.0007869678130164476
ti|347257	Mycoplasma agalactiae PG2	5.595718990492652e-06	0.001023058156921382	546.0	0.001023058156921382	0.0	5.308320949642827e-06	0.0006839125041690556	365.0	0.0006839125041690556	1.8737328881343992e-06
ti|1195464	Bacillus thuringiensis MC28	5.398805317463003e-06	0.001066154013348473	569.0	0.0010605328146840699	5.621198664403198e-06	2.141882762675462e-05	0.0025424304829731906	1356.8798941798939	0.0014483955225278904	0.0021885200133409783
ti|65393	Cyanothece sp. PCC 7424	5.345548582265818e-06	0.0013978047345482617	746.0	0.0013978047345482617	0.0	5.345548582265818e-06	0.0013978047345482617	746.0	0.0013978047345482617	0.0
ti|727	Haemophilus influenzae	5.263982607751645e-06	0.00026513320367101747	141.5	0.0	0.0005302664073420349	4.8896452427759704e-06	0.0003108076734536845	165.8761904761907	0.0	0.0010061945609281724
ti|281310	Haemophilus influenzae 86-028NP	5.263982607751645e-06	0.00026513320367101747	141.5	0.0	0.0005302664073420349	4.8896452427759704e-06	0.0003108076734536845	165.8761904761907	0.0	0.0010061945609281724
ti|446471	Xylanimonas cellulosilytica DSM 15894	5.254398374796654e-06	0.0004028525709488958	215.0	0.0004028525709488958	0.0	5.254398374796654e-06	0.0004028525709488958	215.0	0.0004028525709488958	0.0
ti|360911	Exiguobacterium sp. AT1b	5.241597310868414e-06	0.0008525484641011516	455.0	0.0008525484641011516	0.0	5.241597310868414e-06	0.0008525484641011516	455.0	0.0008525484641011516	0.0
ti|373153	Streptococcus pneumoniae D39	5.1460128583974035e-06	0.0004253373656065086	227.0	0.0004253373656065086	0.0	2.6807893783669667e-05	0.0020384679952425043	1087.918138252953	1.4989863105075193e-05	0.022612208494005928
ti|365659	Streptococcus mitis B6	5.116033488200698e-06	0.0004140949682777022	221.0	0.0004140949682777022	0.0	5.444706208254348e-06	0.0009642817518678967	514.6313852813853	0.0008769069916468988	0.00011055024039992955
ti|207559	Desulfovibrio alaskensis G20	5.105869668803968e-06	0.0006295742504131581	336.0	0.0006295742504131581	0.0	5.105869668803968e-06	0.0006295742504131581	336.0	0.0006295742504131581	0.0
ti|617121	Streptococcus dysgalactiae subsp. equisimilis RE378	4.955815878875214e-06	0.0005714885308809917	305.0	0.0005714885308809917	0.0	3.3289392709730714e-06	0.0008056426841348486	429.96666666666385	0.0003878627078438206	0.001216052644399225
ti|187420	Methanothermobacter thermautotrophicus str. Delta H	4.874956138212957e-06	0.0008281899365554044	442.0	0.0008281899365554044	0.0	2.532284248108063e-06	0.0006989023672741309	373.0	0.0008281899365554044	0.0
ti|429009	Ammonifex degensii KC4	4.862520323245004e-06	0.0004515696260403902	241.0	0.0004515696260403902	0.0	4.862520323245004e-06	0.0004515696260403902	241.0	0.0004515696260403902	0.0
ti|290340	Paenarthrobacter aurescens TC1	4.804634079085534e-06	0.00046843322203359976	250.0	0.00046843322203359976	0.0	4.6348137559333e-06	0.0004066000367251646	217.0	0.00046843322203359976	0.0
ti|316055	Rhodopseudomonas palustris BisA53	4.734994801955697e-06	0.0006576802437351741	351.0	0.0006576802437351741	0.0	4.734994800840834e-06	0.0006576802437351741	351.0	0.0006576802437351741	0.0
ti|295358	Mycoplasma hyopneumoniae 232	4.71801311118365e-06	0.0020386213822902264	1088.0	0.0020386213822902264	0.0	2.3474457955514777e-06	0.000480674943569411	256.53333333333325	2.623226043388159e-05	0.0011092498697755644
ti|262727	Haemophilus influenzae R2846	4.711082792716165e-06	0.0002098580834710527	112.0	0.0002079843505829183	1.8737328881343992e-06	6.1129519625571145e-06	0.0004569409936530418	243.8666666666665	0.00030167099498963824	0.000417842434053971
ti|351627	Caldicellulosiruptor saccharolyticus DSM 8903	4.710881304503213e-06	0.0016545061402226744	883.0	0.0016545061402226744	0.0	4.710867913330403e-06	0.0016545061402226744	883.0	0.0016545061402226744	0.0
ti|216596	Rhizobium leguminosarum bv. viciae 3841	4.7011454033003395e-06	0.0003466405843048638	185.0	0.0003466405843048638	0.0	4.690360415772709e-06	0.0003466405843048638	185.0	0.0003466405843048638	0.0
ti|398578	Delftia acidovorans SPH-1	4.700647509774468e-06	0.0003841152420675518	205.0	0.0003841152420675518	0.0	4.4036274405943995e-06	0.0003719359782946782	198.5	0.00037287284473874543	0.0
ti|311402	Agrobacterium vitis S4	4.606418779120196e-06	0.0002211004807998591	118.0	0.0002211004807998591	0.0	4.606418779120196e-06	0.0002211004807998591	118.0	0.0002211004807998591	0.0
ti|471223	Geobacillus sp. WCH70	4.34981870108236e-06	0.00101368949248071	541.0	0.00101368949248071	0.0	4.34981870732843e-06	0.00101368949248071	541.0	0.00101368949248071	0.0
ti|240292	Anabaena variabilis ATCC 29413	4.334474415635373e-06	0.0012216738430636282	652.0	0.0012216738430636282	0.0	4.30962619932688e-06	0.0012216738430636282	652.0	0.0012216738430636282	0.0
ti|224325	Archaeoglobus fulgidus DSM 4304	4.304185547890212e-06	0.0006595539766233085	352.0	0.0006595539766233085	0.0	2.1524010609514615e-06	0.00034851431719299823	186.0	0.0006595539766233085	0.0
ti|525919	Anaerococcus prevotii DSM 20548	4.13946259733921e-06	0.0010417954858027258	556.0	0.0010417954858027258	0.0	4.13946259733921e-06	0.0010417954858027258	556.0	0.0010417954858027258	0.0
ti|290317	Chlorobium phaeobacteroides DSM 266	4.063207099770748e-06	0.00047218068780986857	252.0	0.00047218068780986857	0.0	4.063207099770748e-06	0.00047218068780986857	252.0	0.00047218068780986857	0.0
ti|290315	Chlorobium limicola DSM 245	3.981235197598729e-06	0.0009143816494095868	488.0	0.0009143816494095868	0.0	3.981235197598729e-06	0.0009143816494095868	488.0	0.0009143816494095868	0.0
ti|521011	Methanosphaerula palustris E1-9c	3.971867034630618e-06	0.0009387401769553339	501.0	0.0009387401769553339	0.0	3.971867034630618e-06	0.0009387401769553339	501.0	0.0009387401769553339	0.0
ti|368408	Thermofilum pendens Hrk 5	3.926403879355025e-06	0.00202737898496142	1082.0	0.00202737898496142	0.0	3.926403879355025e-06	0.00202737898496142	1082.0	0.00202737898496142	0.0
ti|504474	Corynebacterium urealyticum DSM 7109	3.868124714145351e-06	0.00110737613688743	591.0	0.00110737613688743	0.0	2.877309818216374e-06	0.0008319374023316732	444.0	0.00110737613688743	0.0
ti|1069534	Lactobacillus ruminis ATCC 27782	3.8538495003803574e-06	0.0008993917863045116	480.0	0.0008993917863045116	0.0	3.8538495003803574e-06	0.0008993917863045116	480.0	0.0008993917863045116	0.0
ti|381764	Fervidobacterium nodosum Rt17-B1	3.832926675084382e-06	0.0010080682938163068	538.0	0.0010080682938163068	0.0	3.832926675084382e-06	0.0010080682938163068	538.0	0.0010080682938163068	0.0
ti|272563	Peptoclostridium difficile 630	3.7236735311003152e-06	0.0012272950417280314	655.0	0.0012272950417280314	0.0	3.207038810391398e-05	0.002385667942054224	1273.216666666687	0.00031291339231844466	0.007011508467398921
ti|465541	Streptomyces sp. Mg1	3.7105204828558415e-06	0.001122365999992505	599.0	0.001122365999992505	0.0	3.7105204895457255e-06	0.0011055024039992956	590.0	0.0011036286711111612	1.8737328881343992e-06
