Total Number of Aligned Reads:	539976	Total Number of Mapped Genomes:	3741
Genome	Tax Names	Final Guess	Final Best Hit	Final Best Hit Read Numbers	Final High Confidence Hits	Final Low Confidence Hits	Initial Guess	Initial Best Hit	Initial Best Hit Read Numbers	Initial High Confidence Hits	Initial Low Confidence Hits
ti|434923	Coxiella burnetii CbuG_Q212	0.32203238222438574	0.0014630279864290266	790.0	0.0014630279864290266	0.0	0.0815056957383847	0.0002252598645771678	121.63492063492076	5.555802480110227e-06	0.0008926322651377098
ti|523791	Kangiella koreensis DSM 16069	0.11499948321016792	0.00155192082611079	838.0	0.00155192082611079	0.0	0.11499948321016792	0.00155192082611079	838.0	0.00155192082611079	0.0
ti|634452	Acetobacter pasteurianus IFO 3283-01	0.05806383600037335	0.0058669274189964	3168.0	0.0058669274189964	0.0	0.007251886610294892	0.0010229541814278987	552.3707070707111	0.00011481991792227802	0.0055632102167503744
ti|395019	Burkholderia multivorans ATCC 17616	0.029310029086025344	0.009087440923300294	4907.0	0.009018919359378935	6.852156392135947e-05	0.02457072243466407	0.0031394693379670512	1695.2380952380965	0.0026797487295731662	0.0013815428833874098
ti|321967	Lactobacillus paracasei ATCC 334	0.029130171571810953	0.0010963450227417515	592.0	0.0010963450227417515	0.0	0.008354904513258779	0.00025299999437738876	136.61392496392486	5.1854156481028786e-05	0.00046113160584914883
ti|522772	Denitrovibrio acetiphilus DSM 12809	0.029053453004667815	0.0005315051039305451	287.0	0.0005315051039305451	0.0	0.029053453004667815	0.0005315051039305451	287.0	0.0005315051039305451	0.0
ti|562	Escherichia coli	0.02082746513930295	0.05420426093011541	29269.0	0.05419314932515519	1.1111604960220454e-05	0.0017138026168207158	0.0022273269889946435	1202.7031182093717	1.481547328029394e-05	0.03304776508585567
ti|313596	Robiginitalea biformata HTCC2501	0.014660999240868557	0.0019130479873179548	1033.0	0.0019130479873179548	0.0	0.014660999240868557	0.0019130479873179548	1033.0	0.0019130479873179548	0.0
ti|208435	Streptococcus agalactiae 2603V/R	0.014617461269332464	0.0017426700445945745	941.0	0.0017426700445945745	0.0	0.0018078140433092204	0.00018410797681543044	99.41388888888886	1.2963539120257197e-05	0.0007704046105752848
ti|160488	Pseudomonas putida KT2440	0.010722980220056673	0.005561358282590337	3003.0	0.005561358282590337	0.0	0.002366172523149247	0.0016704549324667434	902.0055726136623	0.0011185682326621924	0.0026760448612530925
ti|216895	Vibrio vulnificus CMCP6	0.007984882153557457	0.0031501400062224987	1701.0	0.0031501400062224987	0.0	0.007460933030428726	0.0013722832125872264	741.0000000000002	0.0011167162985021557	0.0005500244455309125
ti|482957	Burkholderia lata	0.007685567841571079	0.004357601078566455	2353.0	0.0041538883209624134	0.00020371275760404167	0.007641258762378012	0.0017255396536142347	931.75	0.0017167429663540602	1.1111604960220454e-05
ti|998092	Mycobacterium bovis BCG str. ATCC 35743	0.007370009187269608	8.285911870873956e-05	44.74193548387036	0.0	0.002568632679970962	0.005332145364380282	6.170539187284566e-05	33.319430681931706	0.0	0.0025501133383705943
ti|83332	Mycobacterium tuberculosis H37Rv	0.007370009187269608	8.285911870873956e-05	44.74193548387036	0.0	0.002568632679970962	0.005332145364380282	6.170539187284566e-05	33.319430681931706	0.0	0.0025501133383705943
ti|83331	Mycobacterium tuberculosis CDC1551	0.007370009187269608	8.285911870873956e-05	44.74193548387036	0.0	0.002568632679970962	0.005332145364380282	6.170539187284566e-05	33.319430681931706	0.0	0.0025501133383705943
ti|717522	Mycobacterium bovis BCG str. Mexico	0.007370009187269608	8.285911870873956e-05	44.74193548387036	0.0	0.002568632679970962	0.005332145364380282	6.170539187284566e-05	33.319430681931706	0.0	0.0025501133383705943
ti|659019	Mycobacterium tuberculosis W-148	0.007370009187269608	8.285911870873956e-05	44.74193548387036	0.0	0.002568632679970962	0.005332145364380282	6.170539187284566e-05	33.319430681931706	0.0	0.0025501133383705943
ti|652616	Mycobacterium tuberculosis str. Erdman = ATCC 35801	0.007370009187269608	8.285911870873956e-05	44.74193548387036	0.0	0.002568632679970962	0.005332145364380282	6.170539187284566e-05	33.319430681931706	0.0	0.0025501133383705943
ti|561275	Mycobacterium bovis BCG str. Tokyo 172	0.007370009187269608	8.285911870873956e-05	44.74193548387036	0.0	0.002568632679970962	0.005332145364380282	6.170539187284566e-05	33.319430681931706	0.0	0.0025501133383705943
ti|478435	Mycobacterium tuberculosis KZN 605	0.007370009187269608	8.285911870873956e-05	44.74193548387036	0.0	0.002568632679970962	0.005332145364380282	6.170539187284566e-05	33.319430681931706	0.0	0.0025501133383705943
ti|478434	Mycobacterium tuberculosis KZN 1435	0.007370009187269608	8.285911870873956e-05	44.74193548387036	0.0	0.002568632679970962	0.005332145364380282	6.170539187284566e-05	33.319430681931706	0.0	0.0025501133383705943
ti|478433	Mycobacterium tuberculosis KZN 4207	0.007370009187269608	8.285911870873956e-05	44.74193548387036	0.0	0.002568632679970962	0.005332145364380282	6.170539187284566e-05	33.319430681931706	0.0	0.0025501133383705943
ti|443149	Mycobacterium tuberculosis CCDC5079	0.007370009187269608	8.285911870873956e-05	44.74193548387036	0.0	0.002568632679970962	0.005332145364380282	6.170539187284566e-05	33.319430681931706	0.0	0.0025501133383705943
ti|419947	Mycobacterium tuberculosis H37Ra	0.007370009187269608	8.285911870873956e-05	44.74193548387036	0.0	0.002568632679970962	0.005332145364380282	6.170539187284566e-05	33.319430681931706	0.0	0.0025501133383705943
ti|413996	Mycobacterium bovis BCG str. Moreau RDJ	0.007370009187269608	8.285911870873956e-05	44.74193548387036	0.0	0.002568632679970962	0.005332145364380282	6.170539187284566e-05	33.319430681931706	0.0	0.0025501133383705943
ti|410289	Mycobacterium bovis BCG str. Pasteur 1173P2	0.007370009187269608	8.285911870873956e-05	44.74193548387036	0.0	0.002568632679970962	0.005332145364380282	6.170539187284566e-05	33.319430681931706	0.0	0.0025501133383705943
ti|395095	Mycobacterium tuberculosis str. Haarlem	0.007370009187269608	8.285911870873956e-05	44.74193548387036	0.0	0.002568632679970962	0.005332145364380282	6.170539187284566e-05	33.319430681931706	0.0	0.0025501133383705943
ti|33892	Mycobacterium bovis BCG	0.007370009187269608	8.285911870873956e-05	44.74193548387036	0.0	0.002568632679970962	0.005332145364380282	6.170539187284566e-05	33.319430681931706	0.0	0.0025501133383705943
ti|336982	Mycobacterium tuberculosis F11	0.007370009187269608	8.285911870873956e-05	44.74193548387036	0.0	0.002568632679970962	0.005332145364380282	6.170539187284566e-05	33.319430681931706	0.0	0.0025501133383705943
ti|233413	Mycobacterium bovis AF2122/97	0.007370009187269608	8.285911870873956e-05	44.74193548387036	0.0	0.002568632679970962	0.005332145364380282	6.170539187284566e-05	33.319430681931706	0.0	0.0025501133383705943
ti|1773	Mycobacterium tuberculosis	0.007370009187269608	8.285911870873956e-05	44.74193548387036	0.0	0.002568632679970962	0.005332145364380282	6.170539187284566e-05	33.319430681931706	0.0	0.0025501133383705943
ti|1765	Mycobacterium bovis	0.007370009187269608	8.285911870873956e-05	44.74193548387036	0.0	0.002568632679970962	0.005332145364380282	6.170539187284566e-05	33.319430681931706	0.0	0.0025501133383705943
ti|1452723	Mycobacterium tuberculosis 18b	0.007370009187269608	8.285911870873956e-05	44.74193548387036	0.0	0.002568632679970962	0.005332145364380282	6.170539187284566e-05	33.319430681931706	0.0	0.0025501133383705943
ti|1445606	Mycobacterium tuberculosis str. Kurono	0.007370009187269608	8.285911870873956e-05	44.74193548387036	0.0	0.002568632679970962	0.005332145364380282	6.170539187284566e-05	33.319430681931706	0.0	0.0025501133383705943
ti|1437856	Mycobacterium tuberculosis H37RvSiena	0.007370009187269608	8.285911870873956e-05	44.74193548387036	0.0	0.002568632679970962	0.005332145364380282	6.170539187284566e-05	33.319430681931706	0.0	0.0025501133383705943
ti|1427516	Mycobacterium tuberculosis 49-02	0.007370009187269608	8.285911870873956e-05	44.74193548387036	0.0	0.002568632679970962	0.005332145364380282	6.170539187284566e-05	33.319430681931706	0.0	0.0025501133383705943
ti|1249615	Mycobacterium tuberculosis K	0.007370009187269608	8.285911870873956e-05	44.74193548387036	0.0	0.002568632679970962	0.005332145364380282	6.170539187284566e-05	33.319430681931706	0.0	0.0025501133383705943
ti|1206780	Mycobacterium bovis BCG str. Korea 1168P	0.007370009187269608	8.285911870873956e-05	44.74193548387036	0.0	0.002568632679970962	0.005332145364380282	6.170539187284566e-05	33.319430681931706	0.0	0.0025501133383705943
ti|1138877	Mycobacterium tuberculosis 7199-99	0.007370009187269608	8.285911870873956e-05	44.74193548387036	0.0	0.002568632679970962	0.005332145364380282	6.170539187284566e-05	33.319430681931706	0.0	0.0025501133383705943
ti|1097669	Mycobacterium tuberculosis UT205	0.007370009187269608	8.285911870873956e-05	44.74193548387036	0.0	0.002568632679970962	0.005332145364380282	6.170539187284566e-05	33.319430681931706	0.0	0.0025501133383705943
ti|1010836	Mycobacterium tuberculosis BT1	0.007370009187269608	8.285911870873956e-05	44.74193548387036	0.0	0.002568632679970962	0.005332145364380282	6.170539187284566e-05	33.319430681931706	0.0	0.0025501133383705943
ti|1010835	Mycobacterium tuberculosis BT2	0.007370009187269608	8.285911870873956e-05	44.74193548387036	0.0	0.002568632679970962	0.005332145364380282	6.170539187284566e-05	33.319430681931706	0.0	0.0025501133383705943
ti|1010834	Mycobacterium tuberculosis HKBS1	0.007370009187269608	8.285911870873956e-05	44.74193548387036	0.0	0.002568632679970962	0.005332145364380282	6.170539187284566e-05	33.319430681931706	0.0	0.0025501133383705943
ti|399739	Pseudomonas mendocina ymp	0.0073576033097853535	0.0017241507029942071	931.0	0.0017241507029942071	0.0	0.0036827545985612894	0.0015306676769408496	826.5238095238122	0.0014185815665881446	0.0003055691364060625
ti|645462	Peptoclostridium difficile CD196	0.00666071027202211	0.00741329244262708	4003.0	0.00741329244262708	0.0	0.0035950701939947713	0.003160541703088036	1706.6166666666652	0.001753781649554795	0.002940871446138347
ti|29459	Brucella melitensis	0.006510177829879549	0.01039120257196616	5611.0	0.01039120257196616	0.0	0.00020750921536510822	0.0002904063191598744	156.81244259467235	0.0	0.008041098122879535
ti|402882	Shewanella baltica OS185	0.005879248403166759	0.004752063054654281	2566.0	0.004752063054654281	0.0	0.005625240991910832	0.0013313863332197482	718.9166666666667	0.0012056091381839192	0.0003203846096863564
ti|351348	Marinobacter hydrocarbonoclasticus VT8	0.004382311743759299	0.0029001288946175386	1566.0	0.0028908692238173547	9.259670800183713e-06	0.004327519723555081	0.0012164269856435297	656.8413779998506	0.0012000533357038091	0.00065373275849297
ti|864803	Clostridium beijerinckii ATCC 35702	0.0037206728007917068	0.0008333703720165341	450.0	0.0016667407440330681	0.0	0.0032870777285278156	0.000765003135941844	413.0833333333332	0.00010370831296205757	0.0015630324310710105
ti|290402	Clostridium beijerinckii NCIMB 8052	0.0037206728007917068	0.0008333703720165341	450.0	0.0016667407440330681	0.0	0.0032870777285278156	0.000765003135941844	413.0833333333332	0.00010370831296205757	0.0015630324310710105
ti|386415	Clostridium novyi NT	0.003701621864087254	0.0006981791783338519	377.0	0.0006981791783338519	0.0	0.003701621864087223	0.0006981791783338519	377.0	0.0006981791783338519	0.0
ti|402626	Ralstonia pickettii 12J	0.002761066964392862	0.004218706016563699	2278.0	0.004218706016563699	0.0	0.0026859439356278917	0.0020600408519038304	1112.3726190476227	0.00155192082611079	0.0023834392639672875
ti|504728	Meiothermus ruber DSM 1279	0.0026212789040614107	0.00045372386920900187	245.0	0.00045372386920900187	0.0	0.0026212789040614107	0.00045372386920900187	245.0	0.00045372386920900187	0.0
ti|28450	Burkholderia pseudomallei	0.002273343404011617	0.034157073647717674	18444.0	0.0341329985036372	2.407514408047765e-05	7.162191789888541e-05	0.0010684221706753554	576.9223300325957	3.703868320073485e-06	0.023384372638783946
ti|366602	Caulobacter sp. K31	0.0022616930079610302	0.0023260293050061482	1256.0	0.0023260293050061482	0.0	0.0022615829355178826	0.00227973095100523	1231.0	0.00227973095100523	0.0
ti|331271	Burkholderia cenocepacia AU 1054	0.0018980800443965157	0.010765293272293584	5813.0	0.01067084463013171	9.444864216187386e-05	0.0007493578967621736	0.003410927610891987	1841.8190476190116	5.926189312117576e-05	0.007526260426389321
ti|381754	Pseudomonas aeruginosa PA7	0.0018831606539257523	0.0019000844481976977	1026.0	0.0019000844481976977	0.0	0.0018821337937417642	0.0019668357892868127	1062.044122155936	0.0017000755589137294	0.0005981747336918678
ti|592022	Bacillus megaterium DSM 319	0.0018633831933236897	0.0008537416477769382	461.0	0.0008537416477769382	0.0	0.001627501111639594	0.000414524596154891	223.83333333333343	0.00035742329288709126	0.000122227654562425
ti|522373	Stenotrophomonas maltophilia K279a	0.001859724758040541	0.0004148332518482303	224.0	0.0004148332518482303	0.0	0.0018625746709305174	0.0015009926367097815	810.500000000001	0.0011130124301820823	0.0008463339111367912
ti|224326	Borrelia burgdorferi B31	0.001740406127469052	0.00026112271656518	140.99999999999963	0.0	0.000783368149695542	0.0010112268665584735	6.725607557866774e-05	36.31666666666669	0.0	0.0003314962146465769
ti|139	Borreliella burgdorferi	0.001740406127469052	0.00026112271656518	140.99999999999963	0.0	0.000783368149695542	0.0010112268665584735	6.725607557866774e-05	36.31666666666669	0.0	0.0003314962146465769
ti|1328311	Borrelia burgdorferi CA382	0.001740406127469052	0.00026112271656518	140.99999999999963	0.0	0.000783368149695542	0.0010112268665584735	6.725607557866774e-05	36.31666666666669	0.0	0.0003314962146465769
ti|264730	Pseudomonas savastanoi pv. phaseolicola 1448A	0.0017341814101866097	0.0031445842037423886	1698.0	0.0031445842037423886	0.0	0.0017332122650673138	0.0029968924544794585	1618.25	0.0029575388535786774	6.666962976132273e-05
ti|1428	Bacillus thuringiensis	0.0014960515704159892	0.03172548409558943	17131.0	0.03152362327214543	0.00020186082344400493	0.0001573936833047153	0.0015334190079493396	828.0094622364526	0.00036483102952723827	0.008405929152406774
ti|96561	Desulfococcus oleovorans Hxd3	0.0014866955419348398	0.00041298131768819355	223.0	0.00041298131768819355	0.0	0.0014866955419348398	0.00041298131768819355	223.0	0.00041298131768819355	0.0
ti|75379	Thiomonas intermedia K12	0.0013474046710616157	0.001437100908188512	776.0	0.001437100908188512	0.0	0.0013411583668249565	0.0013926544883476302	752.0	0.001437100908188512	0.0
ti|40324	Stenotrophomonas maltophilia	0.0013240814228743893	0.002463072432848867	1330.0	0.0024612204986888308	1.8519341600367424e-06	0.0009441014688560955	0.0009037438700979283	487.9999999999989	0.0005500244455309125	0.0008352223061765708
ti|272843	Pasteurella multocida subsp. multocida str. Pm70	0.0013212532805001764	0.0005481725113708757	296.0	0.0005481725113708757	0.0	0.00036638509804288164	0.00023254560872899472	125.56904761904765	9.815251048194734e-05	0.00031297687304620946
ti|573825	Leptospira interrogans serovar Lai str. IPAV	0.0012141125200640461	0.0022686193460450094	1225.0	0.0022686193460450094	0.0	0.00021789826336970255	0.0004415959051442828	238.45119047618925	0.0	0.0016148865875520394
ti|1774373	Alteromonas mediterranea DE	0.00105275775300826	0.0026371542438923213	1424.0	0.0026371542438923213	0.0	0.0007187314002898695	0.0009652179961138141	521.1945526695529	0.000366682963687275	0.0022667674118849726
ti|401614	Francisella tularensis subsp. novicida U112	0.0009903525104904543	0.008400373349926663	4536.0	0.008400373349926663	0.0	0.0008728371758027044	0.0008720576770502403	470.89021622288055	0.00019630502096389468	0.002063054654280931
ti|488221	Streptococcus pneumoniae 70585	0.0009624075130781317	0.0066521475028519786	3592.0	0.0066521475028519786	0.0	0.00012341395904305014	0.00026915395970446873	145.3366785453802	5.555802480110227e-06	0.004103886098641421
ti|318167	Shewanella frigidimarina NCIMB 400	0.0009588088803438046	0.0014611760522689897	789.0	0.0014611760522689897	0.0	0.000958802811549701	0.001466577526902431	791.9166666666671	0.0014352489740284754	7.037349808139621e-05
ti|397945	Acidovorax citrulli AAC00-1	0.0009415032231315218	0.0016259981925122598	878.0	0.0016259981925122598	0.0	0.0009414811349684593	0.001444508644828659	780.0	0.001444508644828659	1.8519341600367424e-06
ti|324602	Chloroflexus aurantiacus J-10-fl	0.0009390585208695836	0.0007018830466539253	379.0	0.0007018830466539253	0.0	0.00046952973952917005	0.0003555713587270545	192.0	0.0007000311124938886	0.0
ti|150340	Vibrio antiquarius	0.0008629270786746668	0.0035038594307895167	1892.0	0.0035038594307895167	0.0	0.0008506977890473568	0.002337925777300863	1262.4238095238106	0.002207505518763797	0.0002351956383246663
ti|318586	Paracoccus denitrificans PD1222	0.0007821581038578606	0.0006241018119323822	337.0	0.0006241018119323822	0.0	0.0007821581038578583	0.0006231758448523639	336.5	0.0006241018119323822	0.0
ti|316057	Rhodopseudomonas palustris BisB5	0.0006714396647524701	0.002457516630368757	1327.0	0.002457516630368757	0.0	0.0006715971237599437	0.0024982591818895655	1349.0	0.0025427056017304473	0.0
ti|264201	Candidatus Protochlamydia amoebophila UWE25	0.0006658632658624609	0.00035742329288709126	193.0	0.00035742329288709126	0.0	0.0006658632658624609	0.00035742329288709126	193.0	0.00035742329288709126	0.0
ti|498211	Cellvibrio japonicus Ueda107	0.0006644791168951178	0.0011630146525030741	628.0	0.0011630146525030741	0.0	0.0006644791168951178	0.0011630146525030741	628.0	0.0011630146525030741	0.0
ti|211586	Shewanella oneidensis MR-1	0.0005808451442644401	0.0014778434597093205	798.0	0.0014778434597093205	0.0	0.000584042720715335	0.0016209053735721588	875.25	0.0015871075751514882	4.074255152080833e-05
ti|404589	Anaeromyxobacter sp. Fw109-5	0.0005250287892950499	0.0019574944071588368	1057.0	0.0019574944071588368	0.0	0.0005250287895567879	0.0019574944071588368	1057.0	0.0019574944071588368	0.0
ti|246197	Myxococcus xanthus DK 1622	0.0005067380058017143	0.0036260870853519417	1958.0	0.0036260870853519417	0.0	0.0005067352951304097	0.0035733069617908944	1929.5	0.0035538616531105086	6.481769560128599e-05
ti|395961	Cyanothece sp. PCC 7425	0.00047197749610168246	0.0008333703720165341	450.0	0.0008333703720165341	0.0	0.00047197749610168246	0.0008333703720165341	450.0	0.0008333703720165341	0.0
ti|405532	Bacillus cereus B4264	0.000467867054360523	0.008941138124657392	4828.0	0.008796687260174527	0.0001444508644828659	0.00015522536990180438	0.0014197184437498673	766.6138863822783	0.00038705423944767914	0.0032168096359838213
ti|232721	Acidovorax sp. JS42	0.00045114517436619885	0.0032964428048654014	1780.0	0.0032964428048654014	0.0	0.00022916069412091272	0.0025010113618218425	1350.4861111111113	0.0024445530912485	0.00034816362208690756
ti|863767	Listeria monocytogenes serotype 7 str. SLCC2482	0.0004111601942756486	0.003100137783901507	1674.0	0.00309828584974147	1.8519341600367424e-06	3.001382363885541e-05	0.00024551939838316275	132.57458266134668	0.0	0.0019111960531579182
ti|518766	Rhodothermus marinus DSM 4252	0.0003864776727909606	0.0010148599197001347	548.0	0.0010148599197001347	0.0	0.0003852806488943662	0.0008898543638976547	480.5	0.0010148599197001347	0.0
ti|265072	Methylobacillus flagellatus KT	0.0003745709747832656	0.0024112182763678385	1302.0	0.0024112182763678385	0.0	0.0003745709747835061	0.0024112182763678385	1302.0	0.0024112182763678385	0.0
ti|216432	Croceibacter atlanticus HTCC2559	0.0003745493856075993	0.0024001066714076182	1296.0	0.0024001066714076182	0.0	0.0002776038736834304	0.0023143003886592494	1249.6666666666667	0.0022834348193253033	8.333703720165341e-05
ti|287	Pseudomonas aeruginosa	0.0003568348513687672	0.01197275434463754	6465.0	0.01197275434463754	0.0	2.3651487639095012e-05	0.0007761949091746862	419.1266222765104	3.148288072062462e-05	0.009344859771545403
ti|469604	Fusobacterium nucleatum subsp. vincentii 3_1_36A2	0.000343804751815952	0.0018815651065973303	1016.0	0.0018667496333170364	1.481547328029394e-05	0.00019535383787660658	0.0005426167088907669	293.0000000000008	0.00023149177000459279	0.0007685526764152481
ti|159087	Dechloromonas aromatica RCB	0.00034317307377439095	0.0030742107056609923	1660.0	0.0030742107056609923	0.0	0.0003431730513209949	0.0030677289361008635	1656.5	0.003068654903180882	0.0
ti|228405	Hyphomonas neptunium ATCC 15444	0.00034105763577279603	0.0019741618145991675	1066.0	0.0019741618145991675	0.0	0.00034105763577279603	0.0019741618145991675	1066.0	0.0019741618145991675	0.0
ti|1280	Staphylococcus aureus	0.00032406453894143054	0.010980117634857846	5929.0	0.010980117634857846	0.0	1.2776282479995517e-05	0.0006582251198119812	355.42576729559437	3.703868320073485e-06	0.008359630798405855
ti|94122	Shewanella sp. ANA-3	0.00031714035837640254	0.0031390284012622785	1695.0	0.003127916796302058	1.1111604960220454e-05	0.0002814318682950706	0.002099950690589808	1133.9229741019221	0.001861193830836926	0.0009981925122598042
ti|266264	Cupriavidus metallidurans CH34	0.0002951311967406799	0.004768730462094611	2575.0	0.004768730462094611	0.0	0.0002985118873602067	0.004939054448089691	2666.970864661679	0.0046983569640132155	0.0010018963805798777
ti|448385	Sorangium cellulosum So ce56	0.0002943531206502324	0.002313065765885891	1249.0	0.002313065765885891	0.0	0.0002943487062352551	0.002313065765885891	1249.0	0.002313065765885891	0.0
ti|748678	Yersinia pestis str. Pestoides B	0.0002836632389816657	0.0021612071647626745	1166.99999999989	0.0	0.015128450153340148	7.550927832159452e-05	0.0005331056117470102	287.8642358087036	0.0	0.013804317228913877
ti|637386	Yersinia pestis Z176003	0.0002836632389816657	0.0021612071647626745	1166.99999999989	0.0	0.015128450153340148	7.550927832159452e-05	0.0005331056117470102	287.8642358087036	0.0	0.013804317228913877
ti|229193	Yersinia pestis biovar Microtus str. 91001	0.0002836632389816657	0.0021612071647626745	1166.99999999989	0.0	0.015128450153340148	7.550927832159452e-05	0.0005331056117470102	287.8642358087036	0.0	0.013804317228913877
ti|187410	Yersinia pestis KIM10+	0.0002836632389816657	0.0021612071647626745	1166.99999999989	0.0	0.015128450153340148	7.550927832159452e-05	0.0005331056117470102	287.8642358087036	0.0	0.013804317228913877
ti|1345710	Yersinia pestis 1045	0.0002836632389816657	0.0021612071647626745	1166.99999999989	0.0	0.015128450153340148	7.550927832159452e-05	0.0005331056117470102	287.8642358087036	0.0	0.013804317228913877
ti|1345702	Yersinia pestis 2944	0.0002836632389816657	0.0021612071647626745	1166.99999999989	0.0	0.015128450153340148	7.550927832159452e-05	0.0005331056117470102	287.8642358087036	0.0	0.013804317228913877
ti|1035377	Yersinia pestis A1122	0.0002836632389816657	0.0021612071647626745	1166.99999999989	0.0	0.015128450153340148	7.550927832159452e-05	0.0005331056117470102	287.8642358087036	0.0	0.013804317228913877
ti|205918	Pseudomonas syringae pv. syringae B728a	0.0002785035928640273	0.0017648932545150154	953.0	0.0017648932545150154	0.0	0.00026532275893758917	0.0011022094809152014	595.1666666666667	0.0008889283968176364	0.0004352045276086345
ti|216596	Rhizobium leguminosarum bv. viciae 3841	0.0002662801291342641	0.0011778301257833682	636.0	0.0011741262574632948	3.703868320073485e-06	0.0002661812976984081	0.0011213461339022474	605.5	0.0010907892202616412	6.11138272812125e-05
ti|435591	Parabacteroides distasonis ATCC 8503	0.00026181049609361895	0.006533623716609627	3528.0	0.006533623716609627	0.0	0.00026180476672417664	0.00646973198808836	3493.5	0.006478065691808524	0.0
ti|335283	Nitrosomonas eutropha C91	0.0002600174342913634	0.001337096463546528	722.0	0.001337096463546528	0.0	0.0002600174342913634	0.001337096463546528	722.0	0.001337096463546528	0.0
ti|443143	Geobacter sp. M18	0.00025936074725285967	0.000775960413055395	419.0	0.000775960413055395	0.0	0.0002593607472642487	0.000775960413055395	419.0	0.000775960413055395	0.0
ti|398578	Delftia acidovorans SPH-1	0.00025560843695217653	0.005015037705379499	2708.0	0.005015037705379499	0.0	0.0002354262948346419	0.0048715745391153175	2630.533333333333	0.004898365853297184	7.40773664014697e-05
ti|471855	Slackia heliotrinireducens DSM 20476	0.0002488549802070039	0.00047779901328947954	258.0	0.00047779901328947954	0.0	0.0002488549802070039	0.00047779901328947954	258.0	0.00047779901328947954	0.0
ti|316058	Rhodopseudomonas palustris HaA2	0.00024722813529827226	0.0018556380283568158	1002.0	0.0018556380283568158	0.0	0.00024722812294036107	0.0018537860941967791	1001.0	0.0018537860941967791	0.0
ti|63737	Nostoc punctiforme PCC 73102	0.0002437735209249337	0.0010796776153014207	583.0	0.0010796776153014207	0.0	0.00024377352055112605	0.0010796776153014207	583.0	0.0010796776153014207	0.0
ti|583346	Clostridium kluyveri NBRC 12016	0.0002413164545931534	0.0009324488495784998	503.5	0.0018593418966768892	5.555802480110227e-06	0.00024131645459309206	0.0009324488495784998	503.5	0.001811191608515934	5.3706090641065526e-05
ti|431943	Clostridium kluyveri DSM 555	0.0002413164545931534	0.0009324488495784998	503.5	0.0018593418966768892	5.555802480110227e-06	0.00024131645459309206	0.0009324488495784998	503.5	0.001811191608515934	5.3706090641065526e-05
ti|311402	Agrobacterium vitis S4	0.00023965601379112654	0.0007685526764152481	415.0	0.0007685526764152481	0.0	0.00023965601379112716	0.0007685526764152481	415.0	0.0007685526764152481	0.0
ti|283165	Bartonella quintana str. Toulouse	0.00023663633728809324	0.00022963983584455605	124.0	0.0002277879016845193	1.8519341600367424e-06	0.00023000107765012718	0.0001926011526438212	104.0	0.0001926011526438212	1.1111604960220454e-05
ti|234267	Candidatus Solibacter usitatus Ellin6076	0.00023165125289728968	0.00522430626546365	2821.0	0.00522430626546365	0.0	0.00023165125289728968	0.00522430626546365	2821.0	0.00522430626546365	0.0
ti|305	Ralstonia solanacearum	0.00022948301141939375	0.004183519267523001	2259.0	0.004183519267523001	0.0	9.357121210983951e-05	0.0017260026371542486	932.0000000000025	0.001207461072343956	0.0013333925952264546
ti|1415784	Bacillus toyonensis BCT-7112	0.00021996536872909855	0.0025427056017304473	1373.0	0.0025260381942901165	1.6667407440330682e-05	0.0001297106443287718	0.0015637171431116684	844.3697280688663	0.0009611538290590693	0.0012130168748240662
ti|338187	Vibrio campbellii ATCC BAA-1116	0.0002175202421276047	0.002746418359334489	1483.0	0.002746418359334489	0.0	0.00021751761396700183	0.0023652285780602594	1277.1666666666667	0.0023538083174066997	2.7779012400551136e-05
ti|526977	Bacillus cereus ATCC 4342	0.00021370922732345677	0.0024815917744492348	1340.0	0.0024278856838081692	5.3706090641065526e-05	0.00012964323557600833	0.0009476780979483419	511.7234286177539	0.0004296487251285242	0.00203527564188038
ti|460265	Methylobacterium nodulans ORS 2060	0.0002131851345082056	0.0010741218128213106	580.0	0.0010741218128213106	0.0	0.00021318503228771326	0.0010741218128213106	580.0	0.0010741218128213106	0.0
ti|266117	Rubrobacter xylanophilus DSM 9941	0.0001991929467775374	0.0006722521000933375	363.0	0.0006722521000933375	0.0	0.0001991929467775374	0.0006722521000933375	363.0	0.0006722521000933375	0.0
ti|1016998	Salmonella enterica subsp. enterica serovar Paratyphi B str. SPB7	0.000198252224886858	0.013069099367379291	7057.0	0.013050580025778923	1.8519341600367425e-05	1.8964212464663634e-06	0.00017110351009593972	92.39178896756515	2.0371275760404165e-05	0.0007648488080951746
ti|484021	Klebsiella pneumoniae subsp. pneumoniae NTUH-K2044	0.00019798911908730534	0.0034149665911077528	1844.0	0.0034131146569477164	1.8519341600367424e-06	2.1776663061757992e-05	0.0003375052167965344	182.24471694492544	0.0	0.00243899728876839
ti|288000	Bradyrhizobium sp. BTAi1	0.00019628984609990186	0.003940915892558188	2128.0	0.003940915892558188	0.0	0.0001962875718257687	0.003853874987036461	2081.0	0.0038483191845563505	7.40773664014697e-06
ti|446	Legionella pneumophila	0.00019477960788924313	0.006655851371172052	3594.0	0.006655851371172052	0.0	4.6109697074435096e-05	0.0005251989741578127	283.5948412698391	0.00018519341600367424	0.0019315673289183224
ti|290397	Anaeromyxobacter dehalogenans 2CP-C	0.00017966409958803753	0.0022649154777249357	1223.0	0.0022556558069247524	9.259670800183713e-06	0.00017565229910156477	0.0018269330488762464	986.5	0.0018074877401958605	3.889061736077159e-05
ti|100226	Streptomyces coelicolor A3(2)	0.00017910853589409156	0.001394506422507667	753.0	0.0013926544883476302	1.8519341600367424e-06	0.00012023679850617908	0.0005875878434103243	317.2833333333333	0.0003889061736077159	0.0004463161325688549
ti|390235	Pseudomonas putida W619	0.00017803786717484306	0.0030130968783797798	1627.0	0.0030093930100597065	3.703868320073485e-06	9.272043813799957e-05	0.001810980618342078	977.886070369882	0.0014408047765085855	0.003959435234158555
ti|446462	Actinosynnema mirum DSM 43827	0.00017579522233061498	0.00047779901328947954	258.0	0.00047779901328947954	0.0	0.000175795222306156	0.0004703912766493326	254.0	0.0004703912766493326	0.0
ti|169963	Listeria monocytogenes EGD-e	0.00017565803396059858	0.002537149799250337	1370.0	0.0025223343259700433	1.481547328029394e-05	1.0510113300877794e-05	0.0002461265009620007	132.9024034834573	0.00011111604960220454	0.002105649139961776
ti|240015	Acidobacterium capsulatum ATCC 51196	0.00017270971029269662	0.001394506422507667	753.0	0.001394506422507667	0.0	0.00017270971029269662	0.001394506422507667	753.0	0.001394506422507667	0.0
ti|84588	Synechococcus sp. WH 8102	0.00016841936155757422	0.00023149177000459279	125.0	0.00023149177000459279	0.0	8.436141721825405e-05	0.00016482214024327008	89.0	0.00023149177000459279	0.0
ti|362948	Lactobacillus salivarius UCC118	0.00016805169111235211	0.00022038016504437235	119.0	0.00022038016504437235	0.0	0.00011256376203055728	0.00011651752423564507	62.916666666666686	0.00011296798376224128	6.296576144124924e-05
ti|523794	Leptotrichia buccalis C-1013-b	0.00016795762724184404	0.0002740862556854379	148.0	0.0002740862556854379	0.0	0.0001679576272417352	0.0002740862556854379	148.0	0.0002740862556854379	0.0
ti|557599	Mycobacterium kansasii ATCC 12478	0.0001667350564998041	6.852156392135947e-05	37.0	0.00013333925952264546	3.703868320073485e-06	0.0001667350564997266	6.852156392135947e-05	37.0	0.00013333925952264546	3.703868320073485e-06
ti|1299328	Mycobacterium kansasii 824	0.0001667350564998041	6.852156392135947e-05	37.0	0.00013333925952264546	3.703868320073485e-06	0.0001667350564997266	6.852156392135947e-05	37.0	0.00013333925952264546	3.703868320073485e-06
ti|323097	Nitrobacter hamburgensis X14	0.00016586837979426955	0.0020815739958812986	1124.0	0.0020815739958812986	0.0	0.0001658693858433186	0.0021325021852823087	1151.5	0.0021371320206824006	0.0
ti|485918	Chitinophaga pinensis DSM 2588	0.00016437418094579164	0.0020741662592411517	1120.0	0.0020741662592411517	0.0	0.00016437418094579164	0.0020741662592411517	1120.0	0.0020741662592411517	0.0
ti|509173	Acinetobacter baumannii AYE	0.00014330761429293956	0.006320651288205401	3413.0	0.006283612605004667	3.703868320073485e-05	6.446976279043556e-05	0.0013121555471023105	708.5325037021172	1.8519341600367424e-06	0.0052780123561047155
ti|316274	Herpetosiphon aurantiacus DSM 785	0.00014219133065899994	0.0006370653510526394	344.0	0.0006370653510526394	0.0	0.00014219133065899994	0.0006370653510526394	344.0	0.0006370653510526394	0.0
ti|716544	Waddlia chondrophila WSU 86-1044	0.00014124002480123964	8.518897136169015e-05	46.0	8.518897136169015e-05	0.0	0.00014124002480123964	8.518897136169015e-05	46.0	8.518897136169015e-05	0.0
ti|393595	Alcanivorax borkumensis SK2	0.00013837506032652317	0.0021371320206824006	1154.0	0.0021371320206824006	0.0	0.0001312392668021465	0.0018189251307516613	982.1759164027591	0.002092685600841519	0.0010333792613005021
ti|688245	Comamonas testosteroni CNB-2	0.0001296378850508834	0.0022593596752448256	1220.0	0.0022593596752448256	0.0	0.00012885479180754683	0.0019733901753658197	1065.583333333334	0.0018574899625168526	0.0003055691364060625
ti|395491	Rhizobium leguminosarum bv. trifolii WSM1325	0.00012889919880564697	0.0007278101248944398	393.0	0.0007259581907344031	1.8519341600367424e-06	0.00012888062029419725	0.0007259581907344031	392.0	0.0007259581907344031	0.0
ti|452637	Opitutus terrae PB90-1	0.00012819312640679865	0.0014278412373883284	771.0	0.0014278412373883284	0.0	0.00012819312640679865	0.0014278412373883284	771.0	0.0014278412373883284	0.0
ti|398527	Paraburkholderia phytofirmans PsJN	0.00012649990396504596	0.0011741262574632948	634.0	0.0011741262574632948	0.0	0.00012649990416941322	0.001162088685423056	627.5	0.0011611627183430375	1.8519341600367424e-06
ti|456481	Leptospira biflexa serovar Patoc strain 'Patoc 1 (Paris)'	0.00012627498390469657	0.0008065173266960013	435.5	0.0016130346533920026	0.0	0.00012627498390469657	0.0008065173266960013	435.5	0.0016130346533920026	0.0
ti|355278	Leptospira biflexa serovar Patoc strain 'Patoc 1 (Ames)'	0.00012627498390469657	0.0008065173266960013	435.5	0.0016130346533920026	0.0	0.00012627498390469657	0.0008065173266960013	435.5	0.0016130346533920026	0.0
ti|243231	Geobacter sulfurreducens PCA	0.00012174970642470579	0.0016982236247536928	917.0	0.0016982236247536928	0.0	4.082859009758645e-05	0.0011475818678360976	619.6666666666647	0.0008037394254559462	0.0008833725943375261
ti|316275	Aliivibrio salmonicida LFI1238	0.00012064559623388124	0.001172274323303258	633.0	0.001172274323303258	0.0	0.00012064559623235501	0.001172274323303258	633.0	0.001172274323303258	0.0
ti|398579	Shewanella pealeana ATCC 700345	0.00012056361123485104	0.0012593152288249848	680.0	0.0012593152288249848	0.0	0.00012056360889033097	0.0012593152288249848	680.0	0.0012593152288249848	0.0
ti|469383	Conexibacter woesei DSM 14684	0.00011967457638274244	0.0007667007422552113	414.0	0.0007667007422552113	0.0	0.00011967457638274244	0.0007667007422552113	414.0	0.0007667007422552113	0.0
ti|101510	Rhodococcus jostii RHA1	0.00011965584970426645	0.0003759426344874587	203.0	0.00037409070032742197	1.8519341600367424e-06	0.00011863335371886868	0.00036853489784731175	199.0	0.00036853489784731175	0.0
ti|467705	Streptococcus gordonii str. Challis substr. CH1	0.00011946622178211012	0.00041668518600826703	225.0	0.00041668518600826703	0.0	0.00011921900940527202	0.00030464316932604413	164.5	0.0003055691364060625	5.555802480110227e-06
ti|552526	Streptococcus equi subsp. zooepidemicus MGCS10565	0.00011905370784204134	0.0005518763796909492	298.0	0.0005518763796909492	0.0	0.00011896674563064818	0.00021451570687092264	115.83333333333333	0.00015371053528304962	0.0001481547328029394
ti|470	Acinetobacter baumannii	0.00011628528209726616	0.005539135072669897	2991.0	0.005509504126109309	2.963094656058788e-05	2.0698113393194476e-05	0.0011878439218628552	641.4072095518171	0.00017593374520349052	0.005057632191060343
ti|319224	Shewanella putrefaciens CN-32	0.00011484559185929371	0.003609419677911611	1949.0	0.003607567743751574	1.8519341600367424e-06	4.714937059008854e-05	0.0024223027077024963	1307.9853268943632	0.0015945153117916352	0.00309828584974147
ti|345073	Vibrio cholerae O395	0.00011080366277566626	0.015811813858393708	8538.0	0.015811813858393708	0.0	9.932222291587351e-06	0.0017201471724451701	928.8381895882532	0.00031668074136628294	0.010274530719883847
ti|402881	Parvibaculum lavamentivorans DS-1	0.00010344443502667654	0.0010222676563402817	552.0	0.0010222676563402817	0.0	0.00010344882567443353	0.0010330673565998592	557.8315789473655	0.0010222676563402817	0.00021297242840422536
ti|226186	Bacteroides thetaiotaomicron VPI-5482	0.00010324373913397852	0.0026630813221328355	1438.0	0.0026575255196527254	5.555802480110227e-06	5.749480756299424e-05	0.0015546987273508453	839.5	0.002314917700045928	2.0371275760404165e-05
ti|220664	Pseudomonas protegens Pf-5	9.949762928649859e-05	0.0024927033794094554	1346.0	0.0024927033794094554	0.0	7.41378542453918e-05	0.002014904366119975	1087.9999999999998	0.0016297020608323333	0.000863001318577122
ti|411154	Gramella forsetii KT0803	9.617324428182532e-05	0.003100137783901507	1674.0	0.003100137783901507	0.0	7.147759670293978e-05	0.0028954990592174466	1563.5	0.002983465931819192	0.0
ti|479435	Kribbella flavida DSM 17836	9.604843936701246e-05	0.001107456627701972	598.0	0.001107456627701972	0.0	9.604843936593366e-05	0.0011056046935419353	597.0	0.0011056046935419353	0.0
ti|335543	Syntrophobacter fumaroxidans MPOB	9.296604012789205e-05	0.0022704712802050463	1226.0	0.0022704712802050463	0.0	9.296604012789205e-05	0.0022704712802050463	1226.0	0.0022704712802050463	0.0
ti|164757	Mycobacterium sp. JLS	9.235549047076033e-05	0.0008537416477769382	461.0	0.0008537416477769382	0.0	8.505194520484928e-05	0.0003222365438463945	174.0000000000007	0.00013704312784271894	0.0005518763796909492
ti|883	Desulfovibrio vulgaris str. 'Miyazaki F'	9.173972137097596e-05	0.0004444641984088182	240.0	0.0004444641984088182	0.0	9.173972137097596e-05	0.0004444641984088182	240.0	0.0004444641984088182	0.0
ti|290633	Gluconobacter oxydans 621H	9.100968894548784e-05	0.0010222676563402817	552.0	0.0010222676563402817	0.0	9.105333145552107e-05	0.0012564447308769273	678.4499999999997	0.001042638932100686	0.0006407692193727128
ti|446466	Cellulomonas flavigena DSM 20109	8.97941262129986e-05	0.00039816584440789963	215.0	0.00039816584440789963	0.0	8.97941262129986e-05	0.00039816584440789963	215.0	0.00039816584440789963	0.0
ti|443144	Geobacter sp. M21	8.928991747163372e-05	0.0006129902069721617	331.0	0.0006129902069721617	0.0	8.9289588086075e-05	0.0006055824703320148	327.0	0.0006055824703320148	0.0
ti|1286404	Bacillus thuringiensis serovar thuringiensis str. IS5056	8.813436658349919e-05	0.0015185860112301287	820.0	0.0014556202497888796	6.296576144124924e-05	4.41350402856005e-05	0.0008145260878213117	439.82453879740063	2.7779012400551136e-05	0.003890913670237196
ti|375286	Janthinobacterium sp. Marseille	8.694644918874852e-05	0.0027612338326147828	1491.0	0.0027612338326147828	0.0	8.092172452684392e-05	0.002731602886054195	1475.0	0.002753826095974636	0.0
ti|398577	Burkholderia ambifaria MC40-6	8.620243912977356e-05	0.004505755811369395	2433.0	0.004422418774167741	8.333703720165341e-05	7.326762849760459e-05	0.002600022963983584	1403.9499999999998	0.002292694490125487	0.0005815073262515371
ti|387344	Lactobacillus brevis ATCC 367	8.558560799209183e-05	0.0006352134168926026	343.0	0.0006352134168926026	0.0	4.2649191695849255e-05	0.0004135986290748725	223.33333333333334	0.00020186082344400493	0.00043335259344859774
ti|349101	Rhodobacter sphaeroides ATCC 17029	8.554095344032673e-05	0.0012685748996251686	685.0	0.0012685748996251686	0.0	8.494768963884531e-05	0.0006021872577052792	325.16666666666583	0.000546320577210839	0.00016111827192319658
ti|160492	Xylella fastidiosa 9a5c	8.521768121501644e-05	0.0007667007422552113	414.0	0.0004963183548898469	0.0002703823873653644	7.74735454224281e-05	0.0002148243625642621	116.0	0.00018519341600367424	4.4446419840881815e-05
ti|138119	Desulfitobacterium hafniense Y51	8.45574044347444e-05	0.001811191608515934	978.0	0.001811191608515934	0.0	3.1683284682165775e-05	0.0007441688766414264	401.8333333333308	0.00028704979480569505	0.0011093085618620088
ti|321956	Lactobacillus delbrueckii subsp. bulgaricus ATCC BAA-365	8.180666451875759e-05	0.00044816806672889165	242.0	0.00044816806672889165	0.0	2.5354768283592556e-05	0.00016827908400867195	90.86666666666665	2.963094656058788e-05	0.00029816139976591554
ti|580332	Sideroxydans lithotrophicus ES-1	8.180482288240038e-05	0.0010593063395410167	572.0	0.0010593063395410167	0.0	8.180482288267799e-05	0.0010593063395410167	572.0	0.0010593063395410167	0.0
ti|379731	Pseudomonas stutzeri A1501	8.169838589244162e-05	0.001733410373794391	936.0	0.001733410373794391	0.0	5.098505603279971e-05	0.0012099303178906766	653.333333333336	0.0008278145695364238	0.000905595804257967
ti|507522	Klebsiella pneumoniae 342	7.966832733665024e-05	0.0025464094700505206	1375.0	0.0025464094700505206	0.0	3.6265894473091514e-05	0.0010625433847468511	573.7479267220657	0.0005889150628916841	0.00114264337674267
ti|391008	Stenotrophomonas maltophilia R551-3	7.908821119413337e-05	0.0009018919359378935	487.0	0.0009018919359378935	0.0	7.947521712614074e-05	0.0009850746452928767	531.9166666666664	0.0009518941582588856	8.148510304161666e-05
ti|311403	Agrobacterium radiobacter K84	7.60406998606642e-05	0.0006833637050535579	369.0	0.0006833637050535579	0.0	7.604070015245558e-05	0.0006833637050535579	369.0	0.0006833637050535579	0.0
ti|314225	Erythrobacter litoralis HTCC2594	7.446092340958601e-05	0.001237092018904544	668.0	0.001237092018904544	0.0	7.446092085996294e-05	0.0012167207431441397	657.0	0.0012167207431441397	0.0
ti|272630	Methylobacterium extorquens AM1	7.393111385318203e-05	0.004881698445856853	2636.0	0.004861327170096449	2.0371275760404165e-05	5.0993521753552504e-05	0.0017635043038950287	952.2500000000219	0.0012519074921848378	0.0013815428833874098
ti|400668	Marinomonas sp. MWYL1	7.330890281821882e-05	0.0010241195905003185	553.0	0.0010241195905003185	0.0	7.330890281821928e-05	0.0010241195905003185	553.0	0.0010241195905003185	0.0
ti|223926	Vibrio parahaemolyticus RIMD 2210633	7.289351277917761e-05	0.00416129605760256	2247.0	0.00416129605760256	0.0	4.011170118985207e-05	0.0031584560724744627	1705.4904761904704	0.001731558439634354	0.0026278945730921375
ti|536019	Mesorhizobium opportunistum WSM2075	6.918287458985802e-05	0.0005852111945716105	316.0	0.0005852111945716105	0.0	6.91814847458021e-05	0.0005673091643579223	306.3333333333335	0.0005592841163310962	2.407514408047765e-05
ti|469607	Fusobacterium nucleatum subsp. animalis 4_8	6.883386899410353e-05	0.0010111560513800613	546.0	0.0009796731706594368	3.148288072062462e-05	4.296434019749358e-05	0.0004206536163512032	227.1428571428573	0.00027779012400551135	0.00034260781960679734
ti|1408283	Clostridium botulinum CDC_1436	6.60139534435224e-05	0.0021075010741218128	1138.0	0.0019278634605982487	0.000179637613523564	3.070884800880504e-05	0.00039105153110220015	211.15844155844164	4.81502881609553e-05	0.0010259715246603552
ti|379066	Gemmatimonas aurantiaca T-27	6.466500945858937e-05	0.0011389395084225966	615.0	0.0011389395084225966	0.0	6.466500945858937e-05	0.0011389395084225966	615.0	0.0011389395084225966	0.0
ti|323098	Nitrobacter winogradskyi Nb-255	6.434931630231163e-05	0.0012463516897047277	673.0	0.0012463516897047277	0.0	6.434918818868176e-05	0.0012009793027838273	648.5	0.0012056091381839192	0.0
ti|1452729	Bacillus thuringiensis HD1002	6.42006356916809e-05	0.0012407958872246174	670.0	0.0011667185208231476	7.40773664014697e-05	2.1816551494056676e-05	0.0006159107831025694	332.57704101659306	0.0001277834570425352	0.0031427322695823517
ti|1206105	Enterococcus faecalis D32	6.395465713089861e-05	0.002213061321243907	1195.0	0.002213061321243907	0.0	2.042312514050923e-05	0.0004691434257748303	253.32619047618977	0.00013148732536260872	0.0010241195905003185
ti|546414	Deinococcus deserti VCD115	6.392900151666156e-05	0.0002537149799250337	137.0	0.0002537149799250337	0.0	6.392900151666156e-05	0.0002537149799250337	137.0	0.0002537149799250337	0.0
ti|426355	Methylobacterium radiotolerans JCM 2831	6.391187271584572e-05	0.0014778434597093205	798.0	0.0014778434597093205	0.0	6.388852737641602e-05	0.0014176555995081264	765.5	0.0013870986858675201	9.074477384180038e-05
ti|565050	Caulobacter crescentus NA1000	6.375297806100656e-05	0.0008639272856571403	466.5	0.0014389528423485488	0.0002889017289657318	6.375297688628036e-05	0.0008537416477769382	461.0	0.001401914159147814	0.0003055691364060625
ti|190650	Caulobacter crescentus CB15	6.375297806100656e-05	0.0008639272856571403	466.5	0.0014389528423485488	0.0002889017289657318	6.375297688628036e-05	0.0008537416477769382	461.0	0.001401914159147814	0.0003055691364060625
ti|391038	Paraburkholderia phymatum STM815	6.373024345947484e-05	0.0009444864216187386	510.0	0.0009444864216187386	0.0	6.373017362488646e-05	0.0009444864216187386	510.0	0.0009444864216187386	0.0
ti|224324	Aquifex aeolicus VF5	6.366634966064061e-05	0.0006352134168926026	343.0	0.0006352134168926026	0.0	6.366634966064061e-05	0.0006352134168926026	343.0	0.0006352134168926026	0.0
ti|582744	Methylovorus glucosetrophus SIP3-4	6.34372934342778e-05	0.0009222632116982977	498.0	0.0009222632116982977	0.0	6.271239620850886e-05	0.0009102256396580589	491.5	0.0009222632116982977	0.0
ti|573370	Desulfovibrio magneticus RS-1	6.29051165585588e-05	0.00046853934248929584	253.0	0.00046853934248929584	0.0	6.29051165585588e-05	0.00046853934248929584	253.0	0.00046853934248929584	0.0
ti|405948	Saccharopolyspora erythraea NRRL 2338	6.280390478683346e-05	0.0010167118538601716	549.0	0.0010167118538601716	0.0	6.280390480614543e-05	0.0010167118538601716	549.0	0.0010167118538601716	0.0
ti|977880	Cupriavidus taiwanensis LMG 19424	6.268600438593609e-05	0.0011796820599434049	637.0	0.0011796820599434049	0.0	6.257668493582405e-05	0.001154680948782909	623.5	0.001157458850022964	1.8519341600367424e-06
ti|313590	Dokdonia sp. MED134	6.177592016399762e-05	0.0003444597537668341	186.0	0.0003444597537668341	0.0	6.158060350973583e-05	0.00034785496639356807	187.83333333333331	0.0003352000829666504	3.148288072062462e-05
ti|398767	Geobacter lovleyi SZ	6.092015956971332e-05	0.0004759470791294428	257.0	0.0004759470791294428	0.0	6.092015959484494e-05	0.00048705868408966324	263.0	0.00048705868408966324	0.0
ti|471857	Saccharomonospora viridis DSM 43017	6.089739158119969e-05	0.00039816584440789963	215.0	0.00039816584440789963	0.0	6.089739158119969e-05	0.00039816584440789963	215.0	0.00039816584440789963	0.0
ti|394	Sinorhizobium fredii NGR234	6.0232892287186015e-05	0.0006259537460924189	338.0	0.0006259537460924189	0.0	6.023289128337111e-05	0.0006259537460924189	338.0	0.0006259537460924189	0.0
ti|309799	Dictyoglomus thermophilum H-6-12	5.99891551736561e-05	0.0002889017289657318	156.0	0.0002889017289657318	0.0	5.99891551736561e-05	0.0002889017289657318	156.0	0.0002889017289657318	0.0
ti|399741	Serratia proteamaculans 568	5.950850949116489e-05	0.0013241329244262708	715.0	0.0013241329244262708	0.0	5.950849896808934e-05	0.0013130213194660503	709.0	0.0013130213194660503	0.0
ti|1350461	Synechococcus sp. UTEX 2973	5.933763870101775e-05	0.0008204068328962769	443.0	0.0008204068328962769	0.0	2.2542668403000152e-05	0.000270999698752043	146.33333333333317	0.0	0.0007944797546557625
ti|395960	Rhodopseudomonas palustris TIE-1	5.931737943987186e-05	0.004465013259848586	2411.0	0.004461309391528512	3.703868320073485e-06	4.381050484263021e-05	0.002414922144687912	1304.0	0.0023926989347674713	0.0002185282308843356
ti|392499	Sphingomonas wittichii RW1	5.8627321904343194e-05	0.001566736299391084	846.0	0.001566736299391084	0.0	5.860945182010615e-05	0.0015074744062699083	814.0	0.0015130302087500184	5.3706090641065526e-05
ti|251221	Gloeobacter violaceus PCC 7421	5.6326266120847685e-05	0.0014722876572292101	795.0	0.0014722876572292101	0.0	5.6326266120847685e-05	0.0014722876572292101	795.0	0.0014722876572292101	0.0
ti|652103	Rhodopseudomonas palustris DX-1	5.626739173504858e-05	0.0011185682326621924	604.0	0.0011185682326621924	0.0	5.623020491379084e-05	0.0010685660103412003	577.0	0.0010685660103412003	0.0
ti|349521	Hahella chejuensis KCTC 2396	5.54394013544816e-05	0.002042683378520527	1103.0	0.002042683378520527	0.0	5.54394013544816e-05	0.002042683378520527	1103.0	0.002042683378520527	0.0
ti|264199	Streptococcus thermophilus LMG 18311	5.3471763920953944e-05	0.0006241018119323822	337.0	0.0006241018119323822	0.0	1.564717537668891e-05	0.00014310821221683923	77.27499999999998	5.555802480110227e-06	0.00039816584440789963
ti|1901	Streptomyces clavuligerus	5.314840139613739e-05	0.0005444686430508023	294.0	0.0005444686430508023	0.0	5.314840152990283e-05	0.0005444686430508023	294.0	0.0005444686430508023	0.0
ti|314260	Parvularcula bermudensis HTCC2503	5.253202115277256e-05	0.0025352978650903003	1369.0	0.0025352978650903003	0.0	5.253202115277256e-05	0.0025352978650903003	1369.0	0.0025352978650903003	0.0
ti|358681	Brevibacillus brevis NBRC 100599	5.1598114788950585e-05	0.000740773664014697	400.0	0.000740773664014697	0.0	5.1598114788950585e-05	0.000740773664014697	400.0	0.000740773664014697	0.0
ti|471854	Dyadobacter fermentans DSM 18053	5.103289486211193e-05	0.0021093530082818496	1139.0	0.0021093530082818496	0.0	5.103289486211193e-05	0.0021093530082818496	1139.0	0.0021093530082818496	0.0
ti|350058	Mycobacterium vanbaalenii PYR-1	5.013198495315283e-05	0.000618546009452272	334.0	0.000618546009452272	0.0	5.013198495324891e-05	0.000618546009452272	334.0	0.000618546009452272	0.0
ti|426117	Methylobacterium sp. 4-46	4.866360857893716e-05	0.0018426744892365587	995.0	0.0018426744892365587	0.0	4.866371065337465e-05	0.0018426744892365587	995.0	0.0018426744892365587	0.0
ti|78245	Xanthobacter autotrophicus Py2	4.816632829354606e-05	0.0012852423070654991	694.0	0.0012852423070654991	0.0	4.816433524535187e-05	0.0012833903729054625	693.0	0.0012889461753855726	0.0
ti|342108	Magnetospirillum magneticum AMB-1	4.7993565068499194e-05	0.0011963494673837356	646.0	0.0011963494673837356	0.0	4.396376541001684e-05	0.0011593107841830006	626.0	0.0011963494673837356	0.0
ti|435590	Bacteroides vulgatus ATCC 8482	4.721770849247593e-05	0.002222320992044091	1200.0	0.002222320992044091	0.0	2.336560370817232e-05	0.0011151730200354584	602.1666666666667	0.0005444686430508023	0.00122783234810436
ti|269798	Cytophaga hutchinsonii ATCC 33406	4.6686564049641236e-05	0.0018963805798776242	1024.0	0.0018963805798776242	0.0	4.6686564049641236e-05	0.0018963805798776242	1024.0	0.0018963805798776242	0.0
ti|126740	Thermotoga sp. RQ2	4.632438730565031e-05	0.0013185771219461607	712.0	0.0013167251877861238	1.8519341600367424e-06	1.173345598100593e-05	0.0002739760215092452	147.9404761904762	0.000122227654562425	0.0004963183548898469
ti|425104	Shewanella sediminis HAW-EB3	4.582803470775746e-05	0.0015815517726713779	854.0	0.0015815517726713779	0.0	4.582803470775801e-05	0.0015852556409914514	856.0	0.0015852556409914514	0.0
ti|335541	Syntrophomonas wolfei subsp. wolfei str. Goettingen G311	4.578156567498823e-05	0.0004759470791294428	257.0	0.0004759470791294428	0.0	4.578156567498823e-05	0.0004759470791294428	257.0	0.0004759470791294428	0.0
ti|398580	Dinoroseobacter shibae DFL 12 = DSM 16493	4.57255316114209e-05	0.0010833814836214942	585.0	0.0010833814836214942	0.0	3.2193456077601434e-05	0.000752348252514927	406.25000000000017	0.0005740995896113901	0.0004444641984088182
ti|312153	Polynucleobacter asymbioticus QLW-P1DMWA-1	4.5365269504259496e-05	0.0010296753929804287	556.0	0.0010296753929804287	0.0	4.536526928875644e-05	0.0010296753929804287	556.0	0.0010296753929804287	0.0
ti|76114	Aromatoleum aromaticum EbN1	4.529758694122819e-05	0.000783368149695542	423.0	0.000783368149695542	0.0	4.529758693947377e-05	0.000783368149695542	423.0	0.000783368149695542	0.0
ti|316055	Rhodopseudomonas palustris BisA53	4.507787231934533e-05	0.0012611671629850216	681.0	0.0012611671629850216	0.0	4.5077871153680554e-05	0.0012611671629850216	681.0	0.0012611671629850216	0.0
ti|481448	Methylacidiphilum infernorum V4	4.5050793265126815e-05	0.0011259759693023393	608.0	0.0011259759693023393	0.0	4.5050793265126815e-05	0.0011259759693023393	608.0	0.0011259759693023393	0.0
ti|349163	Acidiphilium cryptum JF-5	4.460759850184098e-05	0.0015371053528304961	830.0	0.0015371053528304961	0.0	2.2950291039394277e-05	0.0013380224306265463	722.5	0.0015352534186704595	1.8519341600367424e-06
ti|378806	Stigmatella aurantiaca DW4/3-1	4.3249506750888124e-05	0.000805591359615983	435.0	0.000805591359615983	0.0	4.32495138457502e-05	0.0008129990962561299	439.0	0.0008129990962561299	0.0
ti|489653	Neisseria lactamica 020-06	4.305986856227174e-05	0.000718550454094256	388.0	0.0007055869149739988	1.2963539120257197e-05	3.191639569861633e-05	0.0003287844539122373	177.53571428571425	0.00029075366312576853	5.740995896113901e-05
ti|292459	Symbiobacterium thermophilum IAM 14863	4.265899881380218e-05	0.0004352045276086345	235.0	0.0004352045276086345	0.0	4.265899881380218e-05	0.0004352045276086345	235.0	0.0004352045276086345	0.0
ti|32049	Synechococcus sp. PCC 7002	4.244617652567388e-05	0.00020186082344400493	109.0	0.00020186082344400493	0.0	4.241594003186487e-05	0.0001898232514037661	102.5	0.00017778567936352726	2.407514408047765e-05
ti|391616	Octadecabacter arcticus 238	4.201368849220822e-05	0.0002740862556854379	148.0	0.0002740862556854379	0.0	4.20136884922091e-05	0.0002740862556854379	148.0	0.0002740862556854379	0.0
ti|325240	Shewanella baltica OS155	4.173554706371303e-05	0.00038335037112760566	207.0	0.00038335037112760566	0.0	2.7600155469294634e-05	0.0007262668464277395	392.16666666666504	1.1111604960220454e-05	0.0016297020608323333
ti|420662	Methylibium petroleiphilum PM1	4.009457449300582e-05	0.0010833814836214942	585.0	0.0010833814836214942	0.0	4.009462296155541e-05	0.001085233417781531	586.0	0.001085233417781531	0.0
ti|257363	Rickettsia typhi str. Wilmington	3.968787241663383e-05	8.148510304161673e-05	44.000000000000036	0.0	0.00024445530912485	3.963856977525947e-05	1.605009605365176e-05	8.666666666666664	0.0	4.81502881609553e-05
ti|1003202	Rickettsia typhi str. B9991CWPP	3.968787241663383e-05	8.148510304161673e-05	44.000000000000036	0.0	0.00024445530912485	3.963856977525947e-05	1.605009605365176e-05	8.666666666666664	0.0	4.81502881609553e-05
ti|1003201	Rickettsia typhi str. TH1527	3.968787241663383e-05	8.148510304161673e-05	44.000000000000036	0.0	0.00024445530912485	3.963856977525947e-05	1.605009605365176e-05	8.666666666666664	0.0	4.81502881609553e-05
ti|504832	Oligotropha carboxidovorans OM5	3.9234728456446305e-05	0.0027612338326147828	1491.0	0.0027612338326147828	0.0	1.962341589537562e-05	0.0014232114019882365	768.5	0.0025556691408507044	0.00019445308680385794
ti|1250339	Burkholderia thailandensis MSMB59	3.885532873349791e-05	0.0024908514452494186	1345.0	0.0024852956427693085	5.555802480110227e-06	7.195648380384072e-06	0.00039876037406482595	215.32103174602847	0.0	0.0028575344089366937
ti|441162	Burkholderia oklahomensis C6786	3.664658534060384e-05	0.0007481814006548439	404.0	0.0007481814006548439	0.0	2.153428198055432e-05	0.0006139161740521807	331.50000000000034	0.00044816806672889165	0.0004648354741692223
ti|392500	Shewanella woodyi ATCC 51908	3.660217256530409e-05	0.0017019274930737663	919.0	0.0017019274930737663	0.0	3.6602172565440954e-05	0.0016982236247536928	917.0	0.0016982236247536928	0.0
ti|644283	Micromonospora aurantiaca ATCC 27029	3.659288835614155e-05	0.0007000311124938886	378.0	0.0007000311124938886	0.0	2.2663116302556588e-05	0.00035773194858043075	193.16666666666669	0.00037409070032742197	9.074477384180038e-05
ti|413999	Clostridium botulinum A str. ATCC 3502	3.594361249136555e-05	0.002407514408047765	1300.0	0.00212046461324207	0.00028704979480569505	1.1606479221589742e-05	0.0006343714282122662	342.54534632034665	0.0	0.002585300087411292
ti|581103	Geobacillus sp. Y4.1MC1	3.56724339703712e-05	0.0005426167088907655	293.0	0.0005426167088907655	0.0	1.522992680368091e-05	0.00021945419796435333	118.49999999999966	6.666962976132273e-05	0.0003944619760878261
ti|1314	Streptococcus pyogenes	3.489796852148603e-05	0.002235284531164348	1207.0	0.002235284531164348	0.0	0.00011942782313459066	0.00014894953670917154	80.42917503407162	0.0	0.0012389439530645805
ti|223283	[Pseudomonas syringae] pv. tomato str. DC3000	3.4626438069482684e-05	0.0018426744892365587	995.0	0.0018426744892365587	0.0	3.3855601919171346e-05	0.0018334148184363749	990.0	0.0018223032134761544	2.2223209920440907e-05
ti|228410	Nitrosomonas europaea ATCC 19718	3.4247452613881513e-05	0.0011889417307435887	642.0	0.0011889417307435887	0.0	3.4247452613881513e-05	0.0011889417307435887	642.0	0.0011889417307435887	0.0
ti|1392005	Comamonas testosteroni TK102	3.3702841429920914e-05	0.0017556335837148318	948.0	0.0017556335837148318	0.0	3.2416757137155797e-05	0.001787826372530141	965.3833333333354	0.001688963953953509	0.0003277923463265034
ti|323261	Nitrosococcus oceani ATCC 19707	3.362706736197237e-05	0.0033668163029467978	1818.0	0.0033668163029467978	0.0	3.323573191789888e-05	0.0031575477428626457	1705.0	0.0032519963850245197	9.074477384180038e-05
ti|207559	Desulfovibrio alaskensis G20	3.2970064305291104e-05	0.00043890839592870796	237.0	0.00043890839592870796	0.0	3.2970064305291104e-05	0.00043890839592870796	237.0	0.00043890839592870796	0.0
ti|441772	Clostridium botulinum F str. Langeland	3.29115895086009e-05	0.0011315317717824497	611.0	0.0011111604960220454	2.0371275760404165e-05	1.6285230660485884e-05	0.0005022660565684705	271.21161616161646	6.481769560128599e-05	0.001459324118108953
ti|375451	Roseobacter denitrificans OCh 114	3.289139213005957e-05	0.0007204023882542927	389.0	0.0007204023882542927	0.0	3.2891917721659856e-05	0.0007204023882542927	389.0	0.0007204023882542927	0.0
ti|491916	Rhizobium etli CIAT 652	3.285917560780416e-05	0.0007629968739351379	412.0	0.0007629968739351379	0.0	3.1379597205211396e-05	0.0007055869149739988	381.0	0.0006741040342533742	8.889283968176363e-05
ti|317025	Thiomicrospira crunogena XCL-2	3.225892038774283e-05	0.0015500688919507534	837.0	0.0015500688919507534	0.0	3.225892038774283e-05	0.0015500688919507534	837.0	0.0015500688919507534	0.0
ti|693745	Helicobacter pylori B8	3.186081044432387e-05	0.001746373912914648	943.0	0.001488955064669541	0.00025741884824510716	2.613894303319241e-05	0.0004666874083292591	252.0	0.000359275227047128	0.00011667185208231478
ti|404380	Geobacter bemidjiensis Bem	3.136390281396652e-05	0.0011833859282634784	639.0	0.0011833859282634784	0.0	3.1364232187702645e-05	0.0011907936649036253	643.0	0.0011907936649036253	0.0
ti|224911	Bradyrhizobium diazoefficiens USDA 110	2.9758143437030566e-05	0.0025056669185297125	1353.0	0.0025056669185297125	0.0	2.460125587618335e-05	0.0021491695927226395	1160.5	0.0020093485636398655	0.0004926144865697735
ti|291331	Xanthomonas oryzae pv. oryzae KACC 10331	2.9442757707405713e-05	0.0022556558069247524	1218.0	0.0022482480702846054	7.40773664014697e-06	6.477165684796407e-06	0.00038127796861517913	205.88095238094996	1.8519341600367425e-05	0.001481547328029394
ti|76869	Pseudomonas putida GB-1	2.9147063657462806e-05	0.0020371275760404164	1100.0	0.0020371275760404164	0.0	3.1083950746629645e-05	0.002592986889433563	1400.1506886087777	0.0022908425559654503	0.003113101323021764
ti|640511	Burkholderia sp. CCGE1002	2.9106513167141775e-05	0.002183430374683319	1179.0	0.002183430374683319	0.0	2.9106514881992936e-05	0.002202875683363705	1189.5	0.002201949716283687	1.8519341600367424e-06
ti|575788	Vibrio tasmaniensis LGP32	2.795014841489249e-05	0.003596456138791354	1942.0	0.003596456138791354	0.0	2.790886767795686e-05	0.0031473621049824436	1699.5	0.0031890306235832703	0.0
ti|438753	Azorhizobium caulinodans ORS 571	2.7413664456142146e-05	0.001020415722180245	551.0	0.001020415722180245	0.0	2.7413664456555234e-05	0.001020415722180245	551.0	0.001020415722180245	0.0
ti|457405	Fusobacterium nucleatum subsp. animalis 7_1	2.7272358373117368e-05	0.00034260781960679734	185.0	0.0003370520171266871	5.555802480110227e-06	3.417466546490074e-05	0.0006243663739552444	337.14285714285705	0.0004926144865697735	0.0003055691364060625
ti|340	Xanthomonas campestris pv. campestris	2.6998621106549247e-05	0.002155651362282768	1164.0	0.0021519474939626945	3.703868320073485e-06	8.806792544873091e-06	0.0005223997609770333	282.08333333333456	0.0001000044446419841	0.0012833903729054625
ti|283942	Idiomarina loihiensis L2TR	2.6926480150412647e-05	0.001422285434908218	768.0	0.002844570869816436	0.0	2.7108417495994822e-05	0.0014809798565553994	799.6935790233583	0.002844570869816436	0.0008722609893773057
ti|1321370	Idiomarina loihiensis GSL 199	2.6926480150412647e-05	0.001422285434908218	768.0	0.002844570869816436	0.0	2.7108417495994822e-05	0.0014809798565553994	799.6935790233583	0.002844570869816436	0.0008722609893773057
ti|281310	Haemophilus influenzae 86-028NP	2.550516864452757e-05	0.0009815251048194734	530.0	0.0009815251048194734	0.0	5.973152450193292e-06	0.00019511890122806113	105.35952380952354	7.037349808139621e-05	0.0003407558854467606
ti|380394	Acidithiobacillus ferrooxidans ATCC 53993	2.489342051133523e-05	0.0024815917744492348	1340.0	0.0024815917744492348	0.0	1.2481513543013478e-05	0.0013661100987204377	737.6666666666671	0.0014315451057084019	0.001050046668740833
ti|596153	Alicycliphilus denitrificans BC	2.4317348998318415e-05	0.0012204246114642131	659.0	0.0012204246114642131	0.0	1.3715951313323653e-05	0.0009370786849785917	506.0	0.0011037527593818985	0.0001351911936826822
ti|338969	Rhodoferax ferrireducens T118	2.4293694129660108e-05	0.0018093396743558974	977.0	0.0018093396743558974	0.0	2.429369412105802e-05	0.0018074877401958605	976.0	0.0018074877401958605	0.0
ti|582899	Hyphomicrobium denitrificans ATCC 51888	2.422327060887318e-05	0.0007148465857741825	386.0	0.0007148465857741825	0.0	2.4223270620687445e-05	0.0007148465857741825	386.0	0.0007148465857741825	0.0
ti|204669	Candidatus Koribacter versatilis Ellin345	2.3881631965110146e-05	0.0024908514452494186	1345.0	0.0024908514452494186	0.0	2.3881631965110146e-05	0.0024908514452494186	1345.0	0.0024908514452494186	0.0
ti|395963	Beijerinckia indica subsp. indica ATCC 9039	2.3811340399105485e-05	0.000675955968413411	365.0	0.000675955968413411	0.0	2.3811340399105485e-05	0.000675955968413411	365.0	0.000675955968413411	0.0
ti|640512	Burkholderia sp. CCGE1003	2.3766446633807598e-05	0.0008537416477769382	461.0	0.000848185845296828	5.555802480110227e-06	2.3766436563116104e-05	0.0008241107012163504	445.0	0.0008241107012163504	0.0
ti|243233	Methylococcus capsulatus str. Bath	2.3090723302327084e-05	0.002324177370846112	1255.0	0.002324177370846112	0.0	2.3090717486628545e-05	0.0023112138317258543	1248.0	0.002324177370846112	0.0
ti|491915	Anoxybacillus flavithermus WK1	2.3024091286529813e-05	0.0004500200008889284	243.0	0.0004500200008889284	0.0	2.3023706204421923e-05	0.0004500200008889284	243.0	0.0004500200008889284	0.0
ti|643561	Acidovorax avenae subsp. avenae ATCC 19860	2.2837287444220436e-05	0.000840778108656681	454.0	0.000840778108656681	0.0	2.2859375544934755e-05	0.0010074521830599878	544.0	0.0010093041172200246	0.0
ti|441620	Methylobacterium populi BJ001	2.2642678012296495e-05	0.0016463694682726639	889.0	0.0016463694682726639	0.0	2.251659665945487e-05	0.0015398832540705512	831.5	0.0015000666696297613	0.00013148732536260872
ti|204773	Herminiimonas arsenicoxydans	2.263649583060811e-05	0.002579744284931182	1393.0	0.002579744284931182	0.0	2.8661220492512678e-05	0.00260937523149177	1409.0	0.002631598441412211	0.0
ti|557598	Laribacter hongkongensis HLHK9	2.254416557810707e-05	0.0003944619760878261	213.0	0.0003944619760878261	0.0	2.254416557810935e-05	0.0003944619760878261	213.0	0.0003944619760878261	0.0
ti|313595	Psychroflexus torquis ATCC 700755	2.227835410354685e-05	0.0004444641984088182	240.0	0.0004444641984088182	0.0	2.2278354102460464e-05	0.00044261226424878144	239.0	0.00044261226424878144	0.0
ti|318161	Shewanella denitrificans OS217	2.223217171938378e-05	0.0012019052698638458	649.0	0.0012019052698638458	0.0	2.223217171938378e-05	0.0012019052698638458	649.0	0.0012019052698638458	0.0
ti|530564	Pirellula staleyi DSM 6068	2.2137500033667218e-05	0.00038335037112760566	207.0	0.00038335037112760566	0.0	2.2137500033667218e-05	0.00038335037112760566	207.0	0.00038335037112760566	0.0
ti|1405	Bacillus mycoides	2.1958600692605973e-05	0.005248381409544128	2834.0	0.005226158199623687	2.2223209920440907e-05	1.1914564478936556e-05	0.002400412774392784	1296.165288265518	0.0024686282353289777	0.0019241595922781752
ti|295405	Bacteroides fragilis YCH46	2.1900865750723265e-05	0.005533579270189787	2988.0	0.005533579270189787	0.0	7.360976914886008e-06	0.0015028445708698264	811.5000000000053	0.0003314962146465769	0.0034964516941493697
ti|632772	Rhodococcus opacus B4	2.153511017209388e-05	0.0002648265848852542	143.0	0.0002648265848852542	0.0	2.174479826017597e-05	0.0002703823873653644	146.0	0.0002703823873653644	0.0
ti|788929	Xylella fastidiosa subsp. fastidiosa GB514	2.1277424466871753e-05	0.0001493893555762971	80.6666666666666	0.0	0.00044816806672889165	1.6157438508285772e-05	0.0001101283513835185	59.46666666666678	0.0	0.0004352045276086345
ti|405441	Xylella fastidiosa M23	2.1277424466871753e-05	0.0001493893555762971	80.6666666666666	0.0	0.00044816806672889165	1.6157438508285772e-05	0.0001101283513835185	59.46666666666678	0.0	0.0004352045276086345
ti|183190	Xylella fastidiosa Temecula1	2.1277424466871753e-05	0.0001493893555762971	80.6666666666666	0.0	0.00044816806672889165	1.6157438508285772e-05	0.0001101283513835185	59.46666666666678	0.0	0.0004352045276086345
ti|1634516	Citromicrobium sp. JL477	2.1019462209645893e-05	0.000740773664014697	400.0	0.000740773664014697	0.0	2.101804314022829e-05	0.0007250322236543846	391.5	0.0007389217298546602	0.0
ti|447217	Anaeromyxobacter sp. K	1.999918681585624e-05	0.0017222987688341703	930.0	0.0017111871638739499	1.1111604960220454e-05	1.8107506585747656e-05	0.0013130213194660503	709.0	0.0013130213194660503	3.889061736077159e-05
ti|661367	Legionella longbeachae NSW150	1.9547385374344714e-05	0.001609330785071929	869.0	0.001609330785071929	0.0	1.9547385374344714e-05	0.001609330785071929	869.0	0.001609330785071929	0.0
ti|395495	Leptothrix cholodnii SP-6	1.9188926567831297e-05	0.0014426567106686223	779.0	0.0014426567106686223	0.0	1.91889265677792e-05	0.001444508644828659	780.0	0.001444508644828659	0.0
ti|296591	Polaromonas sp. JS666	1.9038576777745038e-05	0.00122227654562425	660.0	0.00122227654562425	0.0	1.9038576776904588e-05	0.00122227654562425	660.0	0.00122227654562425	0.0
ti|469371	Thermobispora bispora DSM 43833	1.8906650074243996e-05	0.0004889106182497	264.0	0.0004889106182497	0.0	1.8906650074243996e-05	0.0004889106182497	264.0	0.0004889106182497	0.0
ti|60481	Shewanella sp. MR-7	1.8847534972590506e-05	0.0011148643643421189	602.0	0.0011148643643421189	0.0	1.9689505536554063e-05	0.0009259670800183711	500.0	0.0009555980265789591	2.5927078240514393e-05
ti|465817	Erwinia tasmaniensis Et1/99	1.8803054922673542e-05	0.0004500200008889284	243.0	0.0004500200008889284	0.0	1.880305440203427e-05	0.0004500200008889284	243.0	0.0004500200008889284	0.0
ti|521096	Tsukamurella paurometabola DSM 20162	1.8438059566066352e-05	0.0008518897136169015	460.0	0.0008518897136169015	0.0	1.843805956610094e-05	0.0008537416477769382	461.0	0.0008537416477769382	0.0
ti|203122	Saccharophagus degradans 2-40	1.827714054237115e-05	0.0016778523489932886	906.0	0.0016778523489932886	0.0	1.827714054237115e-05	0.0016778523489932886	906.0	0.0016778523489932886	0.0
ti|428406	Ralstonia pickettii 12D	1.791694404842861e-05	0.0008500377794568647	459.0	0.0008500377794568647	0.0	7.412180663239455e-05	0.0021087356968951675	1138.666666666665	0.001818599345156081	0.0015056224721098715
ti|266265	Paraburkholderia xenovorans LB400	1.7523218128168507e-05	0.00399647391735929	2158.0	0.003994621983199253	1.8519341600367424e-06	1.7687139243699645e-05	0.004195441318111018	2265.437621188315	0.003979806509918959	0.0009296709483384446
ti|1492	Clostridium butyricum	1.743525924669806e-05	0.0010056002488999512	543.0	0.0010056002488999512	0.0	1.743525924669806e-05	0.0010056002488999512	543.0	0.0010056002488999512	0.0
ti|180850	Bacillus thuringiensis serovar indiana	1.7376515065785556e-05	0.00010556024712209431	57.0	9.259670800183712e-05	1.2963539120257197e-05	3.894085110572537e-05	0.0007522140664043834	406.1775427207733	7.778123472154318e-05	0.0027001200053335703
ti|103690	Nostoc sp. PCC 7120	1.7312986362302585e-05	0.001020415722180245	551.0	0.001020415722180245	0.0	1.7310855487176465e-05	0.0009768952694193815	527.5	0.0009741173681793265	2.2223209920440907e-05
ti|350701	Burkholderia dolosa AU0158	1.729475693428285e-05	0.0009870809072995838	533.0	0.000970413499859253	1.6667407440330682e-05	1.983592210590671e-05	0.001337096463546528	722.0	0.0011593107841830006	0.0005148376964902143
ti|225849	Shewanella piezotolerans WP3	1.670271041033187e-05	0.0015185860112301287	820.0	0.0015185860112301287	0.0	1.6702710410333127e-05	0.0015185860112301287	820.0	0.0015185860112301287	0.0
ti|357276	Bacteroides dorei	1.6509332738207498e-05	0.0022889906218054134	1236.0	0.0022889906218054134	0.0	1.2645847624842917e-05	0.001538957286990533	831.0	0.0010870853519415677	0.0013926544883476302
ti|323850	Shewanella loihica PV-4	1.650780534204013e-05	0.0010667140761811637	576.0	0.0010667140761811637	0.0	1.651139052376388e-05	0.0012022139255571864	649.1666666666673	0.0011667185208231476	5.926189312117576e-05
ti|376686	Flavobacterium johnsoniae UW101	1.630594839540761e-05	0.002709379676133754	1463.0	0.002709379676133754	0.0	1.6304938436402533e-05	0.0026880824332933314	1451.5	0.002709379676133754	0.0
ti|43989	Cyanothece sp. ATCC 51142	1.582903136057697e-05	0.001509326340429945	815.0	0.001509326340429945	0.0	1.582903136057697e-05	0.001509326340429945	815.0	0.001509326340429945	0.0
ti|279238	Novosphingobium aromaticivorans DSM 12444	1.5823942080438085e-05	0.0006704001659333008	362.0	0.0006704001659333008	0.0	1.5823942080445332e-05	0.0006704001659333008	362.0	0.0006704001659333008	0.0
ti|391595	Roseobacter litoralis Och 149	1.5777250373031123e-05	0.0007667007422552113	414.0	0.0007667007422552113	0.0	1.5776724540279088e-05	0.0007046609478939805	380.5	0.0007259581907344031	0.0
ti|319795	Deinococcus geothermalis DSM 11300	1.543495843236854e-05	0.0006148421411321985	332.0	0.0006148421411321985	0.0	1.543495843236854e-05	0.0006148421411321985	332.0	0.0006148421411321985	0.0
ti|293826	Alkaliphilus metalliredigens QYMF	1.5383908408363138e-05	0.0010667140761811637	576.0	0.0010667140761811637	0.0	1.5383908408363138e-05	0.0010667140761811637	576.0	0.0010667140761811637	0.0
ti|546263	Neisseria elongata subsp. glycolytica ATCC 29315	1.529047065546355e-05	0.0002000088892839682	108.0	0.0002000088892839682	0.0	1.5036259917424807e-05	0.00016358751746991225	88.33333333333333	0.00015926633776315984	5.555802480110227e-06
ti|266940	Kineococcus radiotolerans SRS30216 = ATCC BAA-149	1.5225798173061938e-05	0.000603730536171978	326.0	0.000603730536171978	0.0	1.5225798173061796e-05	0.000603730536171978	326.0	0.000603730536171978	0.0
ti|457425	Streptomyces albus J1074	1.5150432214355413e-05	0.00032223654384639315	174.0	0.00032223654384639315	0.0	5.056808979275837e-06	0.00021019452716417004	113.49999999999989	0.00017593374520349052	0.00011111604960220454
ti|317655	Sphingopyxis alaskensis RB2256	1.4755788907392585e-05	0.0027130835444538278	1465.0	0.0027130835444538278	0.0	1.4385088582374563e-05	0.0025553604851573574	1379.8333333333292	0.00245566469620872	0.00025741884824510716
ti|313603	Maribacter sp. HTCC2170	1.4686548013684975e-05	0.000863001318577122	466.0	0.000863001318577122	0.0	1.468654801368491e-05	0.000863001318577122	466.0	0.000863001318577122	0.0
ti|536227	Clostridium carboxidivorans P7	1.4147402667671168e-05	0.0016259981925122598	878.0	0.0016259981925122598	0.0	1.3703788028084709e-05	0.001613960620472021	871.5	0.001609330785071929	1.6667407440330682e-05
ti|195103	Clostridium perfringens ATCC 13124	1.3535795136024502e-05	0.0018408225550765218	994.0	0.0018408225550765218	0.0	1.1997366759037822e-05	0.0007575953993016961	409.08333333333263	0.000611138272812125	0.0004148332518482303
ti|1266738	Proteus mirabilis BB2000	1.3212043823569317e-05	0.0006074344044920515	328.0	0.0006074344044920515	0.0	5.4658961025843546e-06	9.398565862186466e-05	50.74999999999999	5.555802480110227e-06	0.00026297465072521744
ti|216595	Pseudomonas fluorescens SBW25	1.3184291266842201e-05	0.0020593507859608573	1112.0	0.0020593507859608573	0.0	1.3183386131846904e-05	0.0020593507859608573	1112.0	0.0020593507859608573	0.0
ti|384676	Pseudomonas entomophila L48	1.314391521608424e-05	0.001676000414833252	905.0	0.001676000414833252	0.0	1.3143972721876147e-05	0.0017056313613938398	921.0	0.0017056313613938398	0.0
ti|395962	Cyanothece sp. PCC 8802	1.289521958365087e-05	0.0007852200838555787	424.0	0.0007852200838555787	0.0	1.0603998514466613e-05	0.000391684074847771	211.5	0.0005833592604115738	0.0
ti|176299	Agrobacterium fabrum str. C58	1.2763007520314312e-05	0.0009296709483384446	502.0	0.0009296709483384446	0.0	1.2763007426590628e-05	0.0009296709483384446	502.0	0.0009296709483384446	0.0
ti|355276	Leptospira borgpetersenii serovar Hardjo-bovis str. L550	1.2413656764651218e-05	0.000711142717454109	384.0	0.001422285434908218	0.0	8.405210355627717e-06	0.0004308524823325513	232.6500000000017	0.0	0.0012907981095456095
ti|328971	Leptospira borgpetersenii serovar Hardjo	1.2413656764651218e-05	0.000711142717454109	384.0	0.001422285434908218	0.0	8.405210355627717e-06	0.0004308524823325513	232.6500000000017	0.0	0.0012907981095456095
ti|440085	Methylobacterium extorquens CM4	1.238846571154651e-05	0.0011222721009822658	606.0	0.0011037527593818985	1.8519341600367425e-05	1.758409655193824e-05	0.0015838666903714514	855.2500000000148	0.0010185637880202082	0.0014648799205890632
ti|361100	Bacillus cereus Q1	1.2194880377858026e-05	0.00032964428048654017	178.0	0.00030742107056609924	2.2223209920440907e-05	9.726964513720137e-05	0.00085330196054333	460.76257944634517	0.00018889728432374772	0.002322325436686075
ti|290317	Chlorobium phaeobacteroides DSM 266	1.2016750715985219e-05	0.0006778079025734477	366.0	0.0006778079025734477	0.0	1.2016750715985219e-05	0.0006778079025734477	366.0	0.0006778079025734477	0.0
ti|485917	Pedobacter heparinus DSM 2366	1.1579989726877467e-05	0.0015074744062699083	814.0	0.0015074744062699083	0.0	1.1579989726877467e-05	0.0015074744062699083	814.0	0.0015074744062699083	0.0
ti|509190	Caulobacter segnis ATCC 21756	1.1411565360485828e-05	0.0010148599197001347	548.0	0.0010148599197001347	0.0	1.141181842077583e-05	0.0010518986029008697	568.0	0.0010518986029008697	0.0
ti|693216	Cronobacter turicensis z3032	1.1148389988448e-05	0.0007426255981747337	401.0	0.000740773664014697	1.8519341600367424e-06	1.1471064380142079e-05	0.0006998747404650559	377.915562857359	0.000611138272812125	0.001488955064669541
ti|387092	Nitratiruptor sp. SB155-2	1.1013580114070052e-05	0.0004852067499296265	262.0	0.0004852067499296265	0.0	1.1013580114070052e-05	0.0004852067499296265	262.0	0.0004852067499296265	0.0
ti|550542	Geobacillus sp. Y412MC52	1.0910578128350987e-05	0.0003879802065276975	209.5	7.778123472154318e-05	0.0006981791783338519	9.764869770426743e-06	0.00022121133073286475	119.44880952380937	0.0	0.0006352134168926026
ti|544556	Geobacillus sp. Y412MC61	1.0910578128350987e-05	0.0003879802065276975	209.5	7.778123472154318e-05	0.0006981791783338519	9.764869770426743e-06	0.00022121133073286475	119.44880952380937	0.0	0.0006352134168926026
ti|521460	Caldicellulosiruptor bescii DSM 6725	1.0862540098254694e-05	0.00020741662592411514	112.0	0.00020741662592411514	0.0	1.0175681385801774e-05	0.0002055646917640784	111.0	0.00020371275760404167	3.703868320073485e-06
ti|351160	Methanocella arvoryzae MRE50	1.0766680335902364e-05	0.00014259893032282916	77.0	0.00014259893032282916	0.0	1.0766680335902364e-05	0.00014259893032282916	77.0	0.00014259893032282916	0.0
ti|388396	Vibrio fischeri MJ11	1.0666948490637013e-05	0.0013741351467472628	742.0	0.0013741351467472628	0.0	1.032857391031083e-05	0.0011343096730225047	612.5	0.001157458850022964	0.0
ti|400667	Acinetobacter baumannii ATCC 17978	1.0528854567691787e-05	0.0007907758863356889	427.0	0.0007463294664948072	4.4446419840881815e-05	1.8213901627803973e-05	0.0019090401764446632	1030.8358783158835	0.0006092863386520883	0.0031575477428626457
ti|1772	Mycobacterium smegmatis	1.0251275451868961e-05	0.0003537194245670178	191.0	0.0003537194245670178	0.0	7.732886451147075e-06	0.0001768597122835089	95.5	0.00014630279864290263	0.00020741662592411514
ti|190304	Fusobacterium nucleatum subsp. nucleatum ATCC 25586	1.0229851000077918e-05	0.0010370831296205758	560.0	0.0010296753929804287	7.40773664014697e-06	5.985118082115955e-06	0.0005151022585130773	278.14285714285745	0.00017408181104345378	0.0008092952279360564
ti|350688	Alkaliphilus oremlandii OhILAs	9.669919483053819e-06	0.0007592930056150644	410.0	0.0007592930056150644	0.0	9.669919483053819e-06	0.0007592930056150644	410.0	0.0007592930056150644	0.0
ti|396588	Thioalkalivibrio sulfidiphilus HL-EbGr7	9.281915563064384e-06	0.0009222632116982977	498.0	0.0009222632116982977	0.0	9.393002085033289e-06	0.0009446501206670932	510.0883935573343	0.0009222632116982977	0.0004000177785679364
ti|761659	Salinibacter ruber M8	9.242345730092112e-06	0.002055646917640784	1110.0	0.002055646917640784	0.0	6.1431196584503315e-06	0.0007787383142954502	420.5	0.0010944930885817146	0.0
ti|264198	Ralstonia eutropha JMP134	9.066822712059756e-06	0.0025167785234899327	1359.0	0.0025167785234899327	0.0	9.066848013339535e-06	0.0025186304576499696	1360.0	0.0025186304576499696	0.0
ti|269482	Burkholderia vietnamiensis G4	8.957282097965888e-06	0.0011444953109027067	618.0	0.0011296798376224128	1.481547328029394e-05	7.463093314768259e-06	0.0010609113491463823	572.8666666666669	0.0005352089722506186	0.00130746551698594
ti|414684	Rhodospirillum centenum SW	8.941038006529159e-06	0.0009241151458583344	499.0	0.0009241151458583344	0.0	8.941038006554805e-06	0.0009278190141784079	501.0	0.0009278190141784079	0.0
ti|1219076	Vibrio alginolyticus NBRC 15630 = ATCC 17749	8.920637640600991e-06	0.0022538038727647155	1217.0	0.0022519519386046787	1.8519341600367424e-06	5.012137084639071e-06	0.0014023462771184892	757.2333333333333	0.0012315362164244336	0.0006074344044920515
ti|315749	Bacillus cytotoxicus NVH 391-98	8.723471506662957e-06	0.0006148421411321985	332.0	0.0006148421411321985	0.0	8.726595972757418e-06	0.0006243075823946084	337.1111111111111	0.0006241018119323822	1.8519341600367424e-06
ti|316056	Rhodopseudomonas palustris BisB18	8.474339129665822e-06	0.0015908114434715617	859.0	0.0015908114434715617	0.0	8.474359525248493e-06	0.0015945153117916352	861.0	0.0015945153117916352	0.0
ti|114615	Bradyrhizobium sp. ORS 278	8.414721048694347e-06	0.0019019363823577344	1027.0	0.0019019363823577344	0.0	8.4168493154451e-06	0.001926011526438212	1040.0	0.001926011526438212	0.0
ti|357809	Lachnoclostridium phytofermentans ISDg	8.403855527350536e-06	0.0007426255981747337	401.0	0.0007426255981747337	0.0	8.403855527350536e-06	0.0007426255981747337	401.0	0.0007426255981747337	0.0
ti|452662	Sphingobium japonicum UT26S	8.346728250877455e-06	0.0006852156392135947	370.0	0.0006852156392135947	0.0	1.5067480862708924e-06	0.0002856696629197635	154.25476190476223	0.0002148243625642621	0.000431500659288561
ti|573061	Clostridium cellulovorans 743B	8.322199918864347e-06	0.0003055691364060625	165.0	0.0003055691364060625	0.0	8.322787761958165e-06	0.0003055691364060625	165.0	0.0003055691364060625	0.0
ti|257310	Bordetella bronchiseptica RB50	8.292131664292126e-06	0.0014315451057084019	773.0	0.0014315451057084019	0.0	3.55107430948075e-06	0.0003210486870871779	173.35858585858597	3.148288072062462e-05	0.0010593063395410167
ti|583345	Methylotenera mobilis JLW8	8.239422053930601e-06	0.0008852245284975629	478.0	0.0008852245284975629	0.0	8.239422053930601e-06	0.0008852245284975629	478.0	0.0008852245284975629	0.0
ti|279010	Bacillus licheniformis DSM 13 = ATCC 14580	8.237194975071637e-06	0.0006666962976132273	360.0	0.0006666962976132273	0.0	7.841614202148304e-06	0.0002879757618857137	155.50000000000014	4.4446419840881815e-05	0.0006222498777723454
ti|367737	Arcobacter butzleri RM4018	8.223091685966644e-06	0.0006481769560128598	350.0	0.0006481769560128598	0.0	7.717974323137057e-06	0.0006432384649194286	347.33333333333337	0.0006389172852126761	9.259670800183713e-06
ti|1148	Synechocystis sp. PCC 6803	8.082156070202414e-06	0.000840778108656681	454.0	0.000840778108656681	0.0	2.6564113865327953e-06	0.00039631391024786284	214.0	0.00024815917744492347	0.0005926189312117576
ti|573065	Asticcacaulis excentricus CB 48	8.077568771219007e-06	0.0006018786020119413	325.0	0.0006018786020119413	0.0	8.077568771732743e-06	0.000603730536171978	326.0	0.000603730536171978	0.0
ti|309801	Thermomicrobium roseum DSM 5159	8.00354814771075e-06	0.0002055646917640784	111.0	0.0002055646917640784	0.0	8.00354814771075e-06	0.0002055646917640784	111.0	0.0002055646917640784	0.0
ti|323848	Nitrosospira multiformis ATCC 25196	7.902099881422233e-06	0.001611182719231966	870.0	0.001611182719231966	0.0	7.902099881422233e-06	0.001611182719231966	870.0	0.001611182719231966	0.0
ti|292414	Ruegeria sp. TM1040	7.847680216148302e-06	0.0005666918529712431	306.0	0.0005666918529712431	0.0	7.847679080484647e-06	0.0005315051039305451	287.0	0.0005315051039305451	0.0
ti|504472	Spirosoma linguale DSM 74	7.839745167777678e-06	0.004220557950723736	2279.0	0.004220557950723736	0.0	7.839745167777271e-06	0.004220557950723736	2279.0	0.004220557950723736	0.0
ti|439292	[Bacillus] selenitireducens MLS10	7.71018038105186e-06	0.00029260559728580527	158.0	0.00029260559728580527	0.0	7.71018038105186e-06	0.00029260559728580527	158.0	0.00029260559728580527	0.0
ti|259564	Methanococcoides burtonii DSM 6242	7.698456184140867e-06	0.00014074699616279242	76.0	0.00014074699616279242	0.0	7.698456184140867e-06	0.00014074699616279242	76.0	0.00014074699616279242	0.0
ti|410358	Methanocorpusculum labreanum Z	7.695534024849911e-06	9.815251048194734e-05	53.0	9.815251048194734e-05	0.0	7.695534024849911e-06	9.815251048194734e-05	53.0	9.815251048194734e-05	0.0
ti|471852	Thermomonospora curvata DSM 43183	7.691785112609622e-06	0.0004111293835281568	222.0	0.0004111293835281568	0.0	7.691785112868692e-06	0.0004111293835281568	222.0	0.0004111293835281568	0.0
ti|235909	Geobacillus kaustophilus HTA426	7.674946606791848e-06	0.0009574499607389958	517.0	0.0007815162155355052	0.00017593374520349052	2.333133631291811e-06	0.0003164065589062252	170.85194805194786	6.666962976132273e-05	0.0008926322651377098
ti|697284	Paenibacillus larvae subsp. larvae DSM 25430	7.617252165712588e-06	7.40773664014697e-05	40.0	7.40773664014697e-05	0.0	7.617252165703948e-06	7.40773664014697e-05	40.0	7.40773664014697e-05	0.0
ti|655815	Zunongwangia profunda SM-A87	7.5487671686894975e-06	0.0013259848585863076	716.0	0.0013259848585863076	0.0	3.224391060691915e-05	0.0015287716491103308	825.5	0.0016185904558721129	0.0
ti|326297	Shewanella amazonensis SB2B	7.4270952431398775e-06	0.0012963539120257196	700.0	0.0012963539120257196	0.0	7.427095243139937e-06	0.0012963539120257196	700.0	0.0012963539120257196	0.0
ti|504474	Corynebacterium urealyticum DSM 7109	7.377812065486472e-06	0.00015556246944308636	84.0	0.00015556246944308636	0.0	7.116476769411129e-06	9.167074092181875e-05	49.5	0.00015000666696297614	5.555802480110227e-06
ti|167879	Colwellia psychrerythraea 34H	7.3584643472871724e-06	0.0016871120197934724	911.0	0.0016871120197934724	0.0	7.358464347287122e-06	0.0016871120197934724	911.0	0.0016871120197934724	0.0
ti|522306	Candidatus Accumulibacter phosphatis clade IIA str. UW-1	7.340416137428304e-06	0.00130746551698594	706.0	0.00130746551698594	0.0	7.3412490169506395e-06	0.0013380224306265463	722.5	0.0013148732536260872	3.3334814880661365e-05
ti|65393	Cyanothece sp. PCC 7424	7.218152615754712e-06	0.0006926233758537416	374.0	0.0006926233758537416	0.0	7.218152615754712e-06	0.0006926233758537416	374.0	0.0006926233758537416	0.0
ti|176280	Staphylococcus epidermidis ATCC 12228	7.215080681680289e-06	0.0011444953109027067	618.0	0.0011444953109027067	0.0	1.931029744195939e-06	0.0003331938209599438	179.91666666666663	0.00011481991792227802	0.0008148510304161667
ti|272568	Gluconacetobacter diazotrophicus PA1 5	6.7703054669502595e-06	0.001624146258352223	877.0	0.001624146258352223	0.0	6.770305466950281e-06	0.001624146258352223	877.0	0.001624146258352223	0.0
ti|177439	Desulfotalea psychrophila LSv54	6.549834333042401e-06	0.000840778108656681	454.0	0.000840778108656681	0.0	6.549834333042401e-06	0.000840778108656681	454.0	0.000840778108656681	0.0
ti|243090	Rhodopirellula baltica SH 1	6.435695174914453e-06	0.0007815162155355052	422.0	0.0007815162155355052	0.0	6.435695174914453e-06	0.0007815162155355052	422.0	0.0007815162155355052	0.0
ti|315750	Bacillus pumilus SAFR-032	6.398966783372346e-06	0.0006222498777723454	336.0	0.0006222498777723454	0.0	6.394109903305832e-06	0.0005000222232099204	270.0	0.0004926144865697735	1.6667407440330682e-05
ti|351605	Geobacter uraniireducens Rf4	6.333236709732316e-06	0.0019649021437989837	1061.0	0.0019649021437989837	0.0	6.333236709087792e-06	0.0019649021437989837	1061.0	0.0019649021437989837	0.0
ti|316273	Xanthomonas campestris pv. vesicatoria str. 85-10	6.305205809559777e-06	0.0013426522660266382	725.0	0.0012519074921848378	9.074477384180038e-05	0.0001811192798499728	0.0008043155827501798	434.3111111111111	0.0006926233758537416	0.00027223432152540113
ti|446470	Stackebrandtia nassauensis DSM 44728	6.262023831899353e-06	0.0011111604960220454	600.0	0.0011111604960220454	0.0	6.262023831899357e-06	0.0011111604960220454	600.0	0.0011111604960220454	0.0
ti|349741	Akkermansia muciniphila ATCC BAA-835	6.161544358846969e-06	0.0007463294664948072	403.0	0.0007463294664948072	0.0	4.30210307943145e-06	0.0005833592604115738	315.0	0.0007463294664948072	0.0
ti|1639	Listeria monocytogenes	6.124256327330769e-06	0.0003944619760878261	213.0	0.0003889061736077159	5.555802480110227e-06	9.50342743375716e-06	0.00026393492206056615	142.51852347457626	1.1111604960220454e-05	0.0027575299642947095
ti|644042	Lactobacillus plantarum JDM1	6.048048933609427e-06	0.00036112716120716474	195.0	0.0	0.0007222543224143295	4.734231744931734e-06	0.00010242298246765121	55.30595238095243	0.0	0.0003907581077677526
ti|1300221	Lactobacillus plantarum DOMLa	6.048048933609427e-06	0.00036112716120716474	195.0	0.0	0.0007222543224143295	4.734231744931734e-06	0.00010242298246765121	55.30595238095243	0.0	0.0003907581077677526
ti|674	Vibrio mimicus	5.9661516418123655e-06	0.00415018445264234	2241.0	0.00415018445264234	0.0	5.966547464385371e-06	0.004294090313191161	2318.7057109557104	0.004253892765604397	5.740995896113901e-05
ti|682795	Granulicella mallensis MP5ACTX8	5.91519375711598e-06	0.0018408225550765218	994.0	0.0018408225550765218	0.0	5.91519375711598e-06	0.0018408225550765218	994.0	0.0018408225550765218	0.0
ti|561230	Pectobacterium carotovorum subsp. carotovorum PC1	5.888256074688936e-06	0.0007018830466539253	379.0	0.0007018830466539253	0.0	5.887691697126233e-06	0.0005555802480110227	300.0	0.0005555802480110227	0.0
ti|568703	Lactobacillus rhamnosus GG	5.840919043220207e-06	0.0007092907832940723	383.0	0.0007092907832940723	0.0	2.1648288724137202e-06	0.00013392570533999045	72.31666666666668	3.703868320073485e-06	0.0002759381898454746
ti|640510	Burkholderia sp. CCGE1001	5.781214695279984e-06	0.0006833637050535579	369.0	0.0006833637050535579	0.0	4.994929210690186e-06	0.0005972487666118494	322.5	0.0005666918529712431	0.0001000044446419841
ti|85962	Helicobacter pylori 26695	5.76792499595405e-06	0.00012732047350252603	68.75	0.0	0.0005092818940101041	3.8882382277097376e-06	7.748660883244637e-05	41.84090909090906	0.0	0.0004592796716891121
ti|1391728	Helicobacter pylori 26695-1CH	5.76792499595405e-06	0.00012732047350252603	68.75	0.0	0.0005092818940101041	3.8882382277097376e-06	7.748660883244637e-05	41.84090909090906	0.0	0.0004592796716891121
ti|1391727	Helicobacter pylori 26695-1CL	5.76792499595405e-06	0.00012732047350252603	68.75	0.0	0.0005092818940101041	3.8882382277097376e-06	7.748660883244637e-05	41.84090909090906	0.0	0.0004592796716891121
ti|1391726	Helicobacter pylori 26695-1	5.76792499595405e-06	0.00012732047350252603	68.75	0.0	0.0005092818940101041	3.8882382277097376e-06	7.748660883244637e-05	41.84090909090906	0.0	0.0004592796716891121
ti|216591	Burkholderia cenocepacia J2315	5.634937278603986e-06	0.00031668074136628294	171.0	0.0003111249388861727	5.555802480110227e-06	1.4759478014497872e-05	0.002203404807409424	1189.785714285711	0.001459324118108953	0.0016222943241921864
ti|716541	Enterobacter cloacae subsp. cloacae ATCC 13047	5.633360229727711e-06	0.0006833637050535579	369.0	0.0006833637050535579	0.0	5.336599794815939e-06	0.0006744345438507637	364.17846725036	0.000481502881609553	0.0034260781960679734
ti|485915	Desulfohalobium retbaense DSM 5692	5.622824758584025e-06	0.0005129857623301776	277.0	0.0005129857623301776	0.0	5.622824758584025e-06	0.0005129857623301776	277.0	0.0005129857623301776	0.0
ti|259536	Psychrobacter arcticus 273-4	5.526651896866423e-06	0.00037409070032742197	202.0	0.00037409070032742197	0.0	5.526645119657874e-06	0.00037409070032742197	202.0	0.00037409070032742197	0.0
ti|262316	Mycobacterium avium subsp. paratuberculosis K-10	5.52565277411112e-06	0.0003370520171266871	182.0	0.0003185326755263197	0.0003555713587270545	3.891276005381789e-06	8.083031203503229e-05	43.646428571428594	0.0	0.00027779012400551135
ti|1199187	Mycobacterium avium subsp. paratuberculosis MAP4	5.52565277411112e-06	0.0003370520171266871	182.0	0.0003185326755263197	0.0003555713587270545	3.891276005381789e-06	8.083031203503229e-05	43.646428571428594	0.0	0.00027779012400551135
ti|205922	Pseudomonas fluorescens Pf0-1	5.514872165002887e-06	0.0022815828851652665	1232.0	0.0022815828851652665	0.0	4.836491036630194e-06	0.002222629647737431	1200.166666666667	0.0022297287286842378	5.3706090641065526e-05
ti|324925	Pelodictyon phaeoclathratiforme BU-1	5.5139744477404815e-06	0.0002963094656058788	160.0	0.0002963094656058788	0.0	5.5139744477404815e-06	0.0002963094656058788	160.0	0.0002963094656058788	0.0
ti|649639	Bacillus cellulosilyticus DSM 2522	5.455419995111075e-06	0.0003759426344874587	203.0	0.0003759426344874587	0.0	5.455224546499482e-06	0.0003555713587270545	192.0	0.0003555713587270545	0.0
ti|316067	Geobacter daltonii FRC-32	5.402103576104005e-06	0.0009333748166585182	504.0	0.0009333748166585182	0.0	5.402103576055086e-06	0.0009333748166585182	504.0	0.0009333748166585182	0.0
