Total Number of Aligned Reads:	533945	Total Number of Mapped Genomes:	2168
Genome	Tax Names	Final Guess	Final Best Hit	Final Best Hit Read Numbers	Final High Confidence Hits	Final Low Confidence Hits	Initial Guess	Initial Best Hit	Initial Best Hit Read Numbers	Initial High Confidence Hits	Initial Low Confidence Hits
ti|575788	Vibrio tasmaniensis LGP32	0.40281720439386504	0.0023354465347554523	1247.0	0.0023354465347554523	0.0	0.4028172025332647	0.0022286939666070473	1190.0	0.0022343125228253846	0.0
ti|398578	Delftia acidovorans SPH-1	0.10893164804579002	0.004901253874462726	2617.0	0.004901253874462726	0.0	0.10003485345387564	0.004745807152422066	2534.0	0.0048843982058077145	5.618556218337095e-06
ti|562	Escherichia coli	0.10776181503950436	0.0486154941051981	25958.0	0.0486154941051981	0.0	0.007861194722826965	0.002424964044199108	1294.7974265798925	7.491408291116126e-06	0.03442676680182416
ti|290315	Chlorobium limicola DSM 245	0.10275550706073831	0.004588487578308627	2450.0	0.004588487578308627	0.0	0.10275550700016929	0.004588487578308627	2450.0	0.004588487578308627	0.0
ti|817	Bacteroides fragilis	0.041650420538785114	0.019322214834861268	10317.0	0.019322214834861268	0.0	0.013905535297230947	0.005030161836714934	2685.8297619047557	0.0007753607581305191	0.01340400228487953
ti|441772	Clostridium botulinum F str. Langeland	0.03642217604484369	0.013321596793677252	7113.0	0.01330286827294946	1.8728520727790315e-05	0.015530240837168927	0.0011561576626330475	617.3246031746025	3.1838485237243536e-05	0.0033074567605277695
ti|350701	Burkholderia dolosa AU0158	0.01929105346292388	0.00558859058517263	2984.0	0.0053863225613124946	0.0002022680238601354	0.01907892537930211	0.0017277060371386566	922.5	0.0017042953862289186	0.0003689518583374692
ti|176299	Agrobacterium fabrum str. C58	0.01828367546213988	0.0021013400256580735	1122.0	0.0021013400256580735	0.0	0.018283675428409987	0.00208823006114862	1115.0	0.00208823006114862	0.0
ti|568815	Brucella microti CCM 4915	0.012264946707953684	0.069203756941258	36951.0	0.06919813838503966	5.618556218337095e-06	0.0003923922319274371	0.002123611540644027	1133.891764069175	0.0	0.05455243517590763
ti|349102	Rhodobacter sphaeroides ATCC 17025	0.010285958943241013	0.004648418844637557	2482.0	0.0046446731404919984	3.745704145558063e-06	0.010283127272571904	0.0035012969500603994	1869.5	0.003483504855368999	2.247422487334838e-05
ti|395491	Rhizobium leguminosarum bv. trifolii WSM1325	0.009687048331298777	0.0038374738971242357	2049.0	0.0038356010450514566	1.8728520727790315e-06	0.00920916993088648	0.001301632190581427	695.0	0.001299759338508648	3.745704145558063e-06
ti|321314	Salmonella enterica subsp. enterica serovar Choleraesuis str. SC-B67	0.006390961847650173	0.026056990888574667	13913.0	0.026056990888574667	0.0	8.24648494226419e-05	0.00038072814761491394	203.2878907782452	0.0	0.0012117352910880335
ti|13373	Burkholderia mallei	0.005646961411709109	0.04503834664619015	24048.0	0.04502149097753514	1.6855668655011284e-05	0.00019478166273194258	0.0018706816273484793	998.8411015145838	0.0	0.03231418966372941
ti|449447	Microcystis aeruginosa NIES-843	0.0032960125713373534	0.0016818211613555704	898.0	0.0016818211613555704	0.0	0.00296466112186353	0.0016003520961896825	854.5	0.0015076459185871204	0.00017417524276844995
ti|557722	Pseudomonas aeruginosa LESB58	0.003260499286439569	0.002236452925194057	1194.142857142741	0.0	0.015655170476359923	0.001283905257921496	0.00039006443964059674	208.27295722389843	0.0	0.007128074988996994
ti|1408277	Pseudomonas aeruginosa LESlike7	0.003260499286439569	0.002236452925194057	1194.142857142741	0.0	0.015655170476359923	0.001283905257921496	0.00039006443964059674	208.27295722389843	0.0	0.007128074988996994
ti|1408275	Pseudomonas aeruginosa LESlike4	0.003260499286439569	0.002236452925194057	1194.142857142741	0.0	0.015655170476359923	0.001283905257921496	0.00039006443964059674	208.27295722389843	0.0	0.007128074988996994
ti|1408274	Pseudomonas aeruginosa LESlike1	0.003260499286439569	0.002236452925194057	1194.142857142741	0.0	0.015655170476359923	0.001283905257921496	0.00039006443964059674	208.27295722389843	0.0	0.007128074988996994
ti|1408273	Pseudomonas aeruginosa LESB65	0.003260499286439569	0.002236452925194057	1194.142857142741	0.0	0.015655170476359923	0.001283905257921496	0.00039006443964059674	208.27295722389843	0.0	0.007128074988996994
ti|1408272	Pseudomonas aeruginosa LES431	0.003260499286439569	0.002236452925194057	1194.142857142741	0.0	0.015655170476359923	0.001283905257921496	0.00039006443964059674	208.27295722389843	0.0	0.007128074988996994
ti|1408271	Pseudomonas aeruginosa LES400	0.003260499286439569	0.002236452925194057	1194.142857142741	0.0	0.015655170476359923	0.001283905257921496	0.00039006443964059674	208.27295722389843	0.0	0.007128074988996994
ti|391774	Desulfovibrio vulgaris DP4	0.002682862345660959	0.0024759104402138797	1322.0	0.0024759104402138797	0.0	0.0014599749302535907	0.000914576095540421	488.3333333333301	0.0007266666042382643	0.0005487456573242562
ti|439375	Ochrobactrum anthropi ATCC 49188	0.0025513431336554875	0.002065755836275272	1103.0	0.002063882984202493	1.8728520727790315e-06	0.0012758942474621106	0.001078501269532181	575.8603603603603	0.0016911854217194656	0.0003127662961540983
ti|316058	Rhodopseudomonas palustris HaA2	0.0024870359830566524	0.003144518630195994	1679.0	0.003144518630195994	0.0	0.002487038044726776	0.003142645778123215	1678.0	0.003142645778123215	0.0
ti|640510	Burkholderia sp. CCGE1001	0.002450005634270903	0.0020395359072563654	1089.0	0.0020395359072563654	0.0	0.0022915190888330695	0.0014633217528646834	781.3333333333334	0.0014533332084765286	0.00017979379898678703
ti|407976	Shewanella baltica OS223	0.0023737354964663347	0.000953281705044527	509.0	0.0009514088529717481	1.8728520727790315e-06	0.0023273398507232257	0.0001401517634462975	74.83333333333333	0.00012735394094897415	1.4982816582232252e-05
ti|129394	Xanthomonas oryzae pv. oryzicola	0.0023711780872937836	0.002676305612001236	1429.0	0.0025264774461789138	0.00014982816582232252	0.00040206438743740447	0.00017969569721154623	95.94761904761906	0.0	0.0006629896337637771
ti|376219	Arthrospira sp. PCC 8005	0.0023674399386810624	0.001076889941847943	575.0	0.001076889941847943	0.0	0.002348279064646267	0.0009832473382089917	525.0	0.001076889941847943	0.0
ti|426355	Methylobacterium radiotolerans JCM 2831	0.002342513729700575	0.0017529895401211736	936.0	0.0017473709839028364	5.618556218337095e-06	0.002342468883036286	0.0017005496820833607	908.0	0.0017005496820833607	0.0
ti|224911	Bradyrhizobium diazoefficiens USDA 110	0.0023364066436157007	0.002839243742333012	1516.0	0.002839243742333012	0.0	0.001172491685365996	0.0022577231737351223	1205.5	0.0022399310790437218	0.0004869415389225482
ti|324925	Pelodictyon phaeoclathratiforme BU-1	0.0023253922006520895	0.0007191751959471481	384.0	0.0007191751959471481	0.0	0.0023253922006520895	0.0007191751959471481	384.0	0.0007191751959471481	0.0
ti|369723	Salinispora tropica CNB-440	0.0016848337866121512	0.002904793564880278	1551.0	0.002904793564880278	0.0	0.0016847156652025532	0.0023935049490116022	1278.0	0.0023935049490116022	0.0
ti|188937	Methanosarcina acetivorans C2A	0.001675435242019496	0.003444174961840639	1839.0	0.003440429257695081	3.745704145558063e-06	0.0016753839885078222	0.00342263716300368	1827.5	0.0034217007369672908	1.8728520727790315e-06
ti|1249663	Burkholderia thailandensis H0587	0.0016585098494773386	0.005034226371630037	2688.0	0.005032353519557258	1.8728520727790315e-06	0.0015516806593273997	0.0004428670868098162	236.46666666666732	3.371133731002257e-05	0.0018597421082695784
ti|318586	Paracoccus denitrificans PD1222	0.0016217044230142895	0.002970343387427544	1586.0	0.002970343387427544	0.0	0.0016217054675121715	0.003010921849004423	1607.6666666666665	0.0029984361685192295	2.247422487334838e-05
ti|106370	Frankia sp. CcI3	0.001583817947716225	0.002545205966906704	1359.0	0.002545205966906704	0.0	0.0015838179477160668	0.002545205966906704	1359.0	0.002545205966906704	0.0
ti|342108	Magnetospirillum magneticum AMB-1	0.001517685255286498	0.0018840891852157057	1006.0	0.0018840891852157057	0.0	0.0015176849342036572	0.0017960651377950912	959.0	0.0017960651377950912	0.0
ti|316056	Rhodopseudomonas palustris BisB18	0.0014778772713655258	0.0031595014467782263	1687.0	0.0031595014467782263	0.0	0.001477877617159879	0.0031613742988510054	1688.0	0.0031613742988510054	0.0
ti|426117	Methylobacterium sp. 4-46	0.0013160968753375166	0.003387989399657268	1809.0	0.0033861165475844892	1.8728520727790315e-06	0.0013160884318666032	0.0033692608789294776	1799.0	0.0033692608789294776	0.0
ti|195102	Clostridium perfringens str. 13	0.0013111890200779948	0.008206837782917717	4382.0	0.008206837782917717	0.0	0.0008779779213232601	0.003028089659671539	1616.8333333333198	0.0019159276704529492	0.003095824476303739
ti|338966	Pelobacter propionicus DSM 2379	0.0012819165397504335	0.0063283671539203475	3379.0	0.0063283671539203475	0.0	0.0012819165397504335	0.0063283671539203475	3379.0	0.0063283671539203475	0.0
ti|292414	Ruegeria sp. TM1040	0.0012728433035539926	0.0019927146054368895	1064.0	0.0019908417533641104	1.8728520727790315e-06	0.0012728432585054662	0.001906563410089054	1018.0	0.001906563410089054	5.618556218337095e-06
ti|323259	Methanospirillum hungatei JF-1	0.001189130321121438	0.0022961166412270926	1226.0	0.0022961166412270926	0.0	0.001189130321121438	0.0022961166412270926	1226.0	0.0022961166412270926	0.0
ti|375451	Roseobacter denitrificans OCh 114	0.0011872297817559164	0.0023841406886477073	1273.0	0.0023841406886477073	0.0	0.0011828756192512919	0.0017586080963395106	939.0	0.0017623538004850688	0.0
ti|509190	Caulobacter segnis ATCC 21756	0.0011769296521150726	0.0012117352910880335	647.0	0.001183642509996348	2.8092781091685473e-05	0.001176905607396648	0.001134948356104093	606.0	0.001134948356104093	0.0
ti|362976	Haloquadratum walsbyi DSM 16790	0.0009422120076440382	0.0012342095159613817	659.0	0.0012342095159613817	0.0	0.0007966200001531322	0.0011068555750124076	591.0	0.0012342095159613817	0.0
ti|395019	Burkholderia multivorans ATCC 17616	0.0009217491518289446	0.009158246635889464	4890.0	0.009152628079671127	5.618556218337095e-06	0.0007935415341372981	0.005409733212222247	2888.5000000000073	0.005137233235632884	0.0005599827697609304
ti|1639	Listeria monocytogenes	0.0008990741700297093	0.010021631441440597	5351.0	0.00999915721656725	2.247422487334838e-05	6.960181582355314e-05	0.0007305563777821807	390.07692513490645	0.0	0.006253453071009186
ti|395962	Cyanothece sp. PCC 8802	0.0008878592127191217	0.0026969069848018054	1440.0	0.0026969069848018054	0.0	0.0006698042433692174	0.0015881785577166187	848.0	0.002020807386528575	9.364260363895158e-06
ti|357809	Lachnoclostridium phytofermentans ISDg	0.0008632844951193902	0.0012885222260719737	688.0	0.0012885222260719737	0.0	0.0008632844951193902	0.0012885222260719737	688.0	0.0012885222260719737	0.0
ti|460265	Methylobacterium nodulans ORS 2060	0.0008560050107716258	0.0018803434810701477	1004.0	0.0018803434810701477	0.0	0.0008560138140600073	0.0018859620372884847	1007.0	0.0018859620372884847	0.0
ti|456442	Methanoregula boonei 6A8	0.0008323936733571089	0.0005880755508526159	314.0	0.0005880755508526159	0.0	0.0008323936733571089	0.0005880755508526159	314.0	0.0005880755508526159	0.0
ti|259564	Methanococcoides burtonii DSM 6242	0.0008310302767663328	0.0009476631488261899	506.0	0.0009476631488261899	0.0	0.0008310302767663327	0.0009476631488261899	506.0	0.0009476631488261899	0.0
ti|377629	Teredinibacter turnerae T7901	0.0008307815676425578	0.0007922164267855303	423.0	0.0007922164267855303	0.0	0.0008307815676425578	0.0007922164267855303	423.0	0.0007922164267855303	0.0
ti|339860	Methanosphaera stadtmanae DSM 3091	0.0008293855919166323	0.00023972506531571604	128.0	0.00023972506531571604	0.0	0.0008293855919166323	0.00023972506531571604	128.0	0.00023972506531571604	0.0
ti|267747	Propionibacterium acnes KPA171202	0.000826983859152479	0.0007397765687477175	395.0	0.001479553137495435	0.0	0.00017586036777182795	0.0003819852737344233	203.95912698412664	0.0	0.001479553137495435
ti|1031709	Propionibacterium acnes 6609	0.000826983859152479	0.0007397765687477175	395.0	0.001479553137495435	0.0	0.00017586036777182795	0.0003819852737344233	203.95912698412664	0.0	0.001479553137495435
ti|435590	Bacteroides vulgatus ATCC 8482	0.000737465733712102	0.00970699229321372	5183.0	0.00970699229321372	0.0	0.0003860574518306136	0.003565005134736066	1903.5166666666487	0.001900944853870717	0.003603367388026857
ti|632772	Rhodococcus opacus B4	0.0007227557442945552	0.0012679208532714043	677.0	0.0012679208532714043	0.0	0.0007218957038064274	0.0012139202851729422	648.1666666666666	0.0011986253265785802	3.1838485237243536e-05
ti|223283	[Pseudomonas syringae] pv. tomato str. DC3000	0.0007185224211906445	0.0032774911273633052	1750.0	0.0032774911273633052	0.0	0.000718044813645031	0.003263756878829592	1742.6666666666665	0.003262508310781073	3.745704145558063e-06
ti|435591	Parabacteroides distasonis ATCC 8503	0.0006713731872916849	0.008948487203738214	4778.0	0.008948487203738214	0.0	0.0006713673316194849	0.008901665901918737	4753.0	0.008922267274719306	0.0
ti|1491	Clostridium botulinum	0.0006522268967474776	0.005017370702975026	2679.0	0.005011752146756689	5.618556218337095e-06	0.000275752773315428	0.0022611396423774105	1207.3242063492064	0.0007304123083838223	0.005901356881326729
ti|335543	Syntrophobacter fumaroxidans MPOB	0.0006402439291146011	0.004959312288718876	2648.0	0.004959312288718876	0.0	0.0006402439291146011	0.004959312288718876	2648.0	0.004959312288718876	0.0
ti|589865	Desulfurivibrio alkaliphilus AHT 2	0.0006293900107053387	0.001951511859835751	1042.0	0.001951511859835751	0.0	0.0006293900107053387	0.001951511859835751	1042.0	0.001951511859835751	0.0
ti|298386	Photobacterium profundum SS9	0.0006152254359555977	0.002153779883695886	1150.0	0.002153779883695886	0.0	0.0006152254359555977	0.002153779883695886	1150.0	0.002153779883695886	0.0
ti|340	Xanthomonas campestris pv. campestris	0.0005983348981694591	0.003320566725037223	1773.0	0.003320566725037223	0.0	0.0005900325722643865	0.000955154557117303	509.99999999999835	0.0004045360477202708	0.0017511166880483946
ti|196164	Corynebacterium efficiens YS-314	0.0005928731263443259	0.001428986131530401	763.0	0.001428986131530401	0.0	0.0005928731263443259	0.001428986131530401	763.0	0.001428986131530401	0.0
ti|386043	Listeria welshimeri serovar 6b str. SLCC5334	0.0005889778147336462	0.0005993126632892901	320.0	0.0005993126632892901	0.0	0.0005889778147345041	0.0005993126632892901	320.0	0.0005993126632892901	0.0
ti|707235	Mycobacterium tuberculosis CTRI-2	0.0005813121267540396	0.005225631853467405	2790.1999999996533	0.0	0.02612815926734027	7.179846566663377e-05	0.0006606659731601477	352.75929303899505	0.0	0.025240427384843007
ti|478435	Mycobacterium tuberculosis KZN 605	0.0005813121267540396	0.005225631853467405	2790.1999999996533	0.0	0.02612815926734027	7.179846566663377e-05	0.0006606659731601477	352.75929303899505	0.0	0.025240427384843007
ti|478434	Mycobacterium tuberculosis KZN 1435	0.0005813121267540396	0.005225631853467405	2790.1999999996533	0.0	0.02612815926734027	7.179846566663377e-05	0.0006606659731601477	352.75929303899505	0.0	0.025240427384843007
ti|478433	Mycobacterium tuberculosis KZN 4207	0.0005813121267540396	0.005225631853467405	2790.1999999996533	0.0	0.02612815926734027	7.179846566663377e-05	0.0006606659731601477	352.75929303899505	0.0	0.025240427384843007
ti|336982	Mycobacterium tuberculosis F11	0.0005813121267540396	0.005225631853467405	2790.1999999996533	0.0	0.02612815926734027	7.179846566663377e-05	0.0006606659731601477	352.75929303899505	0.0	0.025240427384843007
ti|321327	Synechococcus sp. JA-3-3Ab	0.0005281313858696953	0.0018709792207062526	999.0	0.0018709792207062526	0.0	0.0005281314481863289	0.0018784706289973687	1003.0	0.0018784706289973687	0.0
ti|349521	Hahella chejuensis KCTC 2396	0.0005169072348444634	0.0025152403337422393	1343.0	0.0025152403337422393	0.0	0.0005169072348444634	0.0025152403337422393	1343.0	0.0025152403337422393	0.0
ti|103690	Nostoc sp. PCC 7120	0.0005134911260476388	0.002908539269025836	1553.0	0.002908539269025836	0.0	0.0005132931376569022	0.0027530925469851763	1470.0	0.0027549653990579554	0.0
ti|351746	Pseudomonas putida F1	0.0005047166253472801	0.004841322608133796	2585.0	0.004841322608133796	0.0	0.0001249859570988414	0.0017604318975246779	939.9738095238141	0.000893350438715598	0.0017998108419406494
ti|267608	Ralstonia solanacearum GMI1000	0.00048785049828700905	0.0024141063218121716	1289.0	0.0024103606176666134	3.745704145558063e-06	0.00022222453692039034	0.0016733933270280698	893.5000000000027	0.0012922679302175318	0.000825927764095553
ti|269482	Burkholderia vietnamiensis G4	0.0004741401508660809	0.002556443079343378	1365.0	0.0025358417065428087	2.0601372800569347e-05	0.00022498621045476423	0.001622326893843624	866.2333333333338	0.0010057215630823399	0.0015170101789510155
ti|384676	Pseudomonas entomophila L48	0.00046508745979618386	0.0035471818258434856	1894.0	0.0035471818258434856	0.0	0.00046508742134874034	0.0035471818258434856	1894.0	0.0035471818258434856	0.0
ti|138119	Desulfitobacterium hafniense Y51	0.00046454857857649987	0.004991150773956119	2665.0	0.004991150773956119	0.0	0.00036308441104456135	0.0019727375166605997	1053.333333333344	0.0012754122615625204	0.0023935049490116022
ti|350688	Alkaliphilus oremlandii OhILAs	0.0004494757542183787	0.0025358417065428087	1354.0	0.0025358417065428087	0.0	0.0004494757542183787	0.0025358417065428087	1354.0	0.0025358417065428087	0.0
ti|593588	Vibrio cholerae MJ-1236	0.0004489689327530381	0.013104345953234883	6997.0	0.013104345953234883	0.0	4.449675403195128e-05	0.0010166621406074343	542.8416666666366	0.0	0.009248143535382858
ti|441620	Methylobacterium populi BJ001	0.0004486935040818303	0.00212755995467698	1136.0	0.002123814250531422	3.745704145558063e-06	0.0004487025827270917	0.0021603348659506127	1153.5	0.002151907031623107	9.364260363895158e-06
ti|355276	Leptospira borgpetersenii serovar Hardjo-bovis str. L550	0.0004421838917985409	0.0004682130181947579	250.0	0.0009364260363895158	0.0	0.0003194213102478111	0.0002699091978886715	144.1166666666667	0.0	0.0008034535392222045
ti|328971	Leptospira borgpetersenii serovar Hardjo	0.0004421838917985409	0.0004682130181947579	250.0	0.0009364260363895158	0.0	0.0003194213102478111	0.0002699091978886715	144.1166666666667	0.0	0.0008034535392222045
ti|648757	Rhodomicrobium vannielii ATCC 17100	0.00043868094939647907	0.001545102960042701	825.0	0.001545102960042701	0.0	0.00043868096022098855	0.001554467220406596	830.0	0.001554467220406596	0.0
ti|398580	Dinoroseobacter shibae DFL 12 = DSM 16493	0.0004363211196296183	0.001777336617067301	949.0	0.0017754637649945219	1.8728520727790315e-06	0.0004363211196292381	0.0016947750548589587	904.9166666666667	0.0016855668655011283	1.4982816582232252e-05
ti|1901	Streptomyces clavuligerus	0.00042594601530051847	0.0013484534924009027	720.0	0.0013484534924009027	0.0	0.00042594588916768593	0.0012791579657080786	683.0	0.0012791579657080786	0.0
ti|351605	Geobacter uraniireducens Rf4	0.0004246951633674486	0.0013559449006920188	724.0	0.0013559449006920188	0.0	0.0004246951633674484	0.0013559449006920188	724.0	0.0013559449006920188	0.0
ti|43989	Cyanothece sp. ATCC 51142	0.00042452889571204	0.002554570227270599	1364.0	0.002554570227270599	0.0	0.00042452889571204	0.002554570227270599	1364.0	0.002554570227270599	0.0
ti|262316	Mycobacterium avium subsp. paratuberculosis K-10	0.0004176639858813946	0.004852559720570471	2591.0	0.004852559720570471	0.0	0.00011231372757888128	0.0006735303722352914	359.6281746031727	0.0	0.0025976458249445168
ti|205922	Pseudomonas fluorescens Pf0-1	0.00039972796735930817	0.0026819241682195733	1432.0	0.0026819241682195733	0.0	0.00039957132972112474	0.002678178464074015	1430.0	0.002674432759928457	7.491408291116126e-06
ti|882097	Listeria monocytogenes SLCC2376	0.0003494456759692789	0.0011611682851229996	620.0	0.0011574225809774415	3.745704145558063e-06	6.903078176125032e-05	0.0005687733794815563	303.69370210727953	0.00022848795287904185	0.0006255325923081966
ti|137722	Azospirillum sp. B510	0.0003441956873680642	0.001425240427384843	761.0	0.001423367575312064	1.8728520727790315e-06	0.00034419564657330384	0.0014008933504387156	748.0	0.0013952747942203784	5.618556218337095e-06
ti|402882	Shewanella baltica OS185	0.000332545434187115	0.0008146906516588787	435.0	0.0008146906516588787	0.0	0.00037693460846432216	0.0006848395746128659	365.6666666666667	0.0006142954798715223	0.00016855668655011284
ti|223926	Vibrio parahaemolyticus RIMD 2210633	0.00032684760455489525	0.004056597589639382	2166.0	0.004056597589639382	0.0	0.000233823070786557	0.00286870994827806	1531.7333333333288	0.0018353950313234509	0.0017511166880483946
ti|693979	Bacteroides helcogenes P 36-108	0.00032604386832998136	0.0024141063218121716	1289.0	0.0024141063218121716	0.0	0.0003260438683299811	0.0024141063218121716	1289.0	0.0024141063218121716	0.0
ti|194439	Chlorobium tepidum TLS	0.00031968353838760763	0.005094157637958966	2720.0	0.005094157637958966	0.0	0.00031968356928382675	0.005093221211922576	2719.5	0.005094157637958966	0.0
ti|595494	Tolumonas auensis DSM 9187	0.0003128959414709138	0.0008409105806777852	449.0	0.0008409105806777852	0.0	0.0003128959414709138	0.0008409105806777852	449.0	0.0008409105806777852	0.0
ti|419610	Methylobacterium extorquens PA1	0.0003091282704446174	0.00400228487952879	2137.0	0.00394422646527264	5.805841425614998e-05	0.00029766301207121917	0.0029687826773668945	1585.1666666666665	0.0028729550796430343	0.00017604809484122897
ti|349124	Halorhodospira halophila SL1	0.00030618090309888395	0.0013484534924009027	720.0	0.0013484534924009027	0.0	0.00030618090309888395	0.0013484534924009027	720.0	0.0013484534924009027	0.0
ti|74547	Prochlorococcus marinus str. MIT 9313	0.0003060005248139241	0.001906563410089054	1018.0	0.001906563410089054	0.0	0.0003041029794910687	0.001007594415155119	538.0	0.001015085823446235	0.0
ti|272942	Rhodobacter capsulatus SB 1003	0.0003035718262251041	0.0014402232439670753	769.0	0.0014402232439670753	0.0	0.00015563443333479072	0.0013606270308739665	726.5	0.001423367575312064	3.745704145558063e-06
ti|419665	Methanococcus aeolicus Nankai-3	0.0003033064151766457	0.001657474084409443	885.0	0.001657474084409443	0.0	0.0003033064151766453	0.001657474084409443	885.0	0.001657474084409443	0.0
ti|491077	Lactobacillus reuteri SD2112	0.00030300394915645356	0.0004944329472136643	264.0	0.0004944329472136643	0.0	0.0003024576408078315	0.0004869415389225481	259.99999999999994	0.0004794501306314321	1.4982816582232252e-05
ti|522306	Candidatus Accumulibacter phosphatis clade IIA str. UW-1	0.0003004897697068032	0.0007585050894755078	405.0	0.0007585050894755078	0.0	0.0003004897697068031	0.0007585050894755078	405.0	0.0007585050894755078	0.0
ti|395960	Rhodopseudomonas palustris TIE-1	0.0002972848418041783	0.005457490940078098	2914.0	0.005449999531786982	7.491408291116126e-06	0.0002730546188815679	0.003496614819878452	1867.0	0.003374879435147815	0.0002884192192079709
ti|243365	Chromobacterium violaceum ATCC 12472	0.0002909198152228268	0.0021612712919870025	1154.0	0.0021612712919870025	0.0	0.0002909198221047806	0.0021668898482053397	1157.0	0.0021668898482053397	0.0
ti|391735	Verminephrobacter eiseniae EF01-2	0.00027582664987021494	0.0017286424631750461	923.0	0.0017286424631750461	0.0	0.00027582664900776334	0.0017286424631750461	923.0	0.0017286424631750461	0.0
ti|316057	Rhodopseudomonas palustris BisB5	0.0002378551618966773	0.00355841893828016	1900.0	0.00355841893828016	0.0	0.00023784959325829906	0.003554673234134602	1898.0	0.0035490546779162646	7.491408291116126e-06
ti|220664	Pseudomonas protegens Pf-5	0.00023245257983597022	0.003682027175083576	1966.0	0.003682027175083576	0.0	0.0001748921585994716	0.0029612912690757712	1581.1666666666626	0.0023466836471921267	0.0013353435278914494
ti|399739	Pseudomonas mendocina ymp	0.00023047178980352984	0.0026688142037101198	1425.0	0.0026688142037101198	0.0	0.00023041270732497216	0.0025620616355617135	1367.999999999999	0.002492766108868891	0.00017604809484122897
ti|573	Klebsiella pneumoniae	0.0002294266804502183	0.0032906010918727583	1757.0	0.0032906010918727583	0.0	1.688988930706353e-05	0.00024100208262692771	128.6818570082349	0.0	0.0022230754103887106
ti|272630	Methylobacterium extorquens AM1	0.00022908271510184498	0.0020264259427469123	1082.0	0.0019140548183801702	0.00011237112436674189	0.00021998628396910106	0.001554467220406596	830.0	0.0015020273623687834	8.053263912949836e-05
ti|350058	Mycobacterium vanbaalenii PYR-1	0.00021865548729552685	0.0018054293981589864	964.0	0.0018054293981589864	0.0	0.00021865548716872452	0.0018054293981589864	964.0	0.0018054293981589864	0.0
ti|263820	Picrophilus torridus DSM 9790	0.00021774933060317555	0.0006124226277987433	327.0	0.0006124226277987433	0.0	0.00021774933060317555	0.0006124226277987433	327.0	0.0006124226277987433	0.0
ti|391626	Octadecabacter antarcticus 307	0.00021103956871555102	0.0011649139892685575	622.0	0.0011649139892685575	0.0	0.00021103952944033537	0.0011649139892685575	622.0	0.0011649139892685575	0.0
ti|392500	Shewanella woodyi ATCC 51908	0.00021103236450849145	0.0007435222728932755	397.0	0.0007435222728932755	0.0	0.00021103236450849145	0.0007435222728932755	397.0	0.0007435222728932755	0.0
ti|329726	Acaryochloris marina MBIC11017	0.00020578314835065697	0.001365309161055914	729.0	0.001365309161055914	0.0	0.00020578314835065697	0.001365309161055914	729.0	0.001365309161055914	0.0
ti|101510	Rhodococcus jostii RHA1	0.00019432561890258778	0.0021687627002781183	1158.0	0.0021687627002781183	0.0	0.00019469497527584303	0.0022074683097822187	1178.6666666666667	0.002196855481369804	1.310996450945322e-05
ti|265072	Methylobacillus flagellatus KT	0.00018088145283309007	0.002419724878030509	1292.0	0.002419724878030509	0.0	0.00018088145283309007	0.002419724878030509	1292.0	0.002419724878030509	0.0
ti|673	Grimontia hollisae	0.00017701639331313036	0.0007191751959471481	384.0	0.0007191751959471481	0.0	0.00017701639331313036	0.0007191751959471481	384.0	0.0007191751959471481	0.0
ti|216591	Burkholderia cenocepacia J2315	0.00017245055362296962	0.004153985897423892	2218.0	0.004077198962439951	7.67869349839403e-05	0.00010582992839681103	0.0027302125374960473	1457.783333333327	0.0017941922857223121	0.002003951717873564
ti|391616	Octadecabacter arcticus 238	0.00017088075911293103	0.001016958675519014	543.0	0.001016958675519014	0.0	0.00017088075912136252	0.001016958675519014	543.0	0.001016958675519014	0.0
ti|228405	Hyphomonas neptunium ATCC 15444	0.00016908788822863225	0.0022230754103887106	1187.0	0.0022230754103887106	0.0	0.00016908788894818086	0.0022230754103887106	1187.0	0.0022230754103887106	0.0
ti|381754	Pseudomonas aeruginosa PA7	0.00016494333116982897	0.0018897077414340429	1009.0	0.0015881785577166187	0.00030152918371742407	0.00020658205722257726	0.0028878720635543077	1541.9648489745048	0.0024777832922866587	0.0010431786045379207
ti|338963	Pelobacter carbinolicus DSM 2380	0.0001583753860850499	0.0017604809484122897	940.0	0.0017604809484122897	0.0	0.0001583753860850499	0.0017604809484122897	940.0	0.0017604809484122897	0.0
ti|269796	Rhodospirillum rubrum ATCC 11170	0.00015626774339173996	0.0015657043328432703	836.0	0.0031314086656865406	0.0	0.00015626774339173996	0.0015657043328432703	836.0	0.0031220444053226457	9.364260363895158e-06
ti|1036743	Rhodospirillum rubrum F11	0.00015626774339173996	0.0015657043328432703	836.0	0.0031314086656865406	0.0	0.00015626774339173996	0.0015657043328432703	836.0	0.0031220444053226457	9.364260363895158e-06
ti|551115	'Nostoc azollae' 0708	0.00015481817692237143	0.0009289346280983996	496.0	0.0009289346280983996	0.0	0.00015481817689192175	0.0009289346280983996	496.0	0.0009289346280983996	0.0
ti|321332	Synechococcus sp. JA-2-3B'a(2-13)	0.0001536894902804465	0.0019159276704529492	1023.0	0.0019159276704529492	0.0	0.0001536894279638129	0.0019084362621618332	1019.0	0.0019084362621618332	0.0
ti|342610	Pseudoalteromonas atlantica T6c	0.00014925814693284917	0.0010188315275917932	544.0	0.0010188315275917932	0.0	0.00014925814693284917	0.0010188315275917932	544.0	0.0010188315275917932	0.0
ti|477974	Candidatus Desulforudis audaxviator MP104C	0.00014025381415377019	0.0026819241682195733	1432.0	0.0026819241682195733	0.0	0.00014025381415376466	0.0026819241682195733	1432.0	0.0026819241682195733	0.0
ti|322710	Azotobacter vinelandii DJ	0.00013221403178307118	0.001844759291687346	985.0	0.001844759291687346	0.0	4.407134131380533e-05	0.0006199140360898566	330.9999999999985	7.491408291116126e-06	0.00183726788339623
ti|362242	Mycobacterium ulcerans Agy99	0.00012573078474764214	0.0026519585350551086	1416.0	0.0026519585350551086	0.0	7.235711875662737e-05	0.0007681814918515321	410.1666666666663	0.0003764432666285853	0.0009813744861362126
ti|269084	Synechococcus elongatus PCC 6301	0.00012542925707206663	0.0033261852812555602	1776.0	0.0033261852812555602	0.0	4.184866544755218e-05	0.0011798968058507958	630.0000000000032	0.00024159791738849508	0.002796168144659094
ti|444177	Lysinibacillus sphaericus C3-41	0.00012174113444862961	0.0027100169493112585	1447.0	0.0027100169493112585	0.0	6.083796586863028e-05	0.0006920188408918521	369.5	5.993126632892901e-05	0.0012847765219264156
ti|187420	Methanothermobacter thermautotrophicus str. Delta H	0.00012013423397432764	0.002067628688348051	1104.0	0.002067628688348051	0.0	7.856629268601528e-05	0.001742688853720889	930.5	0.002067628688348051	0.0
ti|365044	Polaromonas naphthalenivorans CJ2	0.00011194206417978596	0.0006161683319443014	329.0	0.0006161683319443014	0.0	0.00011194205445919936	0.0006068040715804063	324.0	0.0006068040715804063	0.0
ti|349161	Desulfotomaculum reducens MI-1	0.00011177689768425287	0.0014701888771315398	785.0	0.0014701888771315398	0.0	0.00011177689768425287	0.0014701888771315398	785.0	0.0014701888771315398	0.0
ti|818	Bacteroides thetaiotaomicron	0.00010975800359579334	0.000711683787656032	380.0	0.000711683787656032	0.0	5.596847218174638e-05	0.0007246309924020192	386.9130952380961	0.0005431271011059191	0.003320566725037223
ti|420662	Methylibium petroleiphilum PM1	0.00010935665756959434	0.000649879669254324	347.0	0.000649879669254324	0.0	0.00010935665756959432	0.000649879669254324	347.0	0.000649879669254324	0.0
ti|76869	Pseudomonas putida GB-1	0.00010918908205785277	0.0026837970202923524	1433.0	0.0026837970202923524	0.0	0.00010919105645401977	0.0026837970202923524	1433.0	0.0026837970202923524	0.0
ti|159087	Dechloromonas aromatica RCB	0.00010782603536656164	0.00047570442648587404	254.0	0.00047570442648587404	0.0	0.00010782603536656164	0.00047570442648587404	254.0	0.00047570442648587404	0.0
ti|266834	Sinorhizobium meliloti 1021	0.00010679333644986587	0.0023485564992649054	1254.0	0.0023485564992649054	0.0	1.460627961542271e-05	0.00038912515066425905	207.7714285714278	0.0	0.0023485564992649054
ti|349101	Rhodobacter sphaeroides ATCC 17029	0.00010393905789714171	0.004264484169717855	2277.0	0.00417646012229724	8.802404742061448e-05	7.240161906207894e-05	0.0025998308190294285	1388.166666666668	0.002316718014027662	0.0006611167816909982
ti|666	Vibrio cholerae	9.87501214972052e-05	0.0017155324986655928	916.0	0.0017155324986655928	0.0	0.00011627187328188084	0.002919402381215355	1558.8003044380328	0.002075120096639167	0.004221408572043937
ti|279238	Novosphingobium aromaticivorans DSM 12444	9.874554859095918e-05	0.00230173519744543	1229.0	0.00230173519744543	0.0	9.440309914684831e-05	0.001777336617067301	949.0	0.002256786747698733	4.494844974669676e-05
ti|543728	Variovorax paradoxus S110	9.439582444122507e-05	0.0011555497289046624	617.0	0.0011555497289046624	0.0	9.439579333271219e-05	0.0011555497289046624	617.0	0.0011555497289046624	0.0
ti|680198	Streptomyces scabiei 87.22	9.321202701778906e-05	0.0011986253265785802	640.0	0.0011986253265785802	0.0	9.321205960189074e-05	0.0012079895869424753	645.0	0.0012079895869424753	0.0
ti|331272	Burkholderia cenocepacia HI2424	8.961792814992646e-05	0.007339707273221025	3919.0	0.007184260551180365	0.00015544672204065963	4.99739356192873e-05	0.003586435913454582	1914.959523809507	0.0003914260832108176	0.0066392605980016665
ti|65393	Cyanothece sp. PCC 7424	8.723834229181176e-05	0.0015263744393149107	815.0	0.0015263744393149107	0.0	8.723834229181176e-05	0.0015263744393149107	815.0	0.0015263744393149107	0.0
ti|395961	Cyanothece sp. PCC 7425	8.708340845078478e-05	0.0017005496820833607	908.0	0.0017005496820833607	0.0	8.708340845078478e-05	0.0017005496820833607	908.0	0.0017005496820833607	0.0
ti|536019	Mesorhizobium opportunistum WSM2075	8.59387630538426e-05	0.0012173538473063705	650.0	0.0012154809952335914	1.8728520727790315e-06	8.59077742719433e-05	0.0012033074567605279	642.5	0.0011911339182874641	1.310996450945322e-05
ti|439235	Desulfatibacillum alkenivorans AK-01	8.564455369862368e-05	0.005060446300648943	2702.0	0.005060446300648943	0.0	8.564455369862368e-05	0.005060446300648943	2702.0	0.005060446300648943	0.0
ti|645127	Corynebacterium kroppenstedtii DSM 44385	8.428584301883624e-05	0.0010899999063573964	582.0	0.0010899999063573964	0.0	8.428584301883624e-05	0.0010899999063573964	582.0	0.0010899999063573964	0.0
ti|626418	Burkholderia glumae BGR1	8.310735680430934e-05	0.0017492438359756155	934.0	0.0017492438359756155	0.0	4.155342243800089e-05	0.0008830497523153134	471.5	0.00011424397643952092	0.0016368727116088735
ti|266265	Paraburkholderia xenovorans LB400	8.268642990321146e-05	0.005332009851201903	2847.0	0.005332009851201903	0.0	8.268342836570264e-05	0.005296425661819101	2828.0	0.005294552809746322	3.745704145558063e-06
ti|177439	Desulfotalea psychrophila LSv54	8.18419162148182e-05	0.0009326803322439577	498.0	0.0009326803322439577	0.0	8.18419162148182e-05	0.0009326803322439577	498.0	0.0009326803322439577	0.0
ti|366602	Caulobacter sp. K31	8.025172465929798e-05	0.0023541750554832426	1257.0	0.0023541750554832426	0.0	8.025747085550468e-05	0.002367285019992696	1264.0	0.002367285019992696	0.0
ti|383629	Phaeobacter gallaeciensis 2.10	7.97964145903845e-05	0.0016836940134283493	899.0	0.0016818211613555704	1.8728520727790315e-06	7.155461105001796e-05	0.0011090405690973167	592.1666666666667	0.0011031098708668497	7.491408291116126e-05
ti|482957	Burkholderia lata	7.96587214844239e-05	0.003811253968105329	2035.0	0.003783161187013644	2.8092781091685473e-05	7.96308662939428e-05	0.003922220453417486	2094.25	0.0038992780155259438	2.8092781091685473e-05
ti|203122	Saccharophagus degradans 2-40	7.800844070660487e-05	0.0009832473382089917	525.0	0.0009832473382089917	0.0	7.800844070660487e-05	0.0009832473382089917	525.0	0.0009832473382089917	0.0
ti|243275	Treponema denticola ATCC 35405	7.797218227346515e-05	0.0028017867008774313	1496.0	0.0028017867008774313	0.0	7.797217569515025e-05	0.0028017867008774313	1496.0	0.0028017867008774313	0.0
ti|59920	Prochlorococcus marinus str. NATL2A	7.495957294689097e-05	0.0015788142973527236	843.0	0.0015788142973527236	0.0	7.085398317868058e-05	0.0009966694447305746	532.1666666666666	0.0009851201902817705	3.932989352835966e-05
ti|864803	Clostridium beijerinckii ATCC 35702	7.481150377635303e-05	0.0007201116219835376	384.5	0.0014402232439670753	0.0	7.461485136088559e-05	0.0006938916929646324	370.5000000000006	5.243985803781288e-05	0.0013877833859292624
ti|290402	Clostridium beijerinckii NCIMB 8052	7.481150377635303e-05	0.0007201116219835376	384.5	0.0014402232439670753	0.0	7.461485136088559e-05	0.0006938916929646324	370.5000000000006	5.243985803781288e-05	0.0013877833859292624
ti|235909	Geobacillus kaustophilus HTA426	7.291887843896145e-05	0.0026388485705456555	1409.0	0.0026388485705456555	0.0	1.388543293948581e-05	0.0006324264716046625	337.6809523809515	0.00014046390545842738	0.0016087799305171881
ti|583358	Thermoanaerobacter mathranii subsp. mathranii str. A3	7.139495512395706e-05	0.002075120096639167	1108.0	0.0019758589367818782	9.926115985728867e-05	6.752916674697598e-05	0.0010695858187641054	571.1000000000003	0.0009720102257723173	0.00019103091142346122
ti|375286	Janthinobacterium sp. Marseille	7.127395188883973e-05	0.001428986131530401	763.0	0.001428986131530401	0.0	7.127395188883973e-05	0.001428986131530401	763.0	0.001428986131530401	0.0
ti|288000	Bradyrhizobium sp. BTAi1	6.912720413595513e-05	0.0037101199561752614	1981.0	0.0037101199561752614	0.0	6.912778691974623e-05	0.003721357068611936	1987.0	0.003721357068611936	0.0
ti|204773	Herminiimonas arsenicoxydans	6.907070642447056e-05	0.0007247937521654852	387.0	0.0007247937521654852	0.0	6.907070642447056e-05	0.0007247937521654852	387.0	0.0007247937521654852	0.0
ti|631	Yersinia intermedia	6.888777347610042e-05	0.001309123598872543	699.0	0.001309123598872543	0.0	6.888777347610042e-05	0.001309123598872543	699.0	0.001309123598872543	0.0
ti|395965	Methylocella silvestris BL2	6.853771415900853e-05	0.0019777317888546573	1056.0	0.0019777317888546573	0.0	6.853771415893889e-05	0.0019777317888546573	1056.0	0.0019777317888546573	0.0
ti|640131	Klebsiella variicola At-22	6.759084506779689e-05	0.0017136596465928138	915.0	0.0017136596465928138	0.0	3.2182263164078777e-05	0.0008505869830538094	454.1666666666663	0.000533762840742024	0.0007285394563110433
ti|400668	Marinomonas sp. MWYL1	6.404068331202968e-05	0.002256786747698733	1205.0	0.002256786747698733	0.0	6.404068331202968e-05	0.002256786747698733	1205.0	0.002256786747698733	0.0
ti|349307	Methanosaeta thermophila PT	6.305351446400489e-05	0.0018185393626684396	971.0	0.0018185393626684396	0.0	6.305351446400489e-05	0.0018185393626684396	971.0	0.0018185393626684396	0.0
ti|458817	Shewanella halifaxensis HAW-EB4	5.852238325244559e-05	0.0015619586286977124	834.0	0.0015619586286977124	0.0	5.852238325240298e-05	0.0015619586286977124	834.0	0.0015619586286977124	0.0
ti|156889	Magnetococcus marinus MC-1	5.8503055033670714e-05	0.0006423882609632078	343.0	0.0006423882609632078	0.0	5.8503055033670714e-05	0.0006423882609632078	343.0	0.0006423882609632078	0.0
ti|41431	Cyanothece sp. PCC 8801	5.824578977640541e-05	0.0004981786513592224	266.0	0.0004981786513592224	0.0	0.00027630075912631226	0.001606907078444409	858.0	0.0020395359072563654	9.364260363895158e-06
ti|93059	Prochlorococcus marinus str. MIT 9211	5.590591246698872e-05	0.0011012370187940706	588.0	0.0011012370187940706	0.0	5.590591246698872e-05	0.0011012370187940706	588.0	0.0011012370187940706	0.0
ti|289376	Thermodesulfovibrio yellowstonii DSM 11347	5.584366599373086e-05	0.0010394329003923625	555.0	0.0010394329003923625	0.0	5.584366599373086e-05	0.0010394329003923625	555.0	0.0010394329003923625	0.0
ti|683837	Listeria seeligeri serovar 1/2b str. SLCC3954	5.3705246810471395e-05	0.0003614604500463531	193.0	0.0003614604500463531	0.0	5.370466056917531e-05	0.0003614604500463531	193.0	0.0003614604500463531	0.0
ti|240292	Anabaena variabilis ATCC 29413	5.343183317173396e-05	0.0021107042860219684	1127.0	0.0021107042860219684	0.0	5.3629103729057994e-05	0.0022642781559898493	1209.0	0.0022642781559898493	0.0
ti|76856	Fusobacterium nucleatum subsp. nucleatum	5.270071878755212e-05	0.00112183839159464	599.0	0.0011143469833035237	7.491408291116126e-06	2.0324486757385437e-05	0.00026235536119512945	140.0833333333334	6.742267462004514e-05	0.0006161683319443014
ti|311403	Agrobacterium radiobacter K84	5.0708715190011756e-05	0.0011724053975596738	626.0	0.0011724053975596738	0.0	5.07087230912969e-05	0.0011724053975596738	626.0	0.0011724053975596738	0.0
ti|1392005	Comamonas testosteroni TK102	5.063943467278836e-05	0.0015713228890616075	839.0	0.0015713228890616075	0.0	5.062287533539551e-05	0.0015032759304173028	802.6666666666667	0.0014982816582232252	7.491408291116126e-06
ti|212717	Clostridium tetani E88	5.026726331369587e-05	0.0024009963573027185	1282.0	0.0024009963573027185	0.0	4.9659079122377826e-05	0.0023466836471921267	1253.0	0.002387886392793265	2.0601372800569347e-05
ti|243233	Methylococcus capsulatus str. Bath	4.8602047016311586e-05	0.0007865978705671933	420.0	0.0007865978705671933	0.0	4.8602047016311586e-05	0.0007865978705671933	420.0	0.0007865978705671933	0.0
ti|642492	Clostridium lentocellum DSM 5427	4.7753158598738846e-05	0.0007341580125293804	392.0	0.0007341580125293804	0.0	4.7753158598738846e-05	0.0007341580125293804	392.0	0.0007341580125293804	0.0
ti|448385	Sorangium cellulosum So ce56	4.6332196306554436e-05	0.001839140735469009	982.0	0.001839140735469009	0.0	4.633136899155355e-05	0.001839140735469009	982.0	0.001839140735469009	0.0
ti|440085	Methylobacterium extorquens CM4	4.6033337358183094e-05	0.0013428349361825657	717.0	0.001309123598872543	3.371133731002257e-05	4.728231737852072e-05	0.0018947020136281204	1011.6666666666667	0.0018541235520512411	6.929552669282417e-05
ti|264732	Moorella thermoacetica ATCC 39073	4.5624215120905094e-05	0.0009064604032250513	484.0	0.0009064604032250513	0.0	2.5297915883815548e-05	0.0005459363792150877	291.5	0.0009064604032250513	0.0
ti|565050	Caulobacter crescentus NA1000	4.547172597987693e-05	0.0019365290432535186	1034.0	0.003262508310781073	0.0006105497757259643	4.548087426311217e-05	0.001962748972272425	1048.0	0.003256889754562736	0.0006686081899821142
ti|190650	Caulobacter crescentus CB15	4.547172597987693e-05	0.0019365290432535186	1034.0	0.003262508310781073	0.0006105497757259643	4.548087426311217e-05	0.001962748972272425	1048.0	0.003256889754562736	0.0006686081899821142
ti|246200	Ruegeria pomeroyi DSS-3	4.537330378507508e-05	0.0019870960492185527	1061.0	0.0019870960492185527	0.0	4.537330404722732e-05	0.002036258416129002	1087.25	0.0020095702740919007	4.1202745601138694e-05
ti|546414	Deinococcus deserti VCD115	4.4499910302771396e-05	0.0009289346280983996	496.0	0.0009289346280983996	0.0	4.449991030277916e-05	0.0009308074801711787	497.0	0.0009308074801711787	0.0
ti|557760	Rhodobacter sphaeroides KD131	4.4263113194915036e-05	0.0015844328535710606	846.0	0.001554467220406596	2.9965633164464505e-05	4.517644744682563e-05	0.001370459504256057	731.7500000000003	0.0012229724035247077	0.0003071477399357612
ti|398577	Burkholderia ambifaria MC40-6	4.400658298683589e-05	0.002794295292586315	1492.0	0.0027137626534568166	8.053263912949836e-05	4.283291331089977e-05	0.002436723240176779	1301.0761904761903	0.002136924215040875	0.0005693470301248256
ti|397945	Acidovorax citrulli AAC00-1	4.358092877358521e-05	0.0020264259427469123	1082.0	0.0020264259427469123	0.0	4.3581222402783806e-05	0.0020264259427469123	1082.0	0.0020264259427469123	0.0
ti|517417	Chlorobaculum parvum NCIB 8327	4.3540063220658506e-05	0.0014514603564037495	775.0	0.0014514603564037495	0.0	4.354008653120915e-05	0.0014514603564037495	775.0	0.0014514603564037495	0.0
ti|177437	Desulfobacterium autotrophicum HRM2	4.257063175339629e-05	0.0009982301547912238	533.0	0.0009982301547912238	0.0	4.257063175339629e-05	0.0009982301547912238	533.0	0.0009982301547912238	0.0
ti|391009	Thermosipho melanesiensis BI429	4.2519374654107906e-05	0.000777233610203298	415.0	0.000777233610203298	0.0	4.2519374654107906e-05	0.000777233610203298	415.0	0.000777233610203298	0.0
ti|393595	Alcanivorax borkumensis SK2	4.173310053089428e-05	0.0012810308177808576	684.0	0.0012810308177808576	0.0	3.8325136156480814e-05	0.0007997078350766465	427.0	0.0012810308177808576	0.0
ti|643561	Acidovorax avenae subsp. avenae ATCC 19860	4.1409655665644665e-05	0.0008409105806777852	449.0	0.0008409105806777852	0.0	4.1409362014144874e-05	0.0008409105806777852	449.0	0.0008409105806777852	0.0
ti|267671	Leptospira interrogans serovar Copenhageni str. Fiocruz L1-130	4.129525781174602e-05	0.0014982816582232252	800.0	0.0014982816582232252	0.0	5.373108615695043e-06	0.00038303838142772744	204.52142857142792	4.869415389225482e-05	0.0011611682851229996
ti|316274	Herpetosiphon aurantiacus DSM 785	4.0693795577391047e-05	0.001494535954077667	798.0	0.001494535954077667	0.0	4.0693795577391047e-05	0.001494535954077667	798.0	0.001494535954077667	0.0
ti|167546	Prochlorococcus marinus str. MIT 9301	4.0343966598238214e-05	0.0016087799305171881	859.0	0.001599415670153293	9.364260363895158e-06	3.955211578087104e-05	0.0010978034566606423	586.1666666666666	0.0010787627939207222	3.1838485237243536e-05
ti|205918	Pseudomonas syringae pv. syringae B728a	3.995587989718945e-05	0.0018653606644879154	996.0	0.0018653606644879154	0.0	2.8731234660522e-05	0.0014737472960698198	786.9	0.0010881270542846173	0.0007659964977666239
ti|60481	Shewanella sp. MR-7	3.8886724847666366e-05	0.0006199140360898595	331.0	0.0006161683319443014	3.745704145558063e-06	3.8143869465797764e-05	0.0003708247104102483	198.0	0.0003071477399357612	0.00012735394094897415
ti|258594	Rhodopseudomonas palustris CGA009	3.8786730129067954e-05	0.001239828072179719	662.0	0.001239828072179719	0.0	6.298822808576656e-05	0.0031332815177593197	1673.0	0.0030115461330286826	0.0002884192192079709
ti|76114	Aromatoleum aromaticum EbN1	3.876287220512841e-05	0.0003389862251730047	181.0	0.0003389862251730047	0.0	3.876287220512841e-05	0.0003389862251730047	181.0	0.0003389862251730047	0.0
ti|114615	Bradyrhizobium sp. ORS 278	3.870495782331334e-05	0.0014083847587298317	752.0	0.0014083847587298317	0.0	3.8705009920340966e-05	0.0014364775398215172	767.0	0.0014364775398215172	0.0
ti|64471	Synechococcus sp. CC9311	3.7903183747973616e-05	0.0016424912678272108	877.0	0.0016424912678272108	0.0	3.790318300576329e-05	0.0014626974688404237	781.0	0.001483298841640993	0.0
ti|243265	Photorhabdus luminescens subsp. laumondii TTO1	3.752436653243668e-05	0.0011780239537780108	629.0	0.0011780239537780108	0.0	3.7524365831890214e-05	0.0011780239537780108	629.0	0.0011780239537780108	0.0
ti|479436	Veillonella parvula DSM 2008	3.730650728902063e-05	0.0045641405013625	2437.0	0.0045641405013625	0.0	3.730650728902063e-05	0.0045641405013625	2437.0	0.0045641405013625	0.0
ti|491916	Rhizobium etli CIAT 652	3.7266778237170594e-05	0.0010581614211201528	565.0	0.0010581614211201528	0.0	2.926579710602758e-05	0.0010253439450266836	547.4772727272725	0.0009364260363895158	0.00025096217775239025
ti|189918	Mycobacterium sp. KMS	3.586702413200872e-05	0.0022848795287904186	1220.0	0.0040996731873133	0.00047008587026753693	2.4928577630362615e-05	0.001472061729204338	786.0000000000102	0.0	0.0038393467491970147
ti|164756	Mycobacterium sp. MCS	3.586702413200872e-05	0.0022848795287904186	1220.0	0.0040996731873133	0.00047008587026753693	2.4928577630362615e-05	0.001472061729204338	786.0000000000102	0.0	0.0038393467491970147
ti|203124	Trichodesmium erythraeum IMS101	3.5479280050212624e-05	0.0015301201434604688	817.0	0.0015301201434604688	0.0	3.5479280050212624e-05	0.0015301201434604688	817.0	0.0015301201434604688	0.0
ti|394	Sinorhizobium fredii NGR234	3.540489466761958e-05	0.0013166150071636591	703.0	0.0013166150071636591	0.0	3.528534508702042e-05	0.0013119328769817117	700.5	0.0013128693030181012	0.0
ti|480224	Chloroflexus sp. Y-400-fl	3.503767775430098e-05	0.0009738830778450964	520.0	0.0019477661556901928	0.0	3.503767775430098e-05	0.0009738830778450964	520.0	0.0019477661556901928	0.0
ti|324602	Chloroflexus aurantiacus J-10-fl	3.503767775430098e-05	0.0009738830778450964	520.0	0.0019477661556901928	0.0	3.503767775430098e-05	0.0009738830778450964	520.0	0.0019477661556901928	0.0
ti|536227	Clostridium carboxidivorans P7	3.4340105730791865e-05	0.0008053263912949836	430.0	0.0008053263912949836	0.0	3.433949166165888e-05	0.0008053263912949836	430.0	0.0008053263912949836	0.0
ti|357808	Roseiflexus sp. RS-1	3.372472844174859e-05	0.0010862542022118382	580.0	0.0010862542022118382	0.0	3.372472844175362e-05	0.0010862542022118382	580.0	0.0010862542022118382	0.0
ti|661410	Methylobacterium extorquens DM4	3.2986242995248664e-05	0.0008484019889689013	453.0	0.0007847250184944142	6.367697047448707e-05	5.166418666050204e-05	0.001783267315297768	952.1666666666667	0.0016874397175739074	0.00017979379898678703
ti|216595	Pseudomonas fluorescens SBW25	3.248648401862196e-05	0.002558315931416157	1366.0	0.002558315931416157	0.0	3.248642833669639e-05	0.002558315931416157	1366.0	0.002558315931416157	0.0
ti|290317	Chlorobium phaeobacteroides DSM 266	3.116756818567836e-05	0.0015563400724793752	831.0	0.0015563400724793752	0.0	3.116756818567836e-05	0.0015563400724793752	831.0	0.0015563400724793752	0.0
ti|883	Desulfovibrio vulgaris str. 'Miyazaki F'	3.013401929765575e-05	0.0012042438827969172	643.0	0.0012042438827969172	0.0	3.013401929765575e-05	0.0012042438827969172	643.0	0.0012042438827969172	0.0
ti|431947	Porphyromonas gingivalis ATCC 33277	2.934689420071325e-05	0.0011124741312307448	594.0	0.0022249482624614896	0.0	1.6499159287077952e-05	0.0002809813209760765	150.02857142857118	0.0	0.0009869930423545496
ti|1403335	Porphyromonas gingivalis 381	2.934689420071325e-05	0.0011124741312307448	594.0	0.0022249482624614896	0.0	1.6499159287077952e-05	0.0002809813209760765	150.02857142857118	0.0	0.0009869930423545496
ti|316278	Synechococcus sp. RCC307	2.900448038538436e-05	0.0012641751491258462	675.0	0.0012641751491258462	0.0	2.9004480385384387e-05	0.001270730131380573	678.5	0.0012660480011986253	5.618556218337095e-06
ti|326442	Pseudoalteromonas haloplanktis TAC125	2.7306715108687332e-05	0.0007622507936210658	407.0	0.0007622507936210658	0.0	2.7249818890054124e-05	0.0007254180361897449	387.33333333333337	0.000717302343874369	4.494844974669676e-05
ti|63737	Nostoc punctiforme PCC 73102	2.7166273125231447e-05	0.0021050857298036316	1124.0	0.0021050857298036316	0.0	2.7166270588247857e-05	0.0021032128777308525	1123.0	0.0021032128777308525	0.0
ti|398579	Shewanella pealeana ATCC 700345	2.6989413791255555e-05	0.0016687111968461171	891.0	0.0016687111968461171	0.0	2.698941379129816e-05	0.0016687111968461171	891.0	0.0016687111968461171	0.0
ti|266117	Rubrobacter xylanophilus DSM 9941	2.6233739460985907e-05	0.001545102960042701	825.0	0.001545102960042701	0.0	2.6233739460985907e-05	0.001545102960042701	825.0	0.001545102960042701	0.0
ti|190304	Fusobacterium nucleatum subsp. nucleatum ATCC 25586	2.5556244266350284e-05	0.0004588487578308627	245.0	0.0004569759057580837	1.8728520727790315e-06	2.6278869766004842e-05	0.0005538023579207602	295.70000000000033	0.00026407214226184343	0.0007959621309310884
ti|96561	Desulfococcus oleovorans Hxd3	2.5066322375198175e-05	0.0011686596934141157	624.0	0.0011686596934141157	0.0	2.5066322375198175e-05	0.0011686596934141157	624.0	0.0011686596934141157	0.0
ti|582402	Hirschia baltica ATCC 49814	2.37761258229882e-05	0.0010899999063573964	582.0	0.0010899999063573964	0.0	2.37761258229882e-05	0.0010899999063573964	582.0	0.0010899999063573964	0.0
ti|446468	Nocardiopsis dassonvillei subsp. dassonvillei DSM 43111	2.319017916050608e-05	0.0031014430325220763	1656.0	0.0031014430325220763	0.0	2.3190179158929154e-05	0.0031014430325220763	1656.0	0.0031014430325220763	0.0
ti|272564	Desulfitobacterium hafniense DCB-2	2.3018859526215195e-05	0.0001292267930217532	69.0	0.0001292267930217532	0.0	5.618683593082287e-05	0.0018903320254583138	1009.3333333333394	0.0011630411371957787	0.0018241579188867766
ti|290318	Chlorobium phaeovibrioides DSM 265	2.3012697509349316e-05	0.001374673421419809	734.0	0.001374673421419809	0.0	2.3012697509349316e-05	0.001374673421419809	734.0	0.001374673421419809	0.0
ti|525146	Desulfovibrio desulfuricans subsp. desulfuricans str. ATCC 27774	2.1884597146594602e-05	0.0014664431729859817	783.0	0.0014664431729859817	0.0	2.1884597146593335e-05	0.0014570789126220865	778.0	0.0014570789126220865	0.0
ti|484019	Thermosipho africanus TCF52B	2.1543705746508455e-05	0.0009551545571173061	510.0	0.0009551545571173061	0.0	2.1543705746508455e-05	0.0009551545571173061	510.0	0.0009551545571173061	0.0
ti|1678678	Burkholderia sp. HB1	2.149342843220636e-05	0.001299759338508648	694.0	0.001299759338508648	0.0	2.151311230014921e-05	0.001458015338658476	778.5	0.0014570789126220865	1.8728520727790315e-06
ti|251221	Gloeobacter violaceus PCC 7421	2.1278805145031923e-05	0.002479656144359438	1324.0	0.002479656144359438	0.0	2.1278805145031923e-05	0.002479656144359438	1324.0	0.002479656144359438	0.0
ti|272558	Bacillus halodurans C-125	2.127591068789694e-05	0.0010506700128290367	561.0	0.0010506700128290367	0.0	2.127591068789694e-05	0.0010506700128290367	561.0	0.0010506700128290367	0.0
ti|264198	Ralstonia eutropha JMP134	2.116036193331548e-05	0.0012885222260719737	688.0	0.0012885222260719737	0.0	2.1160361610666006e-05	0.0012885222260719737	688.0	0.0012885222260719737	0.0
ti|319225	Chlorobium luteolum DSM 273	2.0801441397994266e-05	0.0015338658476060267	819.0	0.0015338658476060267	0.0	2.0801441397994266e-05	0.0015338658476060267	819.0	0.0015338658476060267	0.0
ti|269797	Methanosarcina barkeri str. Fusaro	2.037983649664131e-05	0.0008409105806777852	449.0	0.0014552060605493074	0.00022661510080626283	2.039947249687976e-05	0.0008512112670780699	454.5	0.0003858075269924805	0.0013166150071636591
ti|1434109	Methanosarcina barkeri str. Wiesmoor	2.037983649664131e-05	0.0008409105806777852	449.0	0.0014552060605493074	0.00022661510080626283	2.039947249687976e-05	0.0008512112670780699	454.5	0.0003858075269924805	0.0013166150071636591
ti|640512	Burkholderia sp. CCGE1003	2.036851031915068e-05	0.001301632190581427	695.0	0.001301632190581427	0.0	2.0370478371396494e-05	0.001421494723239285	759.0	0.001421494723239285	0.0
ti|390235	Pseudomonas putida W619	2.0228473904748763e-05	0.0026332300143273183	1406.0	0.0026332300143273183	0.0	2.02284741074989e-05	0.0026332300143273183	1406.0	0.0026332300143273183	0.0
ti|186497	Pyrococcus furiosus DSM 3638	1.990298458026847e-05	0.0003071477399357612	164.0	0.0003071477399357612	0.0	9.951494991370328e-06	0.00015638314807704914	83.5	0.0003071477399357612	0.0
ti|399804	Shewanella putrefaciens 200	1.9877279142545595e-05	0.0004007903435747128	214.0	0.0003989174915019337	1.8728520727790315e-06	1.8722781207757484e-05	0.00013671820131286932	73.0	0.00011798968058507899	3.745704145558063e-05
ti|59919	Prochlorococcus marinus subsp. pastoris str. CCMP1986	1.9816812097782513e-05	0.0011930067703602432	637.0	0.0011930067703602432	0.0	1.9816812032415394e-05	0.0011930067703602432	637.0	0.0011930067703602432	0.0
ti|358681	Brevibacillus brevis NBRC 100599	1.911541323121514e-05	0.0007884707226399723	421.0	0.0007884707226399723	0.0	1.911541323121514e-05	0.0007884707226399723	421.0	0.0007884707226399723	0.0
ti|414684	Rhodospirillum centenum SW	1.8013394753875677e-05	0.002676305612001236	1429.0	0.002676305612001236	0.0	1.801339679599053e-05	0.0026950341327290264	1439.0	0.002691288428583468	3.745704145558063e-06
ti|582744	Methylovorus glucosetrophus SIP3-4	1.7025031384905912e-05	0.0009701373736995384	518.0	0.0009701373736995384	0.0	1.655079647618583e-05	0.0009654552435175908	515.5	0.0009701373736995384	0.0
ti|227882	Streptomyces avermitilis MA-4680 = NBRC 14893	1.6963435277367908e-05	0.002067628688348051	1104.0	0.002067628688348051	0.0	1.6962992540122256e-05	0.0020105067001282904	1073.5	0.0019927146054368895	7.491408291116126e-05
ti|357276	Bacteroides dorei	1.6854464984404396e-05	0.0014626974688404237	781.0	0.0014626974688404237	0.0	6.924341719620642e-05	0.002983484566138182	1593.0166666666516	0.0011724053975596738	0.0041202745601138695
ti|357804	Psychromonas ingrahamii 37	1.6637985687891026e-05	0.0007510136811843917	401.0	0.0007510136811843917	0.0	1.6637985687891026e-05	0.0007510136811843917	401.0	0.0007510136811843917	0.0
ti|266835	Mesorhizobium loti MAFF303099	1.657742838099142e-05	0.002140669919186433	1143.0	0.002140669919186433	0.0	1.6467974118683446e-05	0.0021322420848589275	1138.5	0.0021313056588225378	1.8728520727790315e-06
ti|192952	Methanosarcina mazei Go1	1.65659190306603e-05	0.0007435222728932755	397.0	0.0007435222728932755	0.0	6.1516161783281725e-06	0.00021072707238885445	112.5166666666669	0.0	0.0007435222728932755
ti|243164	Dehalococcoides mccartyi 195	1.604188217882573e-05	0.0009738830778450964	520.0	0.0009738830778450964	0.0	1.5013672654043866e-05	0.000776297184166908	414.49999999999966	0.0007435222728932755	9.738830778450964e-05
ti|420246	Geobacillus thermodenitrificans NG80-2	1.5997922821066734e-05	0.0017679723567034058	944.0	0.0017679723567034058	0.0	1.708472940330764e-05	0.0017219440442337944	919.4234126984134	0.0015170101789510155	0.000649879669254324
ti|293826	Alkaliphilus metalliredigens QYMF	1.5497173486011002e-05	0.00148891739785933	795.0	0.00148891739785933	0.0	1.5497173486011002e-05	0.00148891739785933	795.0	0.00148891739785933	0.0
ti|272569	Haloarcula marismortui ATCC 43049	1.5494760226736622e-05	0.0011106012791579657	593.0	0.0011106012791579657	0.0	1.5468809293537836e-05	0.0010793870779449819	576.3333333333334	0.0010581614211201528	5.243985803781288e-05
ti|316273	Xanthomonas campestris pv. vesicatoria str. 85-10	1.5122368528882616e-05	0.0007865978705671933	420.0	0.0007641236456938449	2.247422487334838e-05	9.043207425544592e-06	0.0007201116219835376	384.5	0.0006648624858365562	0.00011049827229396286
ti|1031711	Ralstonia solanacearum Po82	1.4840789205128437e-05	0.0003183848523724354	170.0	0.0003127662961540983	5.618556218337095e-06	1.3083896679141823e-05	0.00037800397668923455	201.83333333333334	0.0003371133731002257	8.240549120227739e-05
ti|197221	Thermosynechococcus elongatus BP-1	1.465313515476402e-05	0.0015188830310237946	811.0	0.0015188830310237946	0.0	1.4652797982984603e-05	0.0015188830310237946	811.0	0.0015188830310237946	0.0
ti|452662	Sphingobium japonicum UT26S	1.4555392985167093e-05	0.0015600857766249333	833.0	0.0015600857766249333	0.0	1.4554277737579151e-05	0.0014979695162110954	799.8333333333334	0.0014907902499321092	1.310996450945322e-05
ti|264730	Pseudomonas savastanoi pv. phaseolicola 1448A	1.437391163432816e-05	0.0028935564524436037	1545.0	0.0028935564524436037	0.0	1.4373977476957368e-05	0.002906666416953057	1552.0	0.002906666416953057	0.0
ti|981222	Chloracidobacterium thermophilum B	1.4208251018171103e-05	0.001189261066214685	635.0	0.001189261066214685	0.0	1.4208251018171103e-05	0.001189261066214685	635.0	0.001189261066214685	0.0
ti|190192	Methanopyrus kandleri AV19	1.4128381205945595e-05	0.0007922164267855303	423.0	0.0007922164267855303	0.0	1.4123865494687336e-05	0.0007538229592935602	402.5	0.0007922164267855303	0.0
ti|207559	Desulfovibrio alaskensis G20	1.3903402144381023e-05	0.0011106012791579657	593.0	0.0011106012791579657	0.0	1.3903402144381023e-05	0.0011106012791579657	593.0	0.0011106012791579657	0.0
ti|339670	Burkholderia ambifaria AMMD	1.3760686151583671e-05	0.0018260307709595557	975.0	0.0017305153152478252	9.551545571173061e-05	1.5022245790133189e-05	0.0038342766710857045	2047.2928571428565	0.003507851932315126	0.0005955669591437321
ti|406425	Burkholderia cenocepacia MC0-3	1.3738101775373834e-05	0.0005094157637958966	272.0	0.00047195872234031595	3.745704145558063e-05	2.703680757477483e-05	0.0025757646698942108	1375.3166666666643	0.0020563915759113766	0.0010825084980662803
ti|316279	Synechococcus sp. CC9902	1.3594054615607092e-05	0.0014645703209132026	782.0	0.0014645703209132026	0.0	1.3594054615607092e-05	0.0014645703209132026	782.0	0.0014645703209132026	0.0
ti|347834	Rhizobium etli CFN 42	1.3281756589973566e-05	0.0009720102257723173	519.0	0.0009701373736995384	1.8728520727790315e-06	9.571890235839333e-06	0.0008830497523153134	471.5	0.0006760995982732304	0.0005019243555047805
ti|438753	Azorhizobium caulinodans ORS 571	1.2612799833700397e-05	0.002500257517160007	1335.0	0.002500257517160007	0.0	1.261297791000964e-05	0.002510246061548162	1340.3333333333333	0.0025058760733783444	5.618556218337095e-06
ti|298653	Frankia sp. EAN1pec	1.2481034677788903e-05	0.0023822678365749282	1272.0	0.0023822678365749282	0.0	1.2481034671472358e-05	0.0023822678365749282	1272.0	0.0023822678365749282	0.0
ti|203119	Ruminiclostridium thermocellum ATCC 27405	1.222892951501419e-05	0.0012098624390152544	646.0	0.0012098624390152544	0.0	3.0593197209693166e-06	0.0003586511719371845	191.5	0.0	0.0011705325454868948
ti|546271	Selenomonas sputigena ATCC 35185	1.1407983190212236e-05	0.0018653606644879154	996.0	0.0018653606644879154	0.0	1.1407983190212192e-05	0.0018653606644879154	996.0	0.0018653606644879154	0.0
ti|425104	Shewanella sediminis HAW-EB3	1.1313451660421332e-05	0.0016462369719727687	879.0	0.0016462369719727687	0.0	1.1313451660421332e-05	0.0016462369719727687	879.0	0.0016462369719727687	0.0
ti|406327	Methanococcus vannielii SB	1.1110128309653564e-05	0.0016424912678272108	877.0	0.0016424912678272108	0.0	1.1110128309653564e-05	0.0016424912678272108	877.0	0.0016424912678272108	0.0
ti|573062	Thermoanaerobacter sp. X513	1.043841791473994e-05	0.0009055239771886618	483.5	0.00011424397643952092	0.0016968039779378026	9.679675480103663e-06	0.000939922026925368	501.86666666666565	0.0	0.0021032128777308525
ti|399726	Thermoanaerobacter sp. X514	1.043841791473994e-05	0.0009055239771886618	483.5	0.00011424397643952092	0.0016968039779378026	9.679675480103663e-06	0.000939922026925368	501.86666666666565	0.0	0.0021032128777308525
ti|879088	Listeria monocytogenes SLCC2378	1.0339967769688074e-05	5.2065287623256955e-05	27.799999999999933	0.0	0.0002603264381162854	2.3452354454132537e-05	0.00026601481461747424	142.03728019092728	0.0	0.003305583908454991
ti|265669	Listeria monocytogenes serotype 4b str. F2365	1.0339967769688074e-05	5.2065287623256955e-05	27.799999999999933	0.0	0.0002603264381162854	2.3452354454132537e-05	0.00026601481461747424	142.03728019092728	0.0	0.003305583908454991
ti|1457188	Listeria monocytogenes WSLC1042	1.0339967769688074e-05	5.2065287623256955e-05	27.799999999999933	0.0	0.0002603264381162854	2.3452354454132537e-05	0.00026601481461747424	142.03728019092728	0.0	0.003305583908454991
ti|1230340	Listeria monocytogenes serotype 4b str. LL195	1.0339967769688074e-05	5.2065287623256955e-05	27.799999999999933	0.0	0.0002603264381162854	2.3452354454132537e-05	0.00026601481461747424	142.03728019092728	0.0	0.003305583908454991
ti|1196161	Listeria monocytogenes serotype 4b str. 81-0861	1.0339967769688074e-05	5.2065287623256955e-05	27.799999999999933	0.0	0.0002603264381162854	2.3452354454132537e-05	0.00026601481461747424	142.03728019092728	0.0	0.003305583908454991
ti|196627	Corynebacterium glutamicum ATCC 13032	1.009984904800707e-05	0.0009376746044380145	500.66666666665566	0.0	0.0028130238133141053	5.425328921662418e-06	0.0005743598822005778	306.6765873015875	0.0	0.0022979894932998717
ti|1310161	Corynebacterium glutamicum MB001	1.009984904800707e-05	0.0009376746044380145	500.66666666665566	0.0	0.0028130238133141053	5.425328921662418e-06	0.0005743598822005778	306.6765873015875	0.0	0.0022979894932998717
ti|1204414	Corynebacterium glutamicum K051	1.009984904800707e-05	0.0009376746044380145	500.66666666665566	0.0	0.0028130238133141053	5.425328921662418e-06	0.0005743598822005778	306.6765873015875	0.0	0.0022979894932998717
ti|167542	Prochlorococcus marinus str. MIT 9515	1.005662596268896e-05	0.001001975858936782	535.0	0.001001975858936782	0.0	1.0056626028056061e-05	0.001001975858936782	535.0	0.001001975858936782	0.0
ti|166314	Synechococcus sp. WH 8109	1.0003115686109759e-05	0.0006255325923081966	334.0	0.0006255325923081966	0.0	1.000246312324651e-05	0.0006086769236531852	325.0	0.0006086769236531852	0.0
ti|395492	Rhizobium leguminosarum bv. trifolii WSM2304	9.649942129232888e-06	0.0008352920244594481	446.0	0.0008352920244594481	0.0	9.720955551806824e-06	0.0011330755040313142	605.0	0.0011330755040313142	0.0
ti|485916	Desulfotomaculum acetoxidans DSM 771	9.639189278383684e-06	0.001543230107969922	824.0	0.001543230107969922	0.0	9.639189278383684e-06	0.001543230107969922	824.0	0.001543230107969922	0.0
ti|247156	Nocardia farcinica IFM 10152	9.631716098641856e-06	0.0018691063686334735	998.0	0.0018691063686334735	0.0	8.240423767071774e-06	0.001539484403824364	822.0	0.0017361338714661622	0.00013297249716731125
ti|167539	Prochlorococcus marinus subsp. marinus str. CCMP1375	9.570080420129437e-06	0.0010001030068640029	534.0	0.0010001030068640029	0.0	9.570080420129437e-06	0.0010001030068640029	534.0	0.0010001030068640029	0.0
ti|305	Ralstonia solanacearum	9.458714468529544e-06	0.0005056700596503385	270.0	0.0004345016808847353	7.11683787656032e-05	0.00013224876975977706	0.0009083332552978297	484.9999999999997	0.0006386425568176497	0.0006330240005993126
ti|525897	Desulfomicrobium baculatum DSM 4028	9.124202709265827e-06	0.0007566322374027288	404.0	0.0007566322374027288	0.0	9.124202709265827e-06	0.0007566322374027288	404.0	0.0007566322374027288	0.0
ti|455632	Streptomyces griseus subsp. griseus NBRC 13350	9.029078653008136e-06	0.004918109543117737	2626.0	0.004918109543117737	0.0	8.832161993008113e-06	0.0030254364525684613	1615.416666666667	0.0028785736358613715	0.000295910627499087
ti|637905	Shewanella violacea DSS12	8.994421747132418e-06	0.0004869415389225482	260.0	0.0004869415389225482	0.0	8.994421747132418e-06	0.0004869415389225482	260.0	0.0004869415389225482	0.0
ti|611301	Xanthomonas citri subsp. citri	8.737464262158009e-06	0.0018485049958329041	987.0	0.0	0.0018485049958329041	6.210752153762008e-06	0.000220996544587925	117.9999999999996	0.0	0.0015282472913876897
